id,review,rating,date,bank,source
aa922d75-c4b1-4df0-86ba-1a87397f6104,Whynot be fast?and be open fast,5,2026-05-16,CBE,Google Play Store
f75273d1-e02c-45b7-b399-6bfae8ae4956,excellent,4,2026-05-16,CBE,Google Play Store
7bc6523d-d7df-41fa-8af4-cdc2de34efa2,CBE One of the best in Ethiopia bink,4,2026-05-15,CBE,Google Play Store
7d23d03e-3ffc-47ce-83aa-77ce2c009417,good 👍,5,2026-05-13,CBE,Google Play Store
289e3376-e37b-4e1e-93fa-3613b53ca84a,fast & safe banking changes your carrier .!,5,2026-05-10,CBE,Google Play Store
fbc1d2ea-0628-4f43-88a4-c38e9a6e0181,ያሎቶሪ ጨዋታ ለመጫወት አገልግሎት እየሰጠ አይይ,4,2026-05-09,CBE,Google Play Store
2733695e-627f-4cfa-9141-24a5ebc17361,CBEBirr is a helpful financial app. And its diverse payment opportunities make it preferable. I would like to appreciates Commercial Bank of Ethiopia. Keep goings through our country financial service reform.,5,2026-05-08,CBE,Google Play Store
1f851490-6165-4551-8c62-f84a82930137,this app not opened in my android whats problem,5,2026-05-08,CBE,Google Play Store
93ea66d4-b8d5-4193-8db8-25f63fb9964e,good,4,2026-05-07,CBE,Google Play Store
d157c6df-b92a-4c91-b5d3-24acdabf0f96,"it is a nice app but currently don't linking CBE account to CBEbirr, please solve this",5,2026-05-07,CBE,Google Play Store
9f901e68-d3c9-4311-9fa7-8edb1fd03dc2,nice!!!,5,2026-05-07,CBE,Google Play Store
50a6e329-263e-494d-89f2-29219c88c548,good 👍 👍 👍,4,2026-05-06,CBE,Google Play Store
0ced999d-1ad2-4756-8e24-af383c14a170,አሪፍ በጣም ጥሩ,5,2026-05-06,CBE,Google Play Store
e1079db3-293b-4a51-bed7-756e669b5095,this app is good and easy to use,5,2026-05-05,CBE,Google Play Store
a457da11-00ad-4c1a-8b39-835f2a080ea5,oky,5,2026-05-05,CBE,Google Play Store
b2eb01c3-7c7f-446b-b088-24e0b6b9483b,best,5,2026-05-04,CBE,Google Play Store
22860991-aa83-4a5c-8ee3-fd8f83e0736c,"Betam arif nw service fee, disaster minamin fee temetatagn nw Ke cbe mobile banking yishalal. Tetekemu Arif app nw.",4,2026-05-02,CBE,Google Play Store
62db015e-a658-40e6-876f-d7bf19da3880,Best,5,2026-05-01,CBE,Google Play Store
2d7d823b-0786-4fd6-a6eb-303a1c902d9b,easy,5,2026-05-01,CBE,Google Play Store
8662d1e6-8c4a-461e-8e3f-4bcca4caab54,long age bank of cbe and Im happy chstemee service,5,2026-04-30,CBE,Google Play Store
908c4a14-9f11-48e0-9a95-cf3ab71d4ae6,it is very good application,5,2026-04-29,CBE,Google Play Store
6c741744-0560-424a-bb75-b7c06968d0ba,👍,5,2026-04-26,CBE,Google Play Store
29dd03c1-786b-4aac-a895-477c581aa7c8,very good apps,5,2026-04-25,CBE,Google Play Store
cf3eb530-7269-4168-bbdf-83502dd75d93,wow! very good and easy to use app.,5,2026-04-25,CBE,Google Play Store
cab51000-2fb3-4311-ae34-75620280c58f,best of all,5,2026-04-25,CBE,Google Play Store
33f52a16-dcec-4d52-8e88-3282d1f99a66,good,4,2026-04-22,CBE,Google Play Store
d6ec6902-ae8b-4bda-987b-1b6fb866639d,Aliyi Ali Ibro cbe plus loan confirm,2,2026-04-22,CBE,Google Play Store
c7665c97-fad0-4c99-829d-f2e1e9643a75,best applications Very important the fast work,5,2026-04-20,CBE,Google Play Store
bc889e73-07c1-42b3-a1b4-353decaa8ef6,Wow it is good app,2,2026-04-19,CBE,Google Play Store
49ae65d5-8d51-4b6d-9a64-d0d6697f53f8,yegarmal abel,5,2026-04-19,CBE,Google Play Store
b53144b6-8219-4d72-a165-1286aaa74826,best app,5,2026-04-18,CBE,Google Play Store
a579b541-b7e6-4582-a67a-b527ae7baf2d,good application of money transfere,5,2026-04-18,CBE,Google Play Store
ea37ab06-1a68-4367-a18e-61283c6018b8,good app,5,2026-04-14,CBE,Google Play Store
153f61d3-95fb-4faf-94b5-eef230b9dfa4,"very easy to run, less effort. more important application",5,2026-04-14,CBE,Google Play Store
95f70e13-1d93-4124-b4b0-6d815747f5a3,Please don't waste your time by downloading and using this bad app. To tell you the Truth the CBE assured as they are very far from new technology. I think they developed this App simply to waste the public money by paying huge for software develope,1,2026-04-13,CBE,Google Play Store
96b48911-808b-4509-95f7-73e9d8999972,CBE Birr is the best banking app.,5,2026-04-12,CBE,Google Play Store
c0502c49-a6a0-4aac-aef4-e711ab0b513a,this apps is greatest gift for who wants this serives,5,2026-04-11,CBE,Google Play Store
85ea6237-b4a0-4b8f-abbc-bd157e91330e,it doesn't works for me,5,2026-04-11,CBE,Google Play Store
c9921eec-9135-47a8-80ef-448b702ac711,Vary fast,5,2026-04-08,CBE,Google Play Store
c9885565-934f-4857-b3a1-620136f81c62,"Baay’ee gaarii dha. Haala gaarii ta’een hojjata, tola osoo ta’ee irra caalaa midhaaga. Baadiyaatti intarneetiin ala hin hojjatu waan ta’eef. Galatoomaa!",5,2026-04-07,CBE,Google Play Store
7e4f795c-e713-4764-a205-c849f3fbb6fc,it's very fast,5,2026-04-07,CBE,Google Play Store
1b5deb2f-583b-450b-8fe7-75417a514a27,"you can't pull money AND also transfer to other wallets. It says ""customer not found"" when you enter the receiver's number",2,2026-04-06,CBE,Google Play Store
417e9efe-2f7b-4d76-85e8-b26a977bf0ef,convinant and secure available for both app version and USSD ay the same time,5,2026-04-06,CBE,Google Play Store
512b1599-5890-469c-bbd4-c4c33005d3ac,best app,5,2026-04-06,CBE,Google Play Store
b7459359-30f6-40d5-8b11-05ed231a5a45,linked account isn't working please fix it,4,2026-04-05,CBE,Google Play Store
b378439a-be9a-4157-9a0c-45d987764c3c,nice,5,2026-04-05,CBE,Google Play Store
6490a3e0-1adb-4d98-97c9-ce5a2b48dfac,best app,5,2026-04-04,CBE,Google Play Store
1d0d24e3-701f-4a05-9d39-424dabae30db,"this app is very useful,I mean it's very good ..",4,2026-04-03,CBE,Google Play Store
8ab685e8-0f79-4fd2-be91-cde2c1416ff6,its so good,5,2026-04-03,CBE,Google Play Store
711eb059-3cbd-4ec3-838a-91a7b88a47ea,Best,5,2026-04-02,CBE,Google Play Store
6d3d441d-0414-4aa4-b287-37e9712a8a53,very good,5,2026-04-01,CBE,Google Play Store
b17ac94c-9b1d-4d52-86e2-d4d4de7e6c45,i like it,5,2026-04-01,CBE,Google Play Store
0e882d7a-4c05-4017-90d8-45ca65dbb871,thank it is good app,5,2026-04-01,CBE,Google Play Store
be8571d6-0e6c-4fff-89d0-ebd88dab458b,very nice app. thanks,5,2026-04-01,CBE,Google Play Store
bc632ce1-fa3d-4378-b207-6a942d583090,"so easy, you should do the same to the CBE mobile banking app too",5,2026-04-01,CBE,Google Play Store
b2e930b4-9205-4531-81d3-ae4eafe35166,whattp,5,2026-03-31,CBE,Google Play Store
aeb76580-261f-4542-bc7e-50be66c0b79b,The Commercial Bank of Ethiopia is a very ugly and shameful institution that should not be mentioned in Ethiopia. እጅግ በጣም አስቀያሚ እና አሳፋሪ በኢትዮጵያ ስም መጠራት የሌለበት ነው የኢትዮጵያ ንግድ ባንክ,1,2026-03-31,CBE,Google Play Store
0efe1c1e-9438-41cc-9920-9fa39109fa3b,good,5,2026-03-31,CBE,Google Play Store
fb8b0208-bfbc-43f3-aacf-e9a49afbf043,not goos,3,2026-03-31,CBE,Google Play Store
1146e381-ebdc-4b5f-a5e3-cdd4fe31a512,"The CBEBirr Plus app (often referred to as CBEplus) marks a significant shift from the traditional USSD-based banking (*847#) to a data-driven, internet-based mobile experience. Based on the current 2026 landscape for Commercial Bank of Ethiopia (CBE) digital services, here is a breakdown of what the experience typically looks like for a professional user managing both personal and administrative finances.",5,2026-03-31,CBE,Google Play Store
19685ea5-0589-4219-9a29-9bf7d8733a3a,Perfect and easy to use.,5,2026-03-30,CBE,Google Play Store
6ce24ccb-711e-4577-a0d9-41c7253d5297,good hhh,5,2026-03-30,CBE,Google Play Store
eb0cba51-e449-4025-97fb-627d2fa6d2a1,it is good app,4,2026-03-30,CBE,Google Play Store
85dfae71-8e78-4d2b-90d0-401956f45b2e,That is getting a head of!!!,5,2026-03-30,CBE,Google Play Store
2b5f6bd7-e18f-4f40-84dd-a964094a9b24,I am satisfied. Thank you.,5,2026-03-30,CBE,Google Play Store
d0dee1d1-c1ea-4564-90f8-8ef305a800d0,wow,5,2026-03-30,CBE,Google Play Store
6c057fea-5bc9-4587-88ee-f1f8455769e6,very good app,5,2026-03-30,CBE,Google Play Store
f68553e2-6d37-4e8a-9eb6-998ea106ba2a,at resent time those application doesn't work properly always crushed out ana ask update continuesly,1,2026-03-30,CBE,Google Play Store
ccd4f2e6-8204-452f-8b53-8299cb0e6372,good,5,2026-03-30,CBE,Google Play Store
876e4435-ecd0-487f-a8ae-be955873a583,nic,5,2026-03-30,CBE,Google Play Store
8116bdf8-3589-47c6-b2f7-cd3d013aae8c,very Nic,5,2026-03-30,CBE,Google Play Store
b62b0cac-cc87-4786-9ce6-20b6eaa1972b,👍👍good app,5,2026-03-30,CBE,Google Play Store
e6fc5bbf-a15c-459b-9ab6-31fa837a39b0,so far so good,5,2026-03-30,CBE,Google Play Store
42a51e29-cdbf-40c1-a993-ac2b9ad6f00c,nice upp,5,2026-03-30,CBE,Google Play Store
ca020837-0de6-40f4-a2c7-b38235624d8c,good,5,2026-03-30,CBE,Google Play Store
b6dcd85f-4cdc-4e11-b922-8cdcb5ba5d8c,ende telebirr yaledata bisera arif neber,4,2026-03-30,CBE,Google Play Store
534a4354-64d1-4d2f-bd24-9688a09e8dbe,bussinues,5,2026-03-30,CBE,Google Play Store
308b2743-6ab8-4287-a91a-c148b228de90,"User-friendly, fast, and reliable.",5,2026-03-30,CBE,Google Play Store
d00b1cbb-0045-4982-bce5-ec2407f8599a,good,5,2026-03-30,CBE,Google Play Store
f686e438-1f5d-460f-81aa-7f85ddb189de,nice,5,2026-03-30,CBE,Google Play Store
e0601b4b-eee8-49a7-9fff-719feceac872,it is ok! given the network ups and down like in others too,5,2026-03-30,CBE,Google Play Store
b21d53c5-14d7-4388-8868-ec62f6e0674e,Amazing!!!🥰🥰🥰,5,2026-03-30,CBE,Google Play Store
896a23cf-259a-4a7d-a93b-1570e8db8588,ok,2,2026-03-30,CBE,Google Play Store
7835313e-e21a-4142-af13-b11b5708f15c,good application,5,2026-03-30,CBE,Google Play Store
910f2cce-6e39-402e-983e-d0e590dfa088,I Love CBE Birr. Keep up the Good Work. Loyal to CBE,5,2026-03-30,CBE,Google Play Store
717dcf16-7b92-4113-a215-cfae6cc91443,good,5,2026-03-30,CBE,Google Play Store
b3e8d143-756d-4230-86e2-34a3376d6f56,"Nice and very useful finance app, so far I have seen.",4,2026-03-30,CBE,Google Play Store
a7fa3635-7b60-4717-ae36-63474aa5bf91,thank you,3,2026-03-28,CBE,Google Play Store
476e60a2-a621-4436-bd90-e4434b0eca31,best apps,5,2026-03-27,CBE,Google Play Store
64b05c1e-ab11-45cc-9d89-92628c463615,best,5,2026-03-26,CBE,Google Play Store
cc644823-ed5c-4564-89f6-4e3b35103c7f,not work,1,2026-03-25,CBE,Google Play Store
0f922551-3f8b-4307-926f-fbe074103185,Amezing,5,2026-03-25,CBE,Google Play Store
37cd3a02-157a-40f8-8159-a9bba80bff41,pasward rong eyale aschegeregne,5,2026-03-24,CBE,Google Play Store
82fb1435-2c60-46f5-83c7-19bc80b88ca7,"After l uninstalled and re installed the app could work,saying that ""clear up data and close""",2,2026-03-24,CBE,Google Play Store
3993c174-594a-4368-820a-268cdf6f06d7,excellent,5,2026-03-24,CBE,Google Play Store
158e2e1b-68ff-4b04-9208-1361d0335b25,The app is very easy to use !!,5,2026-03-23,CBE,Google Play Store
459d398c-4644-4b98-a80c-638546ff50ec,best app,5,2026-03-22,CBE,Google Play Store
570876e9-6098-4cbf-9ca5-ceaa31f9543c,good,5,2026-03-20,CBE,Google Play Store
ff0083fd-476e-4b87-bcf2-7f0c7fb43eec,"it was working perfectly well, but the updated version is so buggy. it makes my whole phone stuck everytime",2,2026-03-20,CBE,Google Play Store
3851eb9e-3f3b-43ce-8101-9c95812bcd6c,good,1,2026-03-20,CBE,Google Play Store
14246f92-0c33-4f94-bcc9-06285dc3e0b3,good service,5,2026-03-16,CBE,Google Play Store
a85b9751-dbfc-4bc3-a347-d06795c3cf0e,help me,5,2026-03-16,CBE,Google Play Store
670ca6e6-42d2-48ba-8fe5-6fc554a0a988,Najii biyaa,5,2026-03-15,CBE,Google Play Store
413f00b7-a2a8-4c0c-a49d-3d8a68453722,good,5,2026-03-12,CBE,Google Play Store
ebc36baf-b921-496a-9263-e2652396648f,"It is a best alternative wallet but Please kindly allow to switch between accounts of the same person in a phone. Currently, users have to uninstall the app to switch to another cbebirr number.",4,2026-03-12,CBE,Google Play Store
1a0ac64c-c86f-4ed9-b5fa-7a7cee4bf012,Fine,5,2026-03-11,CBE,Google Play Store
2507415a-55c1-405c-ab5f-380a91a1fd1e,good,2,2026-03-11,CBE,Google Play Store
fe96d3fb-0826-4f00-8b48-56c241e3aa20,my father has used this app to solve our financial hardship,5,2026-03-09,CBE,Google Play Store
5e687c93-4d23-4967-8227-c9d14b7d42b1,this app is incredible its good and simple to use,5,2026-03-08,CBE,Google Play Store
ca31b8c5-3c85-4280-8a2b-d0c2056dc702,It’s a very nice and easy-to-use application.,5,2026-03-08,CBE,Google Play Store
a3047e41-62c1-4bc4-8f80-70b2ce978c4b,bons,5,2026-03-08,CBE,Google Play Store
25c8eddb-9549-4598-9fd8-2e8706a29af0,ok,5,2026-03-07,CBE,Google Play Store
466a759d-21e8-47de-ba6c-37ef34ab2f9e,ok,5,2026-03-07,CBE,Google Play Store
169eb0a7-784e-4bff-bb8b-20fdf35c0efd,good,5,2026-03-07,CBE,Google Play Store
eb074286-7ee2-4a28-95d1-5a7aec1015bd,excellent application,1,2026-03-06,CBE,Google Play Store
357d473e-5032-4994-af3b-51966285b6d0,I have good experience,5,2026-03-06,CBE,Google Play Store
9f0aeff9-5bb1-411e-afc3-295275fe0b4f,"The ""Short & Punchy"" version: ""CBE Birr Plus is absolute lightning. It’s rare to find an app that’s this seamless and efficient!"" The ""Professional"" version: ""I’m thoroughly impressed by the high-speed performance and reliability of CBE Birr Plus. It has completely streamlined my daily transactions."" The ""Tech-Lover"" version: ""The optimization on CBE Birr Plus is top-tier. It’s incredibly responsive and handles complex tasks with zero lag.""",5,2026-03-06,CBE,Google Play Store
13114af4-0275-4b56-970e-6108181417b0,Horrible experience,1,2026-02-27,CBE,Google Play Store
9e0febf6-c1ac-4f67-8cac-71d569907029,guyyaa,5,2026-02-27,CBE,Google Play Store
1228c904-906c-4353-a394-fa2f4066c28a,Well expriences,5,2026-02-23,CBE,Google Play Store
0f1ee56f-7b5f-4337-ac40-42a7351ac901,What a Lovely Platform!!,5,2026-02-22,CBE,Google Play Store
b2a96d81-a7eb-40b0-aa9a-fd47472ef709,woow,1,2026-02-20,CBE,Google Play Store
65789ad6-2e9c-4a83-b40d-9dbc732833db,I like this app because,3,2026-02-19,CBE,Google Play Store
d9956b98-3ff1-4d10-8981-f53645beb3bf,Good,5,2026-02-19,CBE,Google Play Store
5ad44f28-9a07-4590-b7c1-863de107fed9,ok,1,2026-02-17,CBE,Google Play Store
d21dbdfc-fa98-4ef5-94d9-7d1198c2dc08,for online teaching,5,2026-02-17,CBE,Google Play Store
d7e9cd45-dd90-4e61-933f-171dc9ccf837,Gammachuu Fiqaaduu,5,2026-02-15,CBE,Google Play Store
42a21dce-cef4-4eda-b432-e13ab5b1b849,it is not work,1,2026-02-15,CBE,Google Play Store
167ee092-1a38-4673-80ed-9e9d2576076f,nice bank,5,2026-02-15,CBE,Google Play Store
16d6400c-8ea3-4bb9-87ed-a7ecd7e4bd5d,ok,5,2026-02-14,CBE,Google Play Store
5da51e49-4c22-401c-b848-8f8d4b6e927f,Best app 👌,5,2026-02-13,CBE,Google Play Store
86aa887b-bd41-4f62-baa4-3295027cc161,Not login app,5,2026-02-13,CBE,Google Play Store
869f9317-a234-4d84-8483-915411412627,my great App means CBEBirr plus 10q u🙏,5,2026-02-13,CBE,Google Play Store
0ea1d113-c29d-4a7e-a861-bb1d666e29af,good app,2,2026-02-12,CBE,Google Play Store
a6744485-6345-459c-85e2-a8e818499eed,very good to promote and support,5,2026-02-11,CBE,Google Play Store
bcad176e-254d-4fff-99e2-e3d3c4a5fe9f,"you send me a 6 digit otp then you showed me a 4 digit otp input, what about the 2 digits left?",1,2026-02-10,CBE,Google Play Store
9da4b3a8-3108-4b83-bb24-551ec2b7c560,their app good ideas thanks,5,2026-02-10,CBE,Google Play Store
4b7576cd-a780-46e6-affa-7200043bd210,"Currently the linked cbe account, airtime package purchasing,.. not working",2,2026-02-09,CBE,Google Play Store
a2b659a2-b71a-4a17-9c1d-0988964feb90,"Nice interface, easy to use, but not working properly, suddenly closes and keep crashing, please work on that if you can!",3,2026-02-07,CBE,Google Play Store
ee607b90-b351-47d3-b947-a7ae8003e931,CBA app is good application for enjoying your business,5,2026-02-07,CBE,Google Play Store
ac050fd9-ab30-40a0-a445-4b8aacc97c83,better app,5,2026-02-07,CBE,Google Play Store
21d4688a-85b5-44b8-b8dc-1df64e2772c4,Not working after Update on Camon 40pro(Android 15). crashed app,1,2026-02-07,CBE,Google Play Store
f62a309f-dd9b-450a-aa22-ed8e8b51c58e,Good app,2,2026-02-06,CBE,Google Play Store
1fb10aa3-0b26-4071-8c5b-57f548a09f53,10 rears,1,2026-02-06,CBE,Google Play Store
44942575-fef8-431a-a88d-705305544ec5,It is a good app.,5,2026-02-06,CBE,Google Play Store
5be2ff47-561e-48a4-8b6d-d1d57b25fb7b,l am new for the app,5,2026-02-06,CBE,Google Play Store
6426f352-ffd1-484a-a202-13862318871d,its not work. say security alert,1,2026-02-05,CBE,Google Play Store
8d907802-2dd0-46fd-90c4-d354bee2e06c,this so smart app,5,2026-02-03,CBE,Google Play Store
e8f2f82f-eae6-496f-8d95-81304e8e4c5b,best app,5,2026-02-03,CBE,Google Play Store
d6e2da78-d86f-4fde-9368-154f557d1161,The newly added feature link acc. is not functional after I use for a few days and when we transfer CBE to Cbe birr due to unawareness of rules we lost money that transfer above the limit temporarily that brings us a delayed services and to fix the issue it takes time with fatigue.,4,2026-02-03,CBE,Google Play Store
c16472ae-ea38-41e2-b028-02699418cc25,block na jalaa ta.e maal furmaani isa?,4,2026-02-02,CBE,Google Play Store
36f394dd-71ac-45f7-8ff3-35e0ae29f083,best apps,5,2026-02-01,CBE,Google Play Store
4677dcef-6ca0-495b-8d6d-e37e2abc79fb,cbe,5,2026-01-31,CBE,Google Play Store
9901c288-9960-4406-8cd0-42ff77dc12b4,cbe birr yleyal 🫶,5,2026-01-30,CBE,Google Play Store
1ef1aec1-411b-4ebc-b5d7-191409c7e89b,👍👍👍,5,2026-01-30,CBE,Google Play Store
ecad26cc-2ac2-4c74-a288-16a69b9c1443,good,5,2026-01-27,CBE,Google Play Store
5bd6438d-2768-4513-b29a-07655fc985e2,It's Very interesting and valuable app,5,2026-01-27,CBE,Google Play Store
fc863542-01d2-4a4e-bc30-afce5d354ebb,can not properly work in my phone,5,2026-01-22,CBE,Google Play Store
66e689c4-aad8-4d96-b60e-e677875f62db,Perfect but no loan started yet.,3,2026-01-18,CBE,Google Play Store
d37f2c3f-332c-4dc8-8492-99e8384a74f1,good,5,2026-01-18,CBE,Google Play Store
9d55cea0-93d3-43f0-91ce-96e60eec0b8e,good,5,2026-01-16,CBE,Google Play Store
a51eed5e-8b45-42d1-b3b9-7394abac660d,The worst 👎 application I ever seen very inconvenience in all.,1,2026-01-15,CBE,Google Play Store
92422152-1f7a-494c-9891-7b0afeefc9b8,Nice app,5,2026-01-15,CBE,Google Play Store
2c551ba2-0b2b-46ad-931c-71011d1931ec,jatani boru huka,3,2026-01-14,CBE,Google Play Store
11365996-7aac-43fd-a428-a487d9ea8da3,easy to use the app,4,2026-01-13,CBE,Google Play Store
8ee83b17-ef70-4b74-9318-5dcf172049fa,good,5,2026-01-10,CBE,Google Play Store
6d7b0707-017a-47ca-8ce8-495d878a4e26,didn't work,4,2026-01-10,CBE,Google Play Store
b17abf3a-2728-40a7-ba60-76a7ca48ba12,nice to see you my app,5,2026-01-09,CBE,Google Play Store
52cc7612-718e-47b9-b6cc-bbb567222a9f,thak,5,2026-01-09,CBE,Google Play Store
a0808f55-df6d-4234-bec5-c48566680f65,nice,5,2026-01-09,CBE,Google Play Store
9f0faf9d-4556-4023-a8b3-2917ff076aee,CBE Birr banking,3,2026-01-08,CBE,Google Play Store
77f6d9c6-e565-45c7-84d1-d9a402fb2e9e,good application for my transaction online.,5,2026-01-07,CBE,Google Play Store
fcc5e4f8-82a3-4d20-9d57-dbf658296473,I want,5,2026-01-07,CBE,Google Play Store
9ac95cf3-fa65-4376-b24e-62091cd67d0b,it is very good app,5,2026-01-06,CBE,Google Play Store
479db795-09d8-4bbf-9109-9ec7e72d6b86,Ok,5,2026-01-06,CBE,Google Play Store
bf73a325-42ea-47b7-985f-12f122f21d44,interesting,5,2026-01-06,CBE,Google Play Store
7d2da157-796d-44a1-9f06-12dfcda8aa33,smart app,5,2026-01-06,CBE,Google Play Store
aea381e9-0ddc-44c8-92a6-1dcea01ce031,good,5,2026-01-06,CBE,Google Play Store
5266a42f-f829-4266-8b42-892936a7fe3e,very good application,5,2026-01-06,CBE,Google Play Store
c1f6f5d9-8b6f-4578-acce-967ab9477cc2,"amazing app, appriciete it, easy to use, latest technology and advanced technology used app helpful and useful app more significant app more creative App the Biggest on the world app very very very interesting and amazing app",5,2026-01-06,CBE,Google Play Store
193e5032-6f89-4b06-ad1d-677d1543c2f1,so good,5,2026-01-05,CBE,Google Play Store
d9bd44f7-6d8a-4fa4-9701-a6f2eb19b553,good rates,4,2026-01-05,CBE,Google Play Store
7eee3a4c-1a36-4f2f-b256-c5c13095b5cb,why appes not for used me,1,2026-01-04,CBE,Google Play Store
90c187ff-3da7-4637-bd0a-1ca853cd9b08,wali,5,2026-01-03,CBE,Google Play Store
7d68de05-5ddf-40ba-a6f7-d82f015beb9e,👊👍,5,2026-01-03,CBE,Google Play Store
96ecdf9f-577d-4ea6-aebb-4b4a1a67aaf9,በጣም ጠቃሚ አሰራር ነው ።በተለይ ለማንገስት ሠራተኞች የተዘጋጀው ብድር,5,2026-01-01,CBE,Google Play Store
62901105-8261-42ed-b8e4-0f13d2751492,thank you🙏,5,2026-01-01,CBE,Google Play Store
0f6557bb-a2ec-4d86-ada0-20b4db25d4c2,ok,5,2025-12-31,CBE,Google Play Store
b7139c7a-10a0-477b-9969-bafaff0fe0ae,fixed problem,5,2025-12-31,CBE,Google Play Store
17848279-8875-4288-aff1-b89d7825b003,to use easy safe amaizing app thanks cbe,5,2025-12-30,CBE,Google Play Store
d262c879-96f2-4dcf-b973-27ce2b572cf7,love,5,2025-12-29,CBE,Google Play Store
65d18771-2cb4-4369-bd7b-ea9cdea3ea6b,Please ! assume as the the custumers satisfactions 😂,4,2025-12-28,CBE,Google Play Store
c4fef791-4051-48a4-8153-44f132f5daf7,fixed,5,2025-12-28,CBE,Google Play Store
92e1cdab-a320-4b73-b6ff-833a55cb331b,good app ! update it!,5,2025-12-28,CBE,Google Play Store
023ceec9-0626-49ca-93f9-64e7e6e19938,wow,5,2025-12-26,CBE,Google Play Store
bbc7827a-aac7-4003-b786-331c162ab2b6,no digital awrad through this app,3,2025-12-25,CBE,Google Play Store
057b31cf-407f-467b-a991-3bf997171fcd,best,5,2025-12-25,CBE,Google Play Store
ac321c29-b3ba-45fc-ad68-a408d307ed9c,የዘመናችን ምርጡ አፕሊኬሽን እናመሰግናለን CBE we proud of you!,5,2025-12-24,CBE,Google Play Store
1a938904-9391-4640-abea-b951ae2a61a8,I want useful this app,5,2025-12-24,CBE,Google Play Store
04f345c9-483f-405b-ac25-74ddaaec3217,good,5,2025-12-22,CBE,Google Play Store
743ee5a4-ae00-47df-aac8-bfa5a3ecf10f,wow cbe birr plus!,5,2025-12-16,CBE,Google Play Store
a72cba97-f6a5-44c3-894d-5cde5394876a,"v, good",5,2025-12-16,CBE,Google Play Store
587764a4-abdc-4657-b609-5808a5ceeaff,ምርጥ,5,2025-12-15,CBE,Google Play Store
b415af03-fe1c-4ddd-8eb1-c220b38ce6b5,very simple and fast app,5,2025-12-15,CBE,Google Play Store
a2315519-2dc6-4155-998d-80655196e6a9,Good,4,2025-12-14,CBE,Google Play Store
7261d4e9-334e-4df1-9795-af46dac959cc,SUBSCRIBE,4,2025-12-14,CBE,Google Play Store
7b2c8134-23b0-420f-8b7e-26ec2b1bdb98,It's a good app!,4,2025-12-13,CBE,Google Play Store
efcb1d50-b2ad-4225-8ee7-ff0de94f056b,Best app and very easy to use,5,2025-12-12,CBE,Google Play Store
2711f037-0dec-4305-a2c3-c4a91f4e14d8,micro saving ena micro loan le hulum ethiopiawi sesera I will rate full stars,1,2025-12-12,CBE,Google Play Store
61c0ef56-34eb-4fbd-a64b-da64a0f8f739,Great app but Please update transaction limit ???,4,2025-12-12,CBE,Google Play Store
1fc5c4f0-e3d6-4557-9e7f-92e27882caf5,review more public and include Account and devices info,5,2025-12-11,CBE,Google Play Store
e7157c74-2a00-41d3-a01c-3891c2482a56,Nice,5,2025-12-11,CBE,Google Play Store
7808a7e4-1316-478d-bf71-eb44253f7519,Good,5,2025-12-11,CBE,Google Play Store
69d84917-6d0c-4049-8ef1-1aaba4275b9d,wow,5,2025-12-11,CBE,Google Play Store
25227c6d-58bf-432e-845c-421c1eb10a68,ok,5,2025-12-10,CBE,Google Play Store
7470ae80-9116-42d5-9798-a8ad0ad7430d,it doesn't work,1,2025-12-10,CBE,Google Play Store
8ac57e69-66fb-4e82-936b-976565877f50,"Why is there a mandatory upgrade everytime I open the app, sometimes twice per day. Is it only me??",2,2025-12-10,CBE,Google Play Store
0bff4ead-7588-41e5-a0c8-03bff2c78212,👍,5,2025-12-10,CBE,Google Play Store
2d8a7bc5-2b4b-480c-8386-8b8fdcb094ad,it is good app,5,2025-12-10,CBE,Google Play Store
d01ca3fe-fe42-4f56-a867-6233d4cff0d4,I never ever seen this type of fast and free application,5,2025-12-10,CBE,Google Play Store
c648b500-ad14-4fda-ad8c-7d0a010a0234,Alloshee xilloo,5,2025-12-09,CBE,Google Play Store
46cd3698-66b9-4d4e-9a34-23f99e1252e8,አሪፍ ነዉ በጣም። ነገር ግን በአሻራ ብቻ ለምን ቀጥታ መክፈል አንችለም የግድ Pin ሁሌ ለምን እናስገባለን። በተለይ አብዝተን ለምንጠቀም በጣም ያደክማል። ሰዉ ተስማምቶ ስለሚጠቀመዉ Please በአሻራ ብቻ Login እናድርግ ክፍያም እንፈፅም ዘንድ Update አድርጉት??,3,2025-12-09,CBE,Google Play Store
eb14e479-1dd3-4a2d-b414-8a84e2415f9b,it is fast,3,2025-12-09,CBE,Google Play Store
89e2ee05-666f-4f99-8c20-b25494e6d93b,አፕሊኬሽኑ አይሰራም //security alert//,1,2025-12-08,CBE,Google Play Store
7a5e808f-d9a5-4f7e-addd-06e53dba4985,it's Fantastic app.,5,2025-12-07,CBE,Google Play Store
4fb235d1-e925-4373-bc33-a8b3e6e112c1,apps open free,5,2025-12-07,CBE,Google Play Store
76b626eb-8d61-41c4-beb9-1d433703b73c,It's fast and enjoyable,4,2025-12-07,CBE,Google Play Store
7b50b6bd-c406-44b3-8111-b9d9bebb6d03,OTP (Message sending problem ) አለ እሱን አስተካክሉልን,3,2025-12-07,CBE,Google Play Store
0f55329f-4004-449c-b7cb-eece9871f385,best app,5,2025-12-06,CBE,Google Play Store
ec21d359-7c7c-4a04-b277-5a2857ad3df3,"Security Alert This device appears to be rooted, jailbroken, or has developer options enabled. For security reasons, this app cannot run on modified devices. Developer mode enabled C Clearing Data...Security Alert This device appears to be rooted, jailbroken, or has developer options enabled. For security reasons, this app cannot run on modified devices. Developer mode enabled Clear Data & Close App This will permanently delete all your app data and close the application for security reasons. St",1,2025-12-06,CBE,Google Play Store
1cc86400-cf7b-48e3-a084-80d8687ffe9d,It's not so good for update when l try to update the app it redirect all previous set of data and also inactive to use agian stay on Security alert what shall l do 😭,1,2025-12-06,CBE,Google Play Store
66782fb9-ab34-4ef1-a88a-3a27b1679036,nice i love it,5,2025-12-05,CBE,Google Play Store
6fb50d12-5305-48dc-aee2-ab2b9aeda0c8,I Updated my application,2,2025-12-05,CBE,Google Play Store
f42034f4-f401-4ed8-b142-b766e5312fc1,"Commercial bank is the source of banking to enable private bank to develop feeding financial and crew of bankers to get knowledge in financial institution, the digital service which gives service in different sectors urge businesses to flourish and encourage development.",5,2025-12-05,CBE,Google Play Store
51ab9f69-9ae7-4d66-9396-e23b706d903a,best,5,2025-12-05,CBE,Google Play Store
4f8812af-0dbd-4a8f-9c5e-6a77fafc6c01,good,5,2025-12-03,CBE,Google Play Store
85edacc6-2994-40f8-a64c-311b344238bd,nice app,5,2025-12-03,CBE,Google Play Store
926fd400-1454-49c3-bc61-4ee1a6b3ee56,it nace app,5,2025-12-03,CBE,Google Play Store
b4792dd9-e824-455b-b891-b0469f0ea5a4,tenkse,5,2025-12-01,CBE,Google Play Store
318c52aa-7af4-4f59-93d2-97b1c3323abe,great app simple and fast but you shouldn't have removed withdrawal history for faster navigation to frequent withdrawals.,4,2025-12-01,CBE,Google Play Store
ec8f0432-7e84-45a6-ba11-ed209b58801e,like,5,2025-12-01,CBE,Google Play Store
7c6c79aa-94c4-4987-a95f-d0262f09cb62,CBE Beje/Loan,5,2025-11-30,CBE,Google Play Store
e6875bd7-db64-4f3e-a0d1-8243cbffb30a,ani kana dura itti hin fayyamine mee ni ilaala,5,2025-11-29,CBE,Google Play Store
6447de0e-cd7e-457c-840b-b4c6c606fa10,very amazing app,5,2025-11-28,CBE,Google Play Store
832eba04-4eda-41b9-82d6-4dee16ba7a03,thank you,5,2025-11-27,CBE,Google Play Store
fe550d3e-54e3-4ef2-824b-1efe7ec2ad70,hawaarto nabadu,5,2025-11-26,CBE,Google Play Store
4f7e2d31-c42e-47dc-aaad-96f54e4cf7c0,this up is exceptional,5,2025-11-26,CBE,Google Play Store
23a4499a-8687-44ed-8b2f-32f25503ff07,Wow I love this app,5,2025-11-23,CBE,Google Play Store
80355936-7a5a-49ba-a3d9-d3e8d9ec405b,very good app in Ethiopia,3,2025-11-22,CBE,Google Play Store
45306927-5d26-49c4-94d8-65725d392ffe,Nice,5,2025-11-19,CBE,Google Play Store
1859d7d8-7e1e-4754-8078-56154a319f26,Ok,4,2025-11-19,CBE,Google Play Store
6b5b154b-9ba7-4044-9922-b901b0873e56,teacher,5,2025-11-19,CBE,Google Play Store
b11c1d2f-f301-4e15-8b92-c9ae64a6ce41,it is good a,5,2025-11-17,CBE,Google Play Store
c41007b2-9b0f-4ded-865a-a95265eba5b8,COMMERCIAL BANK OFF ETHIOPIA fantastic app ever,5,2025-11-16,CBE,Google Play Store
8464d61e-60f8-4b79-a0f9-9f11aa108ffa,good,5,2025-11-15,CBE,Google Play Store
7cad589e-90dd-4974-8b00-4ff513fff635,why do I need an app if I can't use it. I can't pull money from my account 😭. every update has a problem. and they don't care about customers,1,2025-11-15,CBE,Google Play Store
7d33e328-74f9-4e0f-9406-1c1b2a81a86c,ok,4,2025-11-15,CBE,Google Play Store
e90d4a78-9a55-48ab-acdf-2afcdcdb60b0,best,5,2025-11-14,CBE,Google Play Store
fc64458a-a3cc-45f0-afcd-c69e6c7a63f2,good,5,2025-11-14,CBE,Google Play Store
d6e76759-7e40-425a-b182-6e269854558e,best app,5,2025-11-13,CBE,Google Play Store
112e9149-7735-440a-a7d7-62289711ec86,"Imagine you want money and ordered the vocher code, then No message nothing happened.After a couple of hours or even days then the message will arrive😡😡. I have edited my star to 1!! Trash App I hate it",1,2025-11-13,CBE,Google Play Store
9c2e91c8-674b-41a4-958b-189e0eaa015b,There is a network problem,4,2025-11-13,CBE,Google Play Store
1788572f-fca5-417a-8f1d-27547a49798d,improved,5,2025-11-13,CBE,Google Play Store
e95da9b5-23dd-4463-acce-049b921d7e40,nice,5,2025-11-12,CBE,Google Play Store
7b12bc30-3c92-4943-b0fe-5043c57468e1,good.,5,2025-11-12,CBE,Google Play Store
e9848481-22ea-4470-9f08-5ed74096825e,It is very great app. CBE is working great. I have this one comment. Could you please make the 'pay Merchant' option at the location where you put link account. This option is the one most users will use regulary.,5,2025-11-12,CBE,Google Play Store
ef8c4f1e-6e5f-4b99-8fd5-14a43122be9d,useless app,1,2025-11-10,CBE,Google Play Store
ccf6a766-f64d-4d07-9ab4-379d3a7ec8f6,Wow I love this app!,5,2025-11-09,CBE,Google Play Store
8ca970c8-cf10-4e56-8211-a6878a7c7be0,good,5,2025-11-09,CBE,Google Play Store
3baafd8c-8be8-46e2-90de-0baca1092e33,good,5,2025-11-09,CBE,Google Play Store
d0abae16-0e3f-40e5-8305-2abe5d34fa40,please remove commercepal from cbe birr that is not a real business app. I believed them because they are in cbe birr app but after I paid they said the item is not avialable..and they are not willing to return my money back!!!!!!!,5,2025-11-08,CBE,Google Play Store
de6fbfdc-28b4-46bb-9f87-f6e0699c59f3,keep going i like it🤝,5,2025-11-07,CBE,Google Play Store
f441d9a7-bf9e-4a2d-885b-dfc1e63d396a,ምርጥና ለስራ ቀልጣፋ,5,2025-11-06,CBE,Google Play Store
4ba9448e-7858-4a67-b75b-f943c4a6d315,great app,5,2025-11-06,CBE,Google Play Store
57efb21a-8e7a-416b-bb19-66ca06b65956,it's best app but sometimes otp not come fastly,4,2025-11-06,CBE,Google Play Store
1976c261-ad10-4b8d-b35b-4cb03306a55f,good app,5,2025-11-05,CBE,Google Play Store
6c777a3e-0719-4ba8-bcf7-a871ee9cef3e,one of the dangerous app,1,2025-11-04,CBE,Google Play Store
6477e2c4-f379-45a1-bb86-5cf2899768f8,wow,4,2025-11-04,CBE,Google Play Store
db3a9a93-09c9-4e8b-9edf-d6a9f3ac35a8,thanks app,5,2025-11-02,CBE,Google Play Store
2767aafd-2bc4-4b0e-b49a-031f9a8a006d,Tanks very much CBE 🙏,5,2025-11-02,CBE,Google Play Store
42edd0d4-ffea-41b5-b690-597d624a8444,very good but make pin more than 4 dijits,3,2025-11-02,CBE,Google Play Store
3a38f49a-758e-408b-a358-3850f63a5000,please attach how we can transfare in our binance or bybit.,3,2025-11-02,CBE,Google Play Store
5fe8926f-e764-421c-990c-d54e82027317,best app,5,2025-11-02,CBE,Google Play Store
cebc7f3b-3a49-4c1b-8f6b-32d129c95483,"This app is extremely poorly designed. Every time I try to transfer money, it just loads forever and then shows a failure message — but when I check my balance, the money is gone. That’s unacceptable. It’s frustrating, unreliable, and honestly disappointing. I strongly recommend using a different banking app because anything related to CBE feels like a risk. they should fire the developers of this app",1,2025-11-01,CBE,Google Play Store
e9758814-4cd7-42c4-a4a3-4edc5b89b9a2,It's Very good app,5,2025-11-01,CBE,Google Play Store
5ea24c57-37d4-499b-9739-7f89ceb6be8b,ለምንድን ነው ከንግድ ባንክ ወደ ቴሌብር 5 ብር ሲተላለፍ 11 ብር እንዲቆርጥ ያደረጋችሁት,1,2025-10-31,CBE,Google Play Store
57426d30-45a9-462c-bc6a-d52c568c52f4,በጣም ጥሩ ሥራ ነው።,5,2025-10-31,CBE,Google Play Store
c9193188-56c9-48d7-8d03-ac8510ee55b3,ሌቦች ናቸው ብር አየር ላይ ቀርቶብኝ send ሳደርግ ደውዬ አስመዘገብኩ እንደሚመልስ በ 3 ቀን ተነገረኝ ከዛስ አንድ የተመለሰ ብር የለም አጋጣሚ ለ shopping የከፈልኩት ብር ነው ስጠይቃቸው ደውዬ ቀኑ አለፈ ያላችሁኝ ስል አረ ገብቶለታል ለላክለት ሰው አሉኝ እንዴ ወደኔ እንዲመለስ ነበር የተነገረኝ አይ በቃ ገብቶለታል ሰውየውን ለምነው ምናምን እኔ already payment በሌላ ባንክ ፈጽሚለው ena በአጠቃላይ ሌባ የሆነ መተግበሪያ ነው,1,2025-10-30,CBE,Google Play Store
807aa528-b208-4ccb-bb3d-10c3ef29ca3f,I like thi,5,2025-10-28,CBE,Google Play Store
cd6ee296-463f-49c7-9a1c-ea0f5a0122c2,why it need update hourly it was good but know it ask updating hourly.please arrange it.,1,2025-10-28,CBE,Google Play Store
d83cd7b8-fc24-46fc-ba31-95445cc3a7b3,Abebaw Zenebe,5,2025-10-28,CBE,Google Play Store
73327de0-0375-46f2-b659-e2552864792f,dammee g0saa,1,2025-10-27,CBE,Google Play Store
0a9b4c78-fcdb-4db3-a528-c9a95fd8e0b0,more easy to use..,4,2025-10-27,CBE,Google Play Store
a545a31a-f588-4ab8-ac9d-2b69a1498c72,good,5,2025-10-26,CBE,Google Play Store
3871a13e-9379-4c1e-b2c9-a9b744f15393,app,5,2025-10-26,CBE,Google Play Store
13a1bd4a-30d7-4f08-9650-50466a956ce6,very good,5,2025-10-25,CBE,Google Play Store
dc137246-3e7f-440d-9254-e6101b322027,ፓስወርድ,5,2025-10-24,CBE,Google Play Store
69d8a58b-82f8-4784-977a-e42cb7975de1,secret,5,2025-10-23,CBE,Google Play Store
530d73c5-3360-40b6-b7fb-511e73a00975,"Good app. But ""Linked Account"" is not working.",4,2025-10-23,CBE,Google Play Store
cf20f7eb-ecc4-41fb-baec-c246ca1dd2ff,I love you so much this is app,5,2025-10-21,CBE,Google Play Store
4cb0ad37-b1c6-4d9b-bbcb-9384303d608a,"i want to re installe the app,so how it does work when i download and reinstalled it",5,2025-10-20,CBE,Google Play Store
8e642482-468e-43d6-96c1-fce53e592013,good,2,2025-10-16,CBE,Google Play Store
9fb6ec6c-739a-4e54-a6f4-60b103c0d415,This app is Good. but This week it glitches. the app say stopped working.,1,2025-10-14,CBE,Google Play Store
80a1c4e5-fd49-480e-b861-524800c5ae2d,I like it app,5,2025-10-11,CBE,Google Play Store
03561cca-7220-4ff5-a74f-67909d7b6d80,best app,5,2025-10-11,CBE,Google Play Store
5d2d843f-be40-4900-86cf-98dec252fc34,This is the most important and useful app in Ethiopia,5,2025-10-10,CBE,Google Play Store
ab8e5832-edb8-4a8d-adfc-aa0ee08cb7c4,ጥሩ ነው,5,2025-10-09,CBE,Google Play Store
fc7c6ebe-5bbc-43a0-b06b-6ab52ced5045,Abdulwahid Ahmanuur usmaan,5,2025-10-07,CBE,Google Play Store
f7a95e04-103b-4653-9cce-82c8027fd5f2,good app,5,2025-10-07,CBE,Google Play Store
ba573f87-8dd9-424a-ab35-d6b7a57aed21,"The link to the account is not working, and the transaction history only shows records for the past few months. It would be better if the full transaction history were available.",4,2025-10-05,CBE,Google Play Store
0c1cc8ab-f0c6-4ef7-ba6d-1987bcbbd589,Nice,1,2025-10-01,CBE,Google Play Store
f54932b9-0598-4fc9-9145-bde1075db475,best app,5,2025-09-30,CBE,Google Play Store
937ae90b-f8a2-46cd-b5cf-eb83faca9c01,good,5,2025-09-28,CBE,Google Play Store
9da1f36e-8cad-4a3b-882b-a989fc5555a9,I love it... cbebirr 👍,5,2025-09-28,CBE,Google Play Store
a6404cde-05b7-467b-aaf5-5881ad5c9530,good,2,2025-09-28,CBE,Google Play Store
775207d8-2437-42bc-b118-c3609d12346c,good,5,2025-09-26,CBE,Google Play Store
f0b77a50-40d2-4423-82e2-4490c284d51d,very nice except for its narrow texts.,5,2025-09-25,CBE,Google Play Store
f43e83af-838c-494c-a55f-490cea040c29,very good,5,2025-09-25,CBE,Google Play Store
f68f75c2-ecb1-4486-be72-15ddfdffb2fe,it is very easy and comfortable to use currently dominating digital Ethiopia,5,2025-09-24,CBE,Google Play Store
4ce49f37-a253-4940-90db-dfab1433b3d5,good,5,2025-09-24,CBE,Google Play Store
ef5c4f77-70b6-4e48-8329-0bed75d06adb,nice app and easy to use,5,2025-09-23,CBE,Google Play Store
a28f3d20-2054-4675-8b03-7e00ce5d5bcd,best,5,2025-09-22,CBE,Google Play Store
323a54fa-29b3-41f9-90d6-8a74d362291c,that's the access is very simple for every one and it has fast access 😀 to use it,5,2025-09-22,CBE,Google Play Store
ac27dd5b-8899-4890-b053-83d560b43143,After recently updated it become one of the best app that deliver financial e-service.,4,2025-09-22,CBE,Google Play Store
e069affa-3b03-4003-a2c7-b00bb70a23a8,abdlle,5,2025-09-22,CBE,Google Play Store
b855d92a-7f9f-4e3b-8b6f-7b3cead358be,bhabana,1,2025-09-21,CBE,Google Play Store
31bdfdbf-a8b7-4ed6-aa7a-ddf674bb2f92,good App,5,2025-09-20,CBE,Google Play Store
ac7714fe-76cb-464c-88ec-bffc63a0bef1,male,4,2025-09-19,CBE,Google Play Store
0358b0d8-3d0d-4564-82d1-6e0a911fd650,Linked account session is not working at all.,1,2025-09-18,CBE,Google Play Store
9c55e7e8-74df-493a-9309-2b28581a0fc8,shano hashim,1,2025-09-18,CBE,Google Play Store
ad0d27a0-c9d6-49e0-b9c2-c223a331f4a8,JanaleBl,5,2025-09-17,CBE,Google Play Store
1cb14dd7-9f10-411e-85b0-fc5010a15872,(best app),5,2025-09-15,CBE,Google Play Store
8292e34d-eeda-4463-a7f7-d4bdd028422e,Best,5,2025-09-14,CBE,Google Play Store
3e20a752-362d-40e9-960a-efefe55bf2a8,best app,1,2025-09-13,CBE,Google Play Store
774143ee-b85a-4ce8-b20e-99e36b3bd305,Myself spurts,5,2025-09-13,CBE,Google Play Store
c1b73c8e-1a14-41d9-9686-5fdcbd7169ae,zadoo,5,2025-09-12,CBE,Google Play Store
c19b8a02-fcc6-44ca-8895-02c297e210a6,good,5,2025-09-12,CBE,Google Play Store
f6403e7c-5089-47c0-a7a4-f86e3c529177,abas,5,2025-09-11,CBE,Google Play Store
dafa27f3-d8ca-4caa-9af6-ff7359c48e3c,haftu terefe,5,2025-09-10,CBE,Google Play Store
1a42b67f-d064-4e55-8058-29f939bc97ab,good,5,2025-09-10,CBE,Google Play Store
48ebd504-d637-4d6b-b1d8-f5ac0465764e,cod frhe,5,2025-09-09,CBE,Google Play Store
8e83861d-ec14-48cf-a40a-44efc325953d,Now it's not working on my phone I don't know the reason,1,2025-09-07,CBE,Google Play Store
58cc9b39-31fc-45fe-b79f-1b2402f8dcac,please update it if you can or fix bugs until now linked account is not working in this app,1,2025-09-06,CBE,Google Play Store
fb3ae78e-98fb-42ac-9bde-60420be6b9d9,seefuu girma hayluu,5,2025-09-04,CBE,Google Play Store
2c6c6a3b-2fc1-4344-8544-13054b5987cb,job,4,2025-09-04,CBE,Google Play Store
45ef2ea5-5760-4ad0-aca5-a4b4cf3e8d8a,good,3,2025-09-04,CBE,Google Play Store
9d05a7d7-3032-4d07-b61a-8c5270064252,great 👍,5,2025-09-02,CBE,Google Play Store
2814dd56-0e87-4f26-a840-70b4ce373d31,stupid app,1,2025-09-02,CBE,Google Play Store
99e7a17f-aedc-4790-b9e2-253a10d0a58f,asi,5,2025-09-01,CBE,Google Play Store
bef5c4a5-3f7f-4ce9-9c63-b375d3d0fa59,allways cbe yes,5,2025-09-01,CBE,Google Play Store
7219fd6b-7aa6-4480-80e9-9872de9e6f8d,Ethiopia,5,2025-08-30,CBE,Google Play Store
b4fd0df8-387f-4125-b75a-19d349f44314,sometimes it might not function as expected but it's gets the job done.,5,2025-08-29,CBE,Google Play Store
e519fb09-d69f-4e53-9ee2-37548152d0bd,Game 🎮,5,2025-08-29,CBE,Google Play Store
9da5e875-1b9e-4712-a553-fb34a4a308a7,not bad,5,2025-08-28,CBE,Google Play Store
f97756e7-f1d0-446a-a8c3-7829f558d87e,Cbe Birr digital leader in our country,5,2025-08-27,CBE,Google Play Store
5cae0a51-297a-415e-8048-0f11b14b8b10,Showing the owner's name when paying utility bills is a big change.,4,2025-08-27,CBE,Google Play Store
30d80035-e8c9-44be-ada4-62e12df3a314,kumaadii Abdalla,5,2025-08-26,CBE,Google Play Store
5a45a373-f318-42b0-a3bf-f37a5a326451,our proud cbe birr provide species digital financial service for government employees well done,5,2025-08-26,CBE,Google Play Store
364a159c-4046-442a-9dff-5f881b2f5015,it is very reliable app,5,2025-08-26,CBE,Google Play Store
08d12910-1d84-4488-b50a-63b5df0c9d08,good,5,2025-08-26,CBE,Google Play Store
242abd6e-8ba3-4037-9e0a-fa2585847f04,Cbe birr app plus is great and easy to use,5,2025-08-26,CBE,Google Play Store
41511038-4012-4c1f-9b8d-0321fa869b01,cbe birr plus is easy to use and no limitations for inactive and pending account,5,2025-08-26,CBE,Google Play Store
021cca3d-a735-4ecb-92b1-bc5cb315131b,good,5,2025-08-26,CBE,Google Play Store
a588cda1-3698-44fb-9adf-aa3babddecf8,Good,5,2025-08-26,CBE,Google Play Store
6f42a0a0-5d88-48ce-bb72-10066465e018,everything is fine,5,2025-08-25,CBE,Google Play Store
e3df893a-095e-45da-bf85-665cd41b6990,"ESTIFANOS,TADIWOS,GAT",1,2025-08-25,CBE,Google Play Store
6c50d985-a05a-4112-864d-266872f5046b,it take more than a week to update,1,2025-08-25,CBE,Google Play Store
6829f857-9f5b-4ae5-b7d4-027387c8acd9,why this app is not functional.,2,2025-08-25,CBE,Google Play Store
edafed92-379d-4357-973f-0537d6e2540c,Best app,5,2025-08-25,CBE,Google Play Store
fb1b7274-bdcb-4a96-b96e-f37d0b21a827,Its such good morethan CBE,4,2025-08-23,CBE,Google Play Store
40276fb4-16b6-4e0a-928b-5ab07a9eee94,amazing Application,5,2025-08-23,CBE,Google Play Store
f9213a76-ad3d-489f-af60-ada8750a649a,5 star,5,2025-08-23,CBE,Google Play Store
eda1ef0f-f6aa-4634-94c4-a85e18d734aa,really ethiopia commercial bank,5,2025-08-22,CBE,Google Play Store
a07115d2-d589-4de6-965b-0d8dbdeee4da,wow i like amesing,5,2025-08-22,CBE,Google Play Store
41244d06-d6c5-497f-bf16-b4ca0f4e29f9,Best,5,2025-08-20,CBE,Google Play Store
d132aa45-0751-4121-8943-7974537d7e1e,nice,5,2025-08-19,CBE,Google Play Store
335f80bd-9610-4ad7-9aee-19d0a3aa86f0,Good,3,2025-08-18,CBE,Google Play Store
0abc4400-a36a-4ad1-b268-d9367007a873,very good apple,4,2025-08-17,CBE,Google Play Store
dff50898-3a22-484d-a273-4a6ed3e33ff8,not bad really help full but it take time to transfer money,1,2025-08-11,CBE,Google Play Store
66786b66-bb47-4ca4-947c-1d762d544d4e,Best of the best app,5,2025-08-05,CBE,Google Play Store
66f179bf-ee8e-412a-b0b3-803c47a3cdb4,the best,5,2025-08-04,CBE,Google Play Store
b41ed299-95be-42ad-a50f-2d84355dcd79,Very nice app,5,2025-08-03,CBE,Google Play Store
d9d72041-e1fd-4b33-9408-dba26d43a2a5,good application,4,2025-08-03,CBE,Google Play Store
a2a34b75-6f2e-4b62-be32-a81f3cb3bda2,good,5,2025-08-03,CBE,Google Play Store
f8f3162e-e05d-4445-9d00-6b2911cb86fe,it's good,5,2025-08-02,CBE,Google Play Store
81c079a3-137f-4665-bda9-34522cc7ad34,its very Good app,5,2025-08-01,CBE,Google Play Store
1687c617-7bd3-4ace-964f-8bb3692a57c6,best best,5,2025-07-31,CBE,Google Play Store
7efe7f57-d278-4b82-8d5d-9e44b825b25a,እባካችሁ አፕሊኬሽኑ ጥሩ ሆኖ ሳለ 1) transaction run ለማድረግ በጣም ብዙ ጊዜ ነው የሚወስደው (due to crowded connection) 2) link የተደረገውን አካውንት በአፑ ለመክፈት የማይሆን ነው። በጣም ነው የሚዘገየው። እባካችሁ በተቻላችሁ መጠን እነዚህን አስተካክሉ ሌላው በጣም ጥሩ ነው።,4,2025-07-31,CBE,Google Play Store
36cc69e9-90d5-4e3b-9c75-b4947cb57c04,😔,1,2025-07-31,CBE,Google Play Store
1c681f75-53c8-466e-8426-7c1eb80dbf8f,ok yes,5,2025-07-30,CBE,Google Play Store
2e73c23d-6fa4-413a-b1f2-261eaa9c33be,baay'ee baay'ee gadhee dha bankingiin cbebirr maalif yoo jettan 1ffaa dadhabaadha dafe hin dabrsu ariifanna hin qabu,1,2025-07-30,CBE,Google Play Store
94451341-1df1-4ebe-8a3e-8437cd4239c7,GREAT,5,2025-07-30,CBE,Google Play Store
8ee54d98-923e-4063-be4d-8fb54e4d93df,good application,5,2025-07-30,CBE,Google Play Store
0dfffc62-5f3a-4cb2-91c8-174aea8a88e7,very good,5,2025-07-28,CBE,Google Play Store
22783aea-c91d-4d9c-b705-a489c59bf893,i like it,5,2025-07-27,CBE,Google Play Store
58a93b7f-d13e-4b00-91b0-0211fb4e7a21,SUBSCRIBE,5,2025-07-26,CBE,Google Play Store
211a399e-e88a-4d8f-8e8d-1c36abf40691,✅ By far the best finance app I’ve come across. I strongly recommend...,5,2025-07-25,CBE,Google Play Store
26cdc2c9-1d7f-4988-8631-76357a1a606b,good,5,2025-07-24,CBE,Google Play Store
a448be97-e841-4780-a712-fbde0f9237db,good,5,2025-07-22,CBE,Google Play Store
b82bf111-ad3c-4a52-9497-5f45a1229a5c,we need CBE-Birr Agent App,5,2025-07-21,CBE,Google Play Store
fd64b7c8-cba4-4845-8a6e-69b6a93f9284,this apo is good,5,2025-07-20,CBE,Google Play Store
9da72ed2-a8e9-457a-a778-11f1af0839ea,Good,5,2025-07-20,CBE,Google Play Store
60bf079c-755f-4a36-9afb-296ff2a4e54c,Best app for digital banking.,5,2025-07-20,CBE,Google Play Store
abd4d616-240b-4a9b-b52d-897b4760181b,excited,5,2025-07-20,CBE,Google Play Store
27278c34-fe33-4354-9d08-f959dbb348ef,good,5,2025-07-20,CBE,Google Play Store
21bb758b-e0be-4530-bd86-2108c62ccebc,best,5,2025-07-19,CBE,Google Play Store
44ec7312-610c-4e8f-9a42-31c1b9406d57,best simple and fast app,5,2025-07-18,CBE,Google Play Store
67f9e370-a9f8-47dc-af0b-709a59ab7bbe,Good,4,2025-07-18,CBE,Google Play Store
9b5f14cc-7bf4-4ffd-9877-8a65fa961eee,best aap,5,2025-07-17,CBE,Google Play Store
5663fa86-0119-4574-9be3-0dd34193f426,Not user friendly,1,2025-07-16,CBE,Google Play Store
2ac1d223-4063-466c-93e6-c149d9efa2d0,very nice and good app,5,2025-07-15,CBE,Google Play Store
9c24d46a-db9a-4439-b3cb-821216d815dd,Nice,5,2025-07-14,CBE,Google Play Store
c2459c86-5b9a-4736-aed8-864f484ce234,አመሰግናለሁ በታላቅነት ቀጥሉ,5,2025-07-13,CBE,Google Play Store
4afa47e2-1619-4ef6-8cfd-f96a60f880c4,wow,5,2025-07-10,CBE,Google Play Store
84ea3f96-6e1d-4eae-9c82-8add2eaa9aeb,good,5,2025-07-09,CBE,Google Play Store
7886e315-0a81-41b3-9d1a-2c3e907c96a6,best and good security,5,2025-07-09,CBE,Google Play Store
fc3c28d5-20a3-43d5-a18f-05b275809770,i think its wrong promoted cbe birr,3,2025-07-09,CBE,Google Play Store
4b272549-2962-4f16-9d49-8f0796b3c98a,i have one question .why don't functional at the moment ?,5,2025-07-09,CBE,Google Play Store
e1ab6974-105d-48f6-9a79-6ebd9eaf114e,happy,1,2025-07-08,CBE,Google Play Store
6fe32bfe-e29f-4294-a7b8-85f17d367d7a,best,5,2025-07-07,CBE,Google Play Store
e2357339-b40c-4b87-baf3-8bbfee19fd3b,ok,5,2025-07-07,CBE,Google Play Store
1ff630da-d437-4498-98b2-ab67bac5f6e7,good,5,2025-07-06,CBE,Google Play Store
436709fa-44c6-4dde-8e3f-36bbc9e5b476,everything is there enjoy it.,5,2025-07-06,CBE,Google Play Store
947ab165-51bb-4b9c-be06-3f46e69dab21,impressing,5,2025-07-05,CBE,Google Play Store
aff43f9d-c205-49fa-b1ab-d8706f0baf54,easy to use. i love the cardless alternative way of withdrawing money.,5,2025-07-04,CBE,Google Play Store
f023379d-3c14-4132-acd9-7cba777e35d6,all the best,5,2025-07-03,CBE,Google Play Store
b7fb0c3a-5077-42f8-b68c-df9ef4e94701,it is just a marvelous app,5,2025-07-03,CBE,Google Play Store
0b746af1-f907-4656-bcc0-0521fc8493ca,very nice 👍,4,2025-07-02,CBE,Google Play Store
c835758a-511c-46f5-951a-c81160386c8a,it doesn't work most of the time.,1,2025-07-02,CBE,Google Play Store
29f45d97-c8c0-475d-8ca5-307132b3bd1b,waw,5,2025-07-02,CBE,Google Play Store
1ca5760a-f980-4adb-bb25-dc7bd2037d4a,Best bank,5,2025-07-01,CBE,Google Play Store
ccd85c10-5ed4-4e88-86b2-3c980fe20ea4,its bad bad it wont let me pay for anything no bills not even the parking fee their dail up service doesnt even work im racking up parking fees because cant even pay please fix it,1,2025-07-01,CBE,Google Play Store
151a02d5-c1fd-4e89-af96-391c4bf54774,good,5,2025-07-01,CBE,Google Play Store
eebb6bb0-2974-451a-a811-7dc1a70ecf5a,I use over 6 year,5,2025-06-30,CBE,Google Play Store
a715abeb-e169-4a2e-bab8-cc9f9329382c,good,5,2025-06-30,CBE,Google Play Store
4ec57673-dda9-49aa-96b0-065d0f104261,good,5,2025-06-29,CBE,Google Play Store
36ed12bf-45dd-4a84-a01d-3f894fb8cd67,East app,4,2025-06-27,CBE,Google Play Store
213ed789-cfeb-440b-bc95-e46e316864c7,❤️🫂,5,2025-06-26,CBE,Google Play Store
aab9b607-a575-4549-9e46-5e00bfeff947,besteofthe beste,5,2025-06-25,CBE,Google Play Store
4acbc7a1-14b2-45aa-a56d-e3ce39dec407,pest of Pest cbe birr,5,2025-06-23,CBE,Google Play Store
afd4464b-e914-4895-95a9-41f8636a8c8a,good,5,2025-06-21,CBE,Google Play Store
8856cb61-7d88-4807-87d0-ef26f0ad1e5f,good app,5,2025-06-19,CBE,Google Play Store
e1a13662-6583-452e-bdfb-5a1611cabc20,very nice,5,2025-06-18,CBE,Google Play Store
9077f8ba-95c4-422d-ac2f-f192c874bc0a,great app,5,2025-06-18,CBE,Google Play Store
a7ed3c9a-5923-42e3-a6e0-6199acbaf97d,very simple easy fast,5,2025-06-18,CBE,Google Play Store
01d4e6cd-b0a0-401d-a351-a5046a7de38d,cbe birr app is super in Ethiopian no one reach mobile money for future this ap will control east African.,5,2025-06-18,CBE,Google Play Store
20c36b72-cd79-4140-8ed0-4637733e955b,perfect,5,2025-06-17,CBE,Google Play Store
5de937aa-a4ba-4d5a-9c06-b6f731899cf3,it's good for me,5,2025-06-17,CBE,Google Play Store
e070bde9-0cdb-4af9-8ebc-14858cdb0434,በጣም ደስ የሚል መተግበሪያ ነው,5,2025-06-17,CBE,Google Play Store
b01beabf-52d6-4786-8083-43b7b9da1ff1,the application is progreesively improving and becoming the most complete,5,2025-06-17,CBE,Google Play Store
540aeba5-536e-4818-a22f-d5d8f3c80dbe,Difficult Login and Glitches,2,2025-06-17,CBE,Google Play Store
b1b4915a-c16a-4d26-b11b-9b0a69ed6281,good,2,2025-06-17,CBE,Google Play Store
bdc489d4-2a05-4af9-9664-78d88528fe1e,I TNX for that you are introducing this app. Further I might familiar how to use it and can ask your's help.,3,2025-06-16,CBE,Google Play Store
32104475-d318-4951-a908-79977ddf9958,Nothing working 5 🌟 back to 1 🌟. even it doesn't open.,1,2025-06-16,CBE,Google Play Store
1e6f3759-0b6b-40bc-af24-e38d2c735728,great app the only issue I found is when the customer name is too long it displays the last name of the customer which is confusing and transfer to telebirr should be included,4,2025-06-15,CBE,Google Play Store
ea3cc2a2-083f-4796-9d3a-2c18e55d954c,good,4,2025-06-14,CBE,Google Play Store
9d945cdf-3a3b-42f1-a975-d28c8621f3ad,it doesn't work,1,2025-06-14,CBE,Google Play Store
6d8adc90-6214-47ca-9e40-347a3f337b01,Thanks Plus one,5,2025-06-14,CBE,Google Play Store
1548787a-70cd-40c7-937f-2df0b747406b,"It's a bad app, it doesn't work properly.",1,2025-06-14,CBE,Google Play Store
cbfd99c8-b37a-4de4-b888-06913815bd8f,For work,5,2025-06-14,CBE,Google Play Store
5a2944a6-8172-4a8b-89dd-d0d617b26894,"Sorry, the pre-validation request is Pre-Validation. The reason is Pre-Validation confirmation is Timeout.",5,2025-06-13,CBE,Google Play Store
dea6e8fa-82f4-4966-b9dd-a66c3a3c9aae,arife love 💘 speed App,5,2025-06-13,CBE,Google Play Store
813cd8f2-3699-4bee-8d4a-39025a44de8a,fantastic,5,2025-06-13,CBE,Google Play Store
0270f375-bde2-417f-8714-576a5d68306e,good,5,2025-06-13,CBE,Google Play Store
2b44ea50-f3fb-42ef-94ea-00ece91c3e3e,It is fast and advanced app. for all related business processing,5,2025-06-13,CBE,Google Play Store
2e0a1179-d6ed-4844-81aa-ba3c5d708630,Ok,5,2025-06-12,CBE,Google Play Store
55e00a11-4115-4308-a9c4-d7bf96cd5185,best of our bank product,5,2025-06-11,CBE,Google Play Store
5b3db77d-d0e5-4eb2-b942-1de6b790f2d3,nice,5,2025-06-08,CBE,Google Play Store
6765b6c1-c4ac-401c-9c25-7033f1108ef9,so good,5,2025-06-08,CBE,Google Play Store
b4aad86b-be5c-4b01-86ea-44b419c95f33,top,5,2025-06-08,CBE,Google Play Store
efb241d0-76ce-480b-a3a1-bc57b475e750,ምርጥ አፕ🫡,5,2025-06-08,CBE,Google Play Store
e5efaf90-f8a4-4aa7-a472-4e064196cfc2,i hate cbe at all,1,2025-06-07,CBE,Google Play Store
eca518b5-648f-4016-9758-e9af1b273868,Best app I have ever seen.,5,2025-06-07,CBE,Google Play Store
8de4ca8c-a95d-4dd3-b054-3b786246c26e,god,5,2025-06-07,CBE,Google Play Store
a80df13f-7d68-46e7-bdec-ca1af9e1a316,it's a cool app.. but this last version is not working check it out.,5,2025-06-07,CBE,Google Play Store
f24c8a95-3425-4b7f-9c75-bb85e7a37529,👍,5,2025-06-07,CBE,Google Play Store
3fb73fb8-e335-4fef-aa2f-f6a212a294d0,wait,5,2025-06-07,CBE,Google Play Store
8fb51a09-6420-461d-a94c-884f85b59984,all in one,5,2025-06-07,CBE,Google Play Store
784e6139-4199-431e-bad6-434dca008cf1,good,5,2025-06-06,CBE,Google Play Store
42e5a479-3787-44cd-bf78-ec2802c337cc,can't buy internet packaging 😕,5,2025-06-06,CBE,Google Play Store
e707a79a-0e09-48c7-8803-448113e3b4a0,disgusting,5,2025-06-06,CBE,Google Play Store
02a8756f-277c-4359-bf4c-91e7c99828fa,nice one,5,2025-06-06,CBE,Google Play Store
8b172b61-78fb-4921-86a6-b762aa494a85,I like it,5,2025-06-05,CBE,Google Play Store
80c7eb06-fda1-4f2b-981e-b2d7b81a0124,good sh,5,2025-06-05,CBE,Google Play Store
456c0f2d-ab37-4ee2-9a36-5346b11be7b3,like+like,5,2025-06-05,CBE,Google Play Store
e59caef5-279d-4639-93a5-db4b9aa10181,after v6.0.0 its not working it keep saying network problem in the login page 🙄,1,2025-06-05,CBE,Google Play Store
bbeaa263-1305-4443-be13-3ba25ac266ef,the most disappointing app,1,2025-06-05,CBE,Google Play Store
62efdf38-8ecf-4074-823e-93c7737e8ba6,our cbe-birr is good app,5,2025-06-05,CBE,Google Play Store
50984f91-c4b1-43e0-8c00-237776505f5d,good,5,2025-06-05,CBE,Google Play Store
989c9929-e653-4ffe-95d4-7d1f0d359b35,በጣም ቆንጆ መተግበሪያ ነው። በተለይ ደረሰኙ ደስ ይላል። ትንሽ መሻሻል ያለበት ብዬ የማስበው ቀጥታ ደረሰኙን ማውረድ አለመቻሉ ነው። ወደ google chrome ወይም ወደ ሌላ ሳይሄድ ቀጥታ ማውረድ ቢችል መልካም ነው።,4,2025-06-04,CBE,Google Play Store
9b5e1cd9-4e9d-41b8-8e2b-9b847604be75,good,5,2025-06-04,CBE,Google Play Store
d225a6a9-60cf-4aca-9e15-ce43fefe71b1,It's really good 👍 👌 😌,5,2025-06-04,CBE,Google Play Store
91911a0c-a391-43b8-831d-3a3e57cc6fd9,well,5,2025-06-04,CBE,Google Play Store
6f005e30-8528-4e06-b7a1-4c9aca487cbd,good,5,2025-06-04,CBE,Google Play Store
99b0d943-7a63-4184-b6d5-660fe8930e02,loved it it is easy to access also gives direct cash withdrawal service,5,2025-06-03,CBE,Google Play Store
69132052-a6d4-408a-857e-f674d3b27f20,nice,5,2025-06-03,CBE,Google Play Store
f7dabe87-cac8-498a-b9d0-5a962e353781,It is good app.But it requires strong network .Please make it like Mobile banking app Which is functional with lite network .,3,2025-06-03,CBE,Google Play Store
6e3a93cf-b78c-400b-ac0b-5b76929ad1bb,"the new update have network issue,pls fix it.",1,2025-06-03,CBE,Google Play Store
674727ab-7a30-468e-b004-118eb8006e8a,very much good,5,2025-06-02,CBE,Google Play Store
4d8b0605-6648-44fa-8292-05f1de8ee807,good,5,2025-06-02,CBE,Google Play Store
bba6bf57-8757-4da0-b697-532d65f0f655,It's CBE commitment for Digital banking. Great feature app!!!,5,2025-06-02,CBE,Google Play Store
4059d1be-19b9-493a-9798-fe10536cb8bb,best,3,2025-06-02,CBE,Google Play Store
10397e12-f0ab-430f-8f9e-8ddbd4dcd114,"low level for saving level 2 75,000 why not 750,000???",1,2025-06-01,CBE,Google Play Store
d87a4c86-3161-4eb4-b16a-d1ba819987e5,good,5,2025-06-01,CBE,Google Play Store
876374da-5a76-4a35-97ce-c6ab50f82f0b,Thanks CBE...,5,2025-06-01,CBE,Google Play Store
2f80efc7-cb93-4c74-b20a-963556993dfb,waw,5,2025-06-01,CBE,Google Play Store
3243c7ba-58c8-401a-8896-37e2909a4f93,it is very good,5,2025-06-01,CBE,Google Play Store
40205fb7-32ab-4d35-8693-0c15eb560d57,Excellent,2,2025-06-01,CBE,Google Play Store
1c389436-fa0e-427d-95c3-8f7d67e05c51,Best app for any finance transaction,5,2025-06-01,CBE,Google Play Store
6fa066de-f815-4b32-b9cf-5c0cab0f3a61,👍,5,2025-06-01,CBE,Google Play Store
0caa9f13-709d-40fb-9329-fcf8b66f5840,"The **CBE Birr App** is a game-changer for digital banking in Ethiopia! It’s fast, secure, and incredibly user-friendly. I love how easy it is to transfer money, pay bills, and check account balance anytime. The interface is clean and intuitive, making transactions hassle and service Charge free. Thank you CBE .",5,2025-06-01,CBE,Google Play Store
17d99899-780c-4c3d-8e26-707c3c116e40,best,5,2025-06-01,CBE,Google Play Store
0dd999b6-c54e-456f-be45-5fcad2915414,I faced challenge with your non-sense receipt from this application. Its not with basic profile. Just like receiver name/account member of receiver for payment confirmation purpose!,1,2025-06-01,CBE,Google Play Store
04cd0071-489e-490e-b96d-fa6b64edca78,very good app,5,2025-06-01,CBE,Google Play Store
0a3ff27a-e01b-452c-932b-d1b8ac6b00b2,Super,5,2025-06-01,CBE,Google Play Store
d152b140-200f-4694-92ed-0d3c6a6ec06a,I'm familiar with it and CBEBirr plus will lead our economy. but in recent weeks after linkage with the account doesn't show remaining balance in cbe acct and doest pool money to wallet. Solve it as soon as possible,5,2025-06-01,CBE,Google Play Store
1c58e0dd-de2c-43cc-b61f-ca97b60d51da,the best of my day to day activated,5,2025-05-31,CBE,Google Play Store
2203305f-77b9-4ba7-ab03-38dea40ee3b1,"Linked account pull money, is not working every time it is updated. Every response is failed, i think this app is developed by a bunch of kids. They have no idea what they are doing. By the time when im writing this review linked account pull money was not working for the last 39 days.",1,2025-05-31,CBE,Google Play Store
711dc192-4c4c-4285-a0a5-16233fbc1c6b,good,5,2025-05-31,CBE,Google Play Store
c16f92b2-bcde-4b72-89c6-d430585246dd,nic,5,2025-05-30,CBE,Google Play Store
767fbed1-3e48-4fc9-ad62-4e2e698ceed9,we rely on you,5,2025-05-30,CBE,Google Play Store
b3b9ae72-a573-46e9-b910-842ae4a62218,I'm interesting,5,2025-05-30,CBE,Google Play Store
50c60d52-61d9-4601-8a29-447bce7dbb15,Amazing App,5,2025-05-27,CBE,Google Play Store
5b8ccc24-d7e5-4ada-9c12-bb2a72e9feed,good,5,2025-05-27,CBE,Google Play Store
2a0c464a-2f47-4ec4-af02-17e3dae2d3a1,"i sent 1000 birr to cbe bank account, but the money doesn't credited. i call 951 for several times, and they don't want to reverse my money.",1,2025-05-26,CBE,Google Play Store
d9817a8d-a4d7-4b59-b30b-9c1bcb93eee7,good,5,2025-05-26,CBE,Google Play Store
1923ed33-182d-4b81-bc4f-50c5b36d985c,this app is very lose payment code is not true,1,2025-05-26,CBE,Google Play Store
08cbae26-0530-4b1f-a3c1-c93280414f93,otp aylekm!!,1,2025-05-26,CBE,Google Play Store
e0b273b5-fff5-4744-933b-1a13f26ff1e3,"linked bank, it's working at all, but this update is good thanks",4,2025-05-25,CBE,Google Play Store
7f279ad5-5365-44fd-8817-46ed5aaf14c1,Updated version is very bad,1,2025-05-25,CBE,Google Play Store
0c42eec2-623a-4376-8f41-d6c695753cf9,very nice ap,5,2025-05-24,CBE,Google Play Store
8ccc2c09-bfef-4a3d-baf4-ccadff24279b,Best App,5,2025-05-24,CBE,Google Play Store
96706855-8160-4d4e-bc23-a7fafcd98aad,Great app,5,2025-05-24,CBE,Google Play Store
480c68c1-df28-4cad-9166-d13330f30eaf,Worst Bank in Ethiopia.,1,2025-05-22,CBE,Google Play Store
91961a60-030d-49f4-b6c7-e70f3a3972e2,help money account online approoved help know please ok.,2,2025-05-19,CBE,Google Play Store
edabfa7e-f0e0-4dbd-9909-cfcfefb0812c,is good to use,5,2025-05-19,CBE,Google Play Store
1c048535-dfe2-48db-b6c1-f6c53d0fb364,The link option doesn't work always. You can't deposit money by pulling from linked account. Please fix the issue.,3,2025-05-19,CBE,Google Play Store
7b12ff9b-78ce-49bc-a873-4a0d3a7fe165,best banking platform,5,2025-05-17,CBE,Google Play Store
f445bc4c-93d9-46a5-86b7-f1815dc6591f,"This application has numerous issues that significantly hinder its functionality. Frequently, when you attempt to send money, transactions remain in a pending state for five to six days, and in some cases, even longer—up to several weeks. Additionally, there are serious concerns regarding privacy, as the application appears to collect sensitive information from your phone, including call logs, images, and other personal data. For these reasons, I strongly advise against using this application.",1,2025-05-14,CBE,Google Play Store
e41ef9da-4021-43c6-b7fc-768258e97352,I can't see my transaction history and when the update time is low and it does not work properly,1,2025-05-14,CBE,Google Play Store
45f0206f-e2eb-4282-abd0-89caa67c2a1c,ጨ🥰,5,2025-05-12,CBE,Google Play Store
9c5dc465-52bb-4a52-a958-93250c7d026e,Good but Why update with out networks . ጥሩ እያለ ያለ ኔትዎርክ ስለማይሰራ እንደልብህ ለመገልገል አዳጋች አድርጎታል።,5,2025-05-12,CBE,Google Play Store
c05d2f5f-1259-40b6-8d89-6c5e4d58c787,good,5,2025-05-10,CBE,Google Play Store
350abb6f-7943-463d-a757-f55c364f7239,it is an interesting application,5,2025-05-10,CBE,Google Play Store
2adecae7-ea32-454f-b960-4e9bcad34400,ይህ መተግበሪያ ኑሮዋን ቀለል ያደርገዋል,5,2025-05-09,CBE,Google Play Store
5be3026f-bfb4-4e6a-94ad-9495a760f468,thnk you,5,2025-05-09,CBE,Google Play Store
7ffc82ac-6aab-4c8d-addb-a72084e144b3,excellent,4,2025-05-09,CBE,Google Play Store
bd75f1fd-49a9-4eef-9abb-2ba6d05231b6,good,5,2025-05-08,CBE,Google Play Store
d80fc8f4-eb38-4903-8506-e1bb2d0f789c,wow wow use ful app simplify our life,1,2025-05-08,CBE,Google Play Store
ff773b03-f15b-4aaf-9df8-b31da47ed0be,life is easy with CBEBIRR PLUS👍,5,2025-05-08,CBE,Google Play Store
0e604e3c-d683-4a94-a555-01dc2db0f157,I think you didn't try it across different devices on my pixel 7 the view for the button is outside the screen!!,3,2025-05-08,CBE,Google Play Store
6f21c547-bb9b-4768-b44f-e5126ae0ff20,good,3,2025-05-06,CBE,Google Play Store
d7db7c4d-acec-490d-943f-352844433eae,good,5,2025-05-06,CBE,Google Play Store
23157b06-e1f9-4215-bef0-43a9fde7c8a7,developer I don't know why but the pulling system ain't working like it took my money when I pulled through offline option on it and still didn't received the money I pulled,1,2025-05-06,CBE,Google Play Store
a1680aaf-a706-4675-a204-25f35a2957be,thanks CBE,5,2025-05-06,CBE,Google Play Store
d1e1efa5-6d5e-4e49-8c02-830979eb19bf,Afi app new gin tinsh ye chigr alebet birr ke cbe silka wud cbe birr acc.t,3,2025-05-04,CBE,Google Play Store
6a298d8a-27b4-487a-900e-750391f75358,nice app for me,5,2025-05-03,CBE,Google Play Store
4258905c-b466-4534-9dce-92e47ccf9876,shukurii ibirhimi,5,2025-05-03,CBE,Google Play Store
b19026c0-2ef4-4de4-b933-f88b6125f2e4,good app!,3,2025-05-02,CBE,Google Play Store
2f9ed61c-291a-4141-854d-1b7dd2cf961e,very nayse,5,2025-05-02,CBE,Google Play Store
6452e93b-29f6-4865-91fa-6bdcb79badf4,I am Staff member but i can't access to get cbe birrplus loan.,5,2025-05-01,CBE,Google Play Store
d8228034-7e85-4a2c-979e-64cda2c1aa34,Nise,5,2025-04-29,CBE,Google Play Store
7e81061c-e947-404e-b2b8-0e22bd8c9888,"dear developer, please currently i faced that after i ate my launch i tried to pay through cbe birr app to cbe account but after too many searching the app was reported me that the payment is failed, as a result, then i paid in cash. however, on the second day of incident, i got a message from cbebirr that i was transferred the amount i tried before and i loose my money. while the app has such big problem, how CBE recommend me to use its app? b4 this i loosen my money 2x times.😡",2,2025-04-29,CBE,Google Play Store
ffceadda-177a-440a-8d6a-fd8c12324ea3,fantastic app,5,2025-04-28,CBE,Google Play Store
3b9c6c2e-33f0-4521-be83-6529bf5a4af7,easy and comfortable app,5,2025-04-28,CBE,Google Play Store
a848e189-a7bb-42fa-a302-b24bc3800f56,we need like this application,5,2025-04-27,CBE,Google Play Store
0df9a9c8-4559-4dc5-89c1-de6a86444239,it's useful not bad work good,4,2025-04-25,CBE,Google Play Store
526c2758-a895-4187-9f50-7e687bc05771,"The app was very interested, but there is some problems on the pulling money. additionally it never show the balance",1,2025-04-24,CBE,Google Play Store
b4000009-0bc7-494b-98b2-29e0f02d664d,Perfect,5,2025-04-24,CBE,Google Play Store
14cef1e1-47ad-4d0b-90b3-cff3761f0d20,excellent service,5,2025-04-24,CBE,Google Play Store
b387a67c-e7ca-4a7f-b011-8f5e4bd5d9ee,CBEBIRR is good service,5,2025-04-24,CBE,Google Play Store
9abef3e1-bb4a-4864-8563-a5a5a89f93ce,The magic navigation menu needs animation still it looks traditional,2,2025-04-24,CBE,Google Play Store
4ed8ff4d-76bd-4256-9518-bfb6842e0344,very nice App tha have been use,5,2025-04-23,CBE,Google Play Store
3e7bd2c8-2f3e-4d37-825b-e73146bc194b,Good,5,2025-04-23,CBE,Google Play Store
2e612037-ae87-41af-9304-c1be0453756c,It's works great but sometimes it stop working and doesn't receive or transfer money.,4,2025-04-23,CBE,Google Play Store
d075c343-6b2f-4b8d-a930-ff1b24cf25a4,good app,5,2025-04-23,CBE,Google Play Store
b8102f90-d90f-4366-8f93-f1bfa5a77dc7,good app,5,2025-04-23,CBE,Google Play Store
376f5f0d-a02a-4106-87d9-7ea32b8aacf5,How we can self regester,5,2025-04-23,CBE,Google Play Store
d9b30384-9aaa-4596-9ff0-03be4bf9f39b,y͟e͟s͟ y͟e͟s͟,5,2025-04-23,CBE,Google Play Store
7b64dec8-7c1d-4716-bee7-9f9f79391408,ok,5,2025-04-22,CBE,Google Play Store
c8e3c8f4-a3ad-49e8-8446-0988fcafaf57,please update,5,2025-04-22,CBE,Google Play Store
7c7ffbd8-e38b-46fd-8859-6a6c7ede7459,didn't give you 5 stars because you should add more transfer options for other wallets like telebirr and cards,4,2025-04-22,CBE,Google Play Store
3e30e421-86be-4f9e-9152-f28cfc84ff6b,trust cbe and suffer like me,1,2025-04-22,CBE,Google Play Store
92eeb5a8-4e94-401f-8f6c-3b4621851624,Top,5,2025-04-21,CBE,Google Play Store
e90794b4-798f-4c6d-9967-be4a7c86f240,i can't send my money from linked bank account to cbe,1,2025-04-21,CBE,Google Play Store
57b5c451-d227-4745-b253-e88e42436695,good,5,2025-04-19,CBE,Google Play Store
5c957893-49f9-440e-88fa-56bc02781e05,Good,5,2025-04-17,CBE,Google Play Store
f1a3c08f-f6a4-4744-bd93-76d32b8c7633,good app,5,2025-04-17,CBE,Google Play Store
23b94a74-78d1-4823-9e90-4de62285aac1,nsrden. kdr. crJ,5,2025-04-16,CBE,Google Play Store
e896e3e1-5604-4e6b-825a-8c219b5b0e3a,100sure,5,2025-04-14,CBE,Google Play Store
021d3015-f671-4901-95d6-95903d732060,nice,1,2025-04-13,CBE,Google Play Store
6e6a7a18-52e1-479f-b5d9-bf3127aca50d,All good,5,2025-04-13,CBE,Google Play Store
b51618d1-6548-44c5-906e-96cde9b6e236,you are updated for frequently times but cbe beje and air time package isn't working! even if i checked all the time when the app is updated but nothing change.,1,2025-04-12,CBE,Google Play Store
9a2bb3f9-3234-4336-8fda-ac67746613f5,ThankYou,5,2025-04-11,CBE,Google Play Store
a4b0be5a-ae60-45d4-8c18-140a95e514d3,very late,1,2025-04-10,CBE,Google Play Store
8158d0fa-e28b-4ba4-86ff-bdc22d77163d,kufaa malqaa,5,2025-04-09,CBE,Google Play Store
018e05e8-e409-4e65-aafc-a452d208e957,"the most underrated app. even faster than CBE's own mobile banking app and telebirr. Just make the home buttons a little bit bigger (3 columns instead of 4 and make the buttons rectangle instead of square), brand color (purple) is over used, and remove the advertisements from the dashboard No one wants to see static ads, but you can still make it as pop-up, but that should even be occasional (during events or holidays). Otherwise, there's no benefits in seeing the same ads over and over again.",5,2025-04-08,CBE,Google Play Store
9d7590f4-cc5f-478e-9d95-efd9853ff05e,great app,4,2025-04-08,CBE,Google Play Store
5ced6284-f832-4989-9104-37ab64b4eafb,best uses,4,2025-04-08,CBE,Google Play Store
deb2203b-eade-4584-a897-6cf007c1b646,i like it,5,2025-04-08,CBE,Google Play Store
a013f075-81b6-4c0d-abfb-f07b743e97ff,አፕልኬሽኑ የሲስተም ችግር ገጥሞታል? ምንም እየሰራ አይደለም,3,2026-05-16,BOA,Google Play Store
02c7c1d0-31ae-4abf-a46a-8b1798a9bf38,Very good,5,2026-05-15,BOA,Google Play Store
24610197-9955-4ac0-ab1a-74e302ee25ca,"Self Registration is not completing the registration. It says something like ""Customer Registration business error"". Would you solve it please?",1,2026-05-14,BOA,Google Play Store
5dee5651-d5c3-4b32-a6a3-10e75d878dc1,Very poor implementation.,1,2026-05-13,BOA,Google Play Store
a8182cd0-b697-4a8f-89b8-8f046da72daf,this app didn't work properly,2,2026-05-11,BOA,Google Play Store
7f5565c3-4f10-4f16-a2be-ce3c31e1aa16,This is it! I have on words always selective other than. ሁሌም ተመራጭ ነው።,5,2026-05-10,BOA,Google Play Store
587f3f53-f89d-41c6-b3fe-a3c4e9943d0b,"Frustrating app! If you receive money and send it back using Local remits, it won't work. Fix it please.",2,2026-05-08,BOA,Google Play Store
d7f8a0e7-700b-4fba-9cbe-6d2156905ff4,Everyone knows that abyssinia bank has the worst experience in terms of mobile banking platform. And this one will take the cake. I already stopped using boa mobile for same reason. This is the most terrible finance app I've ever used. I can say it doesn't work at all. You should fire your whole team responsible for your mobile application and database development. Very disappointed. - 10/10,1,2026-05-05,BOA,Google Play Store
e0c8a875-ca27-4f94-88e9-9381f8ed47fc,"""በዶላር ያስቀምጡ ... በዶላር ይጠቀሙ! በአፖሎ የውጭ ምንዛሪ (FCY) ሂሳብዎ ከውጭ የሚላክልዎትን ገንዘብ በውጭ ምንዛሪ ማስቀመጥ ይችላሉ። የቨርቹዋል ካርድዎን በመጠቀምም ዓለም አቀፍ የኦንላይን ክፍያዎችን በቀጥታ በመፈጸምና ከሌሎች የውጭ ምንዛሪ ሂሳቦች ገንዘብ በመቀበል የፋይናንስ አጠቃቀምዎን ያዘምኑ! "" ምን ጥቅም አለው? የውጭ ምንዛሪ፡ምናምን ለኛ ምን ይጠቅማል? birr ወደ dollar convert የሚደረግበት መንገድ አዘጋጁ",1,2026-05-04,BOA,Google Play Store
cf71a01d-03a9-4162-a9ec-91c9e982bbce,very slow and battery consuming apo. but it is good in delivery of loan🙏,2,2026-05-02,BOA,Google Play Store
0e29f2de-1617-4708-b783-94491900c043,fantastic,5,2026-04-29,BOA,Google Play Store
7ca9c950-b5ea-4e44-891b-058864d8640e,"sth is wrong with 'Login' , i tried to login but it keeps saying 'u're successfully logged out ' this is funny 😁",2,2026-04-27,BOA,Google Play Store
c8aef1ac-71e8-4707-8663-767a1dd53aa3,"""We are experiencing technical delay. Please try again later."" How many times do you ACTUALLY experience a technical delay? Is it even one technical delay? I have been on this app for more than a year. I couldn't open an international visa card you claimed to give. The app constantly gives the above error message every time I try to open an international card. What is going on? Also... your app has an awful UI/UX. Absolutely terrible considering competitors like Dashen Bank have nailed this.",1,2026-04-25,BOA,Google Play Store
5d3af1d6-af82-4330-b306-93d2a60d8f6a,Your app doesn't even open. just loads on the launch screen. I've tried the app before too it has too many feature that don't work or coming soon. you should hire a proper team to fix your app.,1,2026-04-24,BOA,Google Play Store
08000e6e-7661-4e72-9afb-0136bca88d2e,not upto now,5,2026-04-23,BOA,Google Play Store
2dfcdd16-ecd2-46a0-a6ed-543762ccd748,best app ever,5,2026-04-22,BOA,Google Play Store
2559c03e-bafc-433b-8c64-71542ba59e89,"The user interface of the app is very disappointing and low quality. It looks like it was made by a child. You wouldn’t expect this from an institution as large as a bank. You can do better, Abyssinia. Please add more functionality—make the account number easy to copy, and include the SWIFT code and other essential details. Take inspiration from foreign banks. Look at ING, Millennium, Revolut—there are many good examples to follow. This UI makes me feel embarrassed as someone living in Ethiop",1,2026-04-22,BOA,Google Play Store
21e6efa5-b90f-4802-a6d2-d1c193881397,using cbe with 2G is faster than using Apollo with 4G. this is the most slow and frustrating app I've ever seen.,1,2026-04-21,BOA,Google Play Store
cc5ee8c5-04e6-4c3c-be9a-29290c054d47,the worest app I have seen in banking industries!!,1,2026-04-21,BOA,Google Play Store
a44805ab-f5a3-4414-93d4-fa8b2ff2d340,"Very very bad experience. i couldn't login, i couldn't reset the password i couldn't even click the login button the worest banking application that i have ever seen. i don't recommend any one to use it.",1,2026-04-21,BOA,Google Play Store
2dfcdc4a-60fd-4b5a-b1cb-7120f48a9954,good,5,2026-04-20,BOA,Google Play Store
c372cfb3-0a8c-4bcc-a3a5-3f198696b8ff,do you know the app has become useless ... yet you show your ad everywhere 🤔,1,2026-04-20,BOA,Google Play Store
e6e25f95-b449-4137-af15-d19417b0d300,"It is not working on my phone. It is slow, plus sending money always says error",3,2026-04-18,BOA,Google Play Store
7f50a80b-845c-4760-a80b-815fa342e8e6,It has improved,3,2026-04-18,BOA,Google Play Store
fd936261-aa2a-4a57-bd81-758c1a050e6b,"the worst app ever, I stack at the new pin code setting and never passes that page",1,2026-04-17,BOA,Google Play Store
10751959-ad99-4746-9ba7-a7b2ae233223,"Whoever made this app should be fired. Bad experience. You can't request the FCA it fails everytime. This much inconvenience to get a card you pay for. Look for better international alternatives. To name a few: Rizon, Bybit, Grey and more. Don't waste your time here.",1,2026-04-17,BOA,Google Play Store
ce36564d-8832-4cdc-95cc-4f1049c727f0,"the application is buggy, it asks for OTP Verification but the keyboard doesn't Pop Up to submit the received OTP Code. please fix it",1,2026-04-16,BOA,Google Play Store
6f889764-de03-435d-8c0c-156592afe824,you haven't addressed any lssues so far now this app is sitting as a wasted potential,1,2026-04-16,BOA,Google Play Store
e9beecb1-86f9-42a5-96ff-67cf63f01c60,best,1,2026-04-14,BOA,Google Play Store
f0710b16-40d2-484b-b07c-c8307c53fd33,"worst app I ever used in my life, useless",1,2026-04-13,BOA,Google Play Store
283e9d46-f0c4-4e8e-a343-1c25bae3ec7b,😡😡,1,2026-04-13,BOA,Google Play Store
ea24f58e-5d87-4103-b49c-8e5b6edcc11c,Apollo is good app,5,2026-04-12,BOA,Google Play Store
1a5ae2af-c247-4cd8-b1a6-347101350edf,good,5,2026-04-12,BOA,Google Play Store
91b005fb-a2d6-469a-af61-621a6d5f7f63,This is the buggiest app on the Play Store. It's like they haven't tested a single thing before releasing. I don't know how someone building this app looks at it and says let's release it. 🤦‍♂️🤦‍♂️🤦‍♂️,1,2026-04-12,BOA,Google Play Store
4a804e21-d60b-44bd-a667-cabad56fb4c2,fast transaction,5,2026-04-12,BOA,Google Play Store
be1ce4b4-4377-4fa0-9503-1d967b7e8526,this app is very difficult to use. it have many problems. please don't send any exaggerated messages (SMS) to my phone. it's a big shame and not acceptable totally.,1,2026-04-11,BOA,Google Play Store
c0de92a8-e379-47dc-a808-e7993ceca00a,"I'm a developer my self but I tried 5-10 times filling same information to register. But I ended app not being able to register. It crashes multiple times, It doesn't retain information I entered, it logs me out in the middle of using the app. You need a dedicated testing department. For now I've uninstalled the app. Will try it after 5 month",1,2026-04-08,BOA,Google Play Store
38e3b5e7-a45f-450b-bc07-e7958f33794e,Describe Your Experience Oppositional Done.,5,2026-04-08,BOA,Google Play Store
61de8832-9841-4e75-9e44-92708eced0a3,very bad after you login you do anything it says service unavailable,1,2026-04-08,BOA,Google Play Store
02f0237e-2617-4003-bad0-6b35caa8d3e3,"I was very hopeful when Abyssinia Bank announced the launch of the International Virtual Visa Card through the Apollo app. However, the system is proving to be very frustrating. After many attempts, I finally managed to open a Visa card, but whenever I try to view the CVC and Expiry Date, it fails to display them. Instead, it continuously shows a 'We are experiencing technical delay. Please try again' error message. I strongly suggest that the bank properly updates the app;",1,2026-04-07,BOA,Google Play Store
7e02935b-18e5-49e2-b8af-c59df6d14cd8,"Apollo digital bank makes the dream of Neobank come true indeed, creating and managing one's bank account without the need to visit a physical branch easily from the comfort of my home is indeed invaluable feature which everyone in this era of busy job life needs!! But i found some missing promises that the Abyssinia Bank has offered to all users of the Apollo App, which is about the minimum required balance for transaction! I can't transfer money below 50 ETB, can you improve this feature??",4,2026-04-07,BOA,Google Play Store
9cdd7fc4-baea-4049-8427-daa67a68dd92,Nothing works properly on this app. And they don't even try to fix the issues for years.,1,2026-04-07,BOA,Google Play Store
9a3be978-c4c5-4231-83dd-7eebf2083541,Good Transaction Apps,5,2026-04-07,BOA,Google Play Store
0149cc7a-3064-4342-8f35-e08f6a2a8130,i love it.,5,2026-04-06,BOA,Google Play Store
983101db-62f4-4e45-928e-62954b078d2a,it's not working it says disable developer options what is that,1,2026-04-06,BOA,Google Play Store
f198fb7c-d9e7-41b1-be04-aa3b89ae61ba,Sluggish and Extremely slow app! Ui looks very bad and UX is very terrible.,1,2026-04-06,BOA,Google Play Store
3cbb02e8-cdc3-4fb3-8187-0031c2d63435,👍👍🔥🔥,5,2026-04-06,BOA,Google Play Store
f9bc623b-0970-4107-8871-c51e0340a83e,good app,5,2026-04-05,BOA,Google Play Store
39fba4cf-799a-491a-8304-c65411b7210c,Disappointed,1,2026-04-04,BOA,Google Play Store
2fabba4f-1312-4626-850d-099085dc68f5,very good,5,2026-04-03,BOA,Google Play Store
7044d47f-9255-4387-965d-f4a28c8c511f,amazing,5,2026-04-03,BOA,Google Play Store
36848c31-b223-4bfe-bac0-98191a21d3e6,Apollo app is the best for transaction even it provides loan option and I love it may be you need some improvement.,5,2026-04-03,BOA,Google Play Store
9ac997e1-df2b-4f41-8892-4b2e82036a34,it freezes now and then and trying to login is very bad experience totally the application will stacked,1,2026-04-03,BOA,Google Play Store
10739882-261f-454f-8fa9-4d1434607e44,usable friendly,5,2026-04-03,BOA,Google Play Store
ffb3fb67-c8e5-487c-9279-26fa174e4906,Appolo is comfortable and simple App,5,2026-04-03,BOA,Google Play Store
5fc55f97-561f-4650-8940-9ebc0d41f073,its easy to use,5,2026-04-03,BOA,Google Play Store
e6e04ede-c392-4770-a777-e30213f7e5b9,there is a problem in fcy account opening,3,2026-04-02,BOA,Google Play Store
4362960e-c00e-4dc3-813e-cf86c69955ed,good,5,2026-04-02,BOA,Google Play Store
89375df2-b5e7-44b5-8b6d-21f5a900723d,this app is very useful and the fastest from all and can provide and transaction that is connected with Abyssinia bank an d I really appreciate this app download all of you 💞,5,2026-04-01,BOA,Google Play Store
7497bf9d-d88a-4afe-919f-cd61ba40fd1a,wow seamless mobile app ever made in ethiopia,5,2026-04-01,BOA,Google Play Store
88824219-5a9d-4ef2-badf-52e024ce13d5,on old android version it does not work well. crash many times.,2,2026-04-01,BOA,Google Play Store
735c3128-35a5-405e-96a3-4c410a121ce6,amazing,5,2026-04-01,BOA,Google Play Store
b0865f4f-ea17-402c-b2bf-90d6d379224d,not worik faki,1,2026-03-31,BOA,Google Play Store
79a4054c-46fe-4d2e-8cc6-442c0020ee0b,Nasir.mohammed,5,2026-03-31,BOA,Google Play Store
ec483ec2-7cda-4228-a653-c619b040b601,the best app,4,2026-03-31,BOA,Google Play Store
b7d31e6a-f8e4-410f-ae24-7f57d6953fb9,wage sw,2,2026-03-31,BOA,Google Play Store
11d461ce-ec72-4848-924c-05199d755cf9,great App i ever downloaded and used permanently due to its comfort and simplicity,4,2026-03-31,BOA,Google Play Store
8e6cc402-4e36-4ac8-b4b3-66000404803a,"I am very disappointed with the app's performance. It crashes consistently, and despite waiting over a year for updates, no improvements have been made. It feels more like a prototype than a functional banking service. I would not recommend using it in its current state.",1,2026-03-31,BOA,Google Play Store
99883283-5fc6-4b2b-967e-6b5b06f198e3,very good system,5,2026-03-31,BOA,Google Play Store
7f737c73-8378-4bb9-9ba9-15cb3e8e89d0,alem wode and mender,5,2026-03-31,BOA,Google Play Store
e2a82a78-9273-44ac-b977-0df28bd64619,kabuki,5,2026-03-31,BOA,Google Play Store
a0794b15-8f25-43c1-8da6-a0b5c1927efd,perfect,5,2026-03-31,BOA,Google Play Store
6b2692cc-2988-4e11-a0b1-17a4c3f2eb49,good,5,2026-03-30,BOA,Google Play Store
bf068adf-6697-418f-b15e-1a95c3a6aeda,የስልክ ቀፍ መቀየር,5,2026-03-30,BOA,Google Play Store
9f873cc8-69e8-45bb-8120-8e458d3803ff,boa is an amazing bank in Ethiopia thanks you for launching this platform,5,2026-03-30,BOA,Google Play Store
0ffcad51-e19f-48be-bde9-7e50b43dbc3a,thank you very much,5,2026-03-29,BOA,Google Play Store
2fcc8a11-46b1-41e1-9bf2-7e70d0d97ee3,Best app,5,2026-03-28,BOA,Google Play Store
6e16470b-e7c6-4c71-bca4-1ce27cf947a8,this app is great 👍👍👍👍👍👍👍,5,2026-03-28,BOA,Google Play Store
c1f1a9fb-254a-403f-acbe-e07b2d8d20b9,good,3,2026-03-27,BOA,Google Play Store
6a4beff5-6d78-4c91-ab6c-3e67e2b41a2b,በጣም ቀሽም እና ምንም የማይጠቅም App ነው አፖሎ ብቻ ሳይሆን አዲሱ Boa beta app እራሱ አይሰራም ussd ይሻላል እባካቹ አስተካክሉት ከቻላቹ በዛ ላይ other bank ስንልክ ከ3 ቀን በላይ ይቆያል ለምነ?,1,2026-03-25,BOA,Google Play Store
13362e54-101f-461b-80bd-ea333b1266cf,this apps is very nice to use.,5,2026-03-25,BOA,Google Play Store
cecc6389-8e17-442b-9884-1818bbb79ec0,Apollo is best mobile banking app,4,2026-03-24,BOA,Google Play Store
e9734bc0-a7a8-483b-9a6b-75415e6cd8d3,yes please,5,2026-03-23,BOA,Google Play Store
532c017f-f067-4616-8e54-8fd9a9155943,አልሰራም አለኚ,5,2026-03-23,BOA,Google Play Store
2abadca2-4ac8-4805-a3a5-630494f7de10,good,5,2026-03-22,BOA,Google Play Store
d05c7178-44c9-4c9d-b1ee-1121086ae883,bulky app,1,2026-03-22,BOA,Google Play Store
380662a8-e81a-43ec-8c1b-3f28e14f4af6,apolo is the best and suitable app for customer,5,2026-03-20,BOA,Google Play Store
18e0d5d9-e34a-41d8-be01-6ec7603e8c9f,very good app I opened my Apollo account my self without any support but the app requires strong network BOA is Great bank... Abyssinia 👐👐💪,5,2026-03-20,BOA,Google Play Store
caa8bd90-6e69-4cf0-a624-ecbe5594adf6,good job,5,2026-03-19,BOA,Google Play Store
213b5df4-9983-4336-8a21-6816c083b0fe,best app,5,2026-03-18,BOA,Google Play Store
41e4222b-c2f7-42eb-a9af-24e47271c48b,nice,3,2026-03-16,BOA,Google Play Store
6cfe37ea-375b-4acd-86e1-12400f94f5ff,i have this application& plate form are very moderate systematic account systems. you're used to this application more enjoyed .,5,2026-03-16,BOA,Google Play Store
1aa4c5aa-3abe-49e4-92d5-d5de0a261f94,"It doesn't work all the time, it stack frequently. I can't even send to telebirr.",1,2026-03-16,BOA,Google Play Store
b234d73f-8580-430c-9123-ff5eebd637f4,"It doesn't work on my phone. It shows the startup screen and closes. My device is Android 10. Update: Even after 2 years, it still doesn't work",1,2026-03-13,BOA,Google Play Store
d9d3e5b3-685d-436c-bc8a-0e09b513e2d8,awesome,4,2026-03-13,BOA,Google Play Store
80da1844-57d2-4a3d-a33e-8b031096abfd,usefull APP,5,2026-03-09,BOA,Google Play Store
b0021a57-0aba-4ba8-9582-835991cfa6fd,ደስ የሚል ነዉ ደህንነት የተሸለ,5,2026-03-09,BOA,Google Play Store
e771ec43-c9c2-4923-a343-e901db904404,very importante apps,5,2026-03-09,BOA,Google Play Store
0781db4c-2749-497f-8896-5874c392e61e,It's problem solve firm app I like it,5,2026-03-06,BOA,Google Play Store
fc520df3-7414-42fe-a050-49f0cb4f5c5f,amazing app,5,2026-03-05,BOA,Google Play Store
e48ca6f7-09ae-49a4-abc5-d07d5f625fb5,This Apps can't doing for me,1,2026-03-05,BOA,Google Play Store
57a7d36a-bff1-41bc-b198-1e5b0b992097,good to open new account but not fast enough to,4,2026-03-02,BOA,Google Play Store
a6eed4c1-04ed-4f5b-9d37-f054a7f1cd0c,transfer,5,2026-03-02,BOA,Google Play Store
6ce61e55-583c-43c2-9558-3ddc35e57286,"Good app, but can get better. work on it to make it faster like telebirr and fix crashing issues",4,2026-03-01,BOA,Google Play Store
4aa92f58-b9e0-4025-bd2b-c2f67975c68a,Appilication keeps crashing and you even couldn't see the comment. Choose Zemen Bank!!,1,2026-02-27,BOA,Google Play Store
667acce0-6f03-404f-9c7a-e543b102af62,"Good but didn't update profile details,upload profile photo,Scan Id and so on",3,2026-02-27,BOA,Google Play Store
61716803-5828-412c-a54a-f0fe98f392b3,thankful,4,2026-02-25,BOA,Google Play Store
03b227dc-df3b-4a87-9a70-7012fb172fac,"Sometimes error,it has so many problems",2,2026-02-25,BOA,Google Play Store
90283ab4-e976-4581-a45a-5e3285003d3c,this app is easy to use and fast i Have seen ever for buying air time for friends to yeah,5,2026-02-25,BOA,Google Play Store
90ce4985-54df-4635-b4c3-f82dbb6509b6,በሕይወቴ እንደዚህ ቆሻሻ አፕሊኬሽን አላቅም አንድ ቀን 200 ብር እራት ልበላ ተበድሬ cardless አዝዠው ሳላወጣ አውጥተከዋል ብሎ ሳልበላ ያደርኩት መቸም አልረሳውም አንድ ቀን የራሴን ባንክ እከፍታለሁ ያውም ኢንተርናሽናል ባንክ ቆሻሾች የካቲት 13/2018😭😭😭😭😭 እስካሁን ስለተጠቀምኩት ይቅርታ,1,2026-02-25,BOA,Google Play Store
dc635bc7-4990-4500-859e-a5101235ac15,special one,5,2026-02-25,BOA,Google Play Store
f17fbfaa-0040-457a-9f73-293126e63e17,good app,5,2026-02-25,BOA,Google Play Store
ac0f9a01-cd41-4e64-a81d-ba71ecc61ea7,"very nice ,",1,2026-02-24,BOA,Google Play Store
e145cf6c-9344-4755-bd45-6e8df0f17a28,Ok,5,2026-02-24,BOA,Google Play Store
3dd5d338-6b3f-4b10-bc88-09846ff501b2,excellent,5,2026-02-24,BOA,Google Play Store
36b6a1ec-ca52-469a-9598-303f0c28c7ca,wow,5,2026-02-23,BOA,Google Play Store
3b691c80-2b51-40b3-b79d-79a9b128d097,bad app,1,2026-02-22,BOA,Google Play Store
575d61c9-baf2-4566-b0ba-b2ab35f1fe2c,it's easy and understandable,5,2026-02-21,BOA,Google Play Store
e01645b4-c64b-47af-97eb-5a4667e3e0f2,worst app👎👎,1,2026-02-21,BOA,Google Play Store
bceffc5a-c9da-4e2c-9e16-823918ba9312,"Apollo and bank of Abyssina mobile banking both are the worst mobile banking applications i have ever seen in my life. Like a juinior programmer can even build a better app than yours! it always glitch, crush, full of bugs and errors. They say they are going to digital world while not fulfilling the bare minimum! Just stop mobile banking i don't think you guys have a hope. how can a bank like BoA can't have a good app? I've been writing feed back since 2013 E. C thats 5 years ago. shame!",1,2026-02-20,BOA,Google Play Store
eeb75c11-f7dd-474f-b7d1-1a1623fe7fd7,best,5,2026-02-19,BOA,Google Play Store
6ee5d57b-f421-477f-af83-a1330d2f4d77,good,4,2026-02-19,BOA,Google Play Store
db1c7221-d895-42c1-ac04-857f4f9edd9b,the app was good over all but so many unnecessary updates now and then without anything new,3,2026-02-18,BOA,Google Play Store
518cda0f-1266-41ec-ac09-9efe698bad16,This is very nice apps #1 to all,5,2026-02-18,BOA,Google Play Store
aaf2a22f-9a97-4460-9e85-b049d40a07ec,The most useless and nasty app,1,2026-02-18,BOA,Google Play Store
f89129da-0e97-456b-917f-aca6c5ee5fcf,ugly,1,2026-02-18,BOA,Google Play Store
380f2547-5f5a-4825-9567-a695f3962fec,Apollo is the best apps for me,5,2026-02-17,BOA,Google Play Store
290423b8-85a0-4cc8-ba84-4bd86139e825,The best one.,4,2026-02-17,BOA,Google Play Store
c34b7289-5b33-4d52-bcef-393f801cacab,It's Good,5,2026-02-17,BOA,Google Play Store
881b92f7-03a8-4048-9259-dae67a6e8ae1,"The most Clumsy application i have ever seen even am unable to verify my account,please try your best.",1,2026-02-17,BOA,Google Play Store
fd59220f-edd8-4baa-8192-e52a6edb0e9a,best app,5,2026-02-15,BOA,Google Play Store
3c526141-b763-433d-a512-d0323826371b,the worst app they send txt saying you can have a Loan but it's all fake just so you will install the app very bad app,1,2026-02-13,BOA,Google Play Store
41b2eab6-ba55-4575-aa9c-8e32d9740580,The app is has bugs nothing works u can't transfer money to other banks after a certain hours. worst app ever,1,2026-02-11,BOA,Google Play Store
8b5b7756-719e-4d9e-9a27-0dd4670aeb20,it is good app ....but make it UI better just like dashen superapp. ....,4,2026-02-11,BOA,Google Play Store
09dd9935-f81f-4258-b738-cf7e8cea8cda,"The worst mobile banking app I have seen until now, it has a lot off bugs it crush alot I couldn't even verify my account, please do better",1,2026-02-11,BOA,Google Play Store
822930b3-56d1-4000-a9d9-c4f0c4f5a2d9,iam always ricivd,5,2026-02-10,BOA,Google Play Store
4b5a1b1e-a274-40a8-bda6-5367a1b1c0b4,Abyssinia best of the best,5,2026-02-09,BOA,Google Play Store
05f7ba53-3281-448d-93df-46c536c43af5,OK,5,2026-02-08,BOA,Google Play Store
89314def-0d98-4004-9001-c61da4897c6a,goood,4,2026-02-07,BOA,Google Play Store
03afa4cb-0fb0-4b35-a011-e6b27ce2bcc3,"this app doesn't open , it say ,disable developer option",2,2026-02-06,BOA,Google Play Store
87e47f28-45d5-4808-a95d-439eaf139488,best app,5,2026-02-05,BOA,Google Play Store
18229dd1-debe-4535-be68-fab2fc70c64f,that bast app and they have70%safty,4,2026-02-05,BOA,Google Play Store
085c5025-4ed2-482c-9d20-a151f190e53f,this app work only in strong connection and some featured doesn't work like card digitizing,2,2026-02-04,BOA,Google Play Store
fb4618d6-dd79-4805-8cdc-3fedf0b21961,it's good future,3,2026-02-04,BOA,Google Play Store
cfce5fed-d005-4452-be82-abad056fa4bf,good,3,2026-02-03,BOA,Google Play Store
912473c4-b03e-403d-9802-619cff99caa9,waw that's so amazing👍👍👍😍😍😍😍😍🤩🤩🤩🤩🤩,5,2026-02-03,BOA,Google Play Store
630af3ef-7933-456a-b1bc-28caeb154b88,I have never seen a worst banking app like this; very slow and crashed frequently.,1,2026-02-03,BOA,Google Play Store
b370d610-1968-4baa-b08e-5267a992002b,good,4,2026-02-03,BOA,Google Play Store
80386d08-20a0-4035-8b32-191de696ca92,just nice,5,2026-02-03,BOA,Google Play Store
5c3754be-5179-4ace-b9a9-a8b5feb4222a,ደካማ app ነዉ በጣም,1,2026-02-03,BOA,Google Play Store
d5b6e5a0-0cd9-467c-b137-143b76de5fdf,This app has never satisfied me. It never was going well after step 2. It's use less.,1,2026-02-02,BOA,Google Play Store
7a9498f0-32e8-47cd-a867-7c24338ec72f,it's used not easy,5,2026-02-02,BOA,Google Play Store
b4c2d6b7-9ac6-4e52-8e1e-2f4a7b233e9d,"It is not working for me. when I opened it, it started and closed immediately.",1,2026-01-31,BOA,Google Play Store
1a615167-2483-4809-be6f-d2fc94a1fa0d,Intersting,5,2026-01-31,BOA,Google Play Store
6f5e5e2d-34c0-44f4-985b-666b99237440,good but Bank of abesinya mobile banking matching,5,2026-01-30,BOA,Google Play Store
6c98ed02-52fe-45c2-b67d-ef1214a96b80,grateful,5,2026-01-29,BOA,Google Play Store
4e2eec62-a288-4576-b2ed-03bb07f33420,Slow to log in! Some features are not even working like digitizing ATM cards,1,2026-01-29,BOA,Google Play Store
992315ce-ac97-4cd8-a75f-095e61625bb9,good,5,2026-01-29,BOA,Google Play Store
0ea03731-0a56-4a7f-b4ab-b7cec6570afd,It Didnt Work,5,2026-01-28,BOA,Google Play Store
e22a4fcf-249f-42a7-b439-05ecc733a59d,good. but some times is not work,4,2026-01-28,BOA,Google Play Store
d046f9bc-afc7-47e8-ba75-c654738d18c9,aside from some bug issues ... the app is good. but you need to have updates frequently.,3,2026-01-27,BOA,Google Play Store
40561e34-99ce-4503-a58a-f74232558fde,"This app needs a serious fixing. It's doesn't respond and always laggs, has issues during usage like random disconnecting and abrupt logout. Plis fix it.",3,2026-01-26,BOA,Google Play Store
a4bd3054-0dda-4d34-9615-7aaf3fb24f77,i like,5,2026-01-23,BOA,Google Play Store
860beb6d-9db6-4171-b2da-589cb88dd048,best,4,2026-01-22,BOA,Google Play Store
962ca6ee-84d4-4ded-9bbd-749d8293d456,the idea of the app was good but it does have many issues alot of bugs and the app crashes every time and you guys are not even making upgrading and bug fixes,1,2026-01-22,BOA,Google Play Store
8bdd04b5-36c4-4b3b-83a2-96058a5fa8c0,በጣም ፈዛዛ ወደ ሀላ የሚመልስ እና እጅግ አስቸጋሪ system error ብቻ የሚያውቅ ያልሰለጠነ app ነው,1,2026-01-21,BOA,Google Play Store
ba8888af-81d0-4643-9b8e-c70912c1d325,this app is not working well...its have some bugs and even you cant sign up/in it total stuck after some steps.. if in a chance you passes the registration it slows too.. developers pleas can you fix this bugs 👌,2,2026-01-19,BOA,Google Play Store
1a3b60fc-322a-484d-948f-1f17ec0c4497,love best one,2,2026-01-18,BOA,Google Play Store
49c461fd-6259-4fac-9499-c067c2f2364e,arif app nw,1,2026-01-17,BOA,Google Play Store
b6579bc0-e44f-44ad-8e22-ae65e7259b59,"Easily the most disappointing banking app in the sector. Unfortunately, zero stars isn't an option, otherwise that's what it would get.",1,2026-01-17,BOA,Google Play Store
f7674591-772c-4d40-8696-48e5bd3ee3c9,baste appe,5,2026-01-14,BOA,Google Play Store
664e4ff1-b764-48c1-8ce9-fb709c7fd1e5,the worst banking app.,1,2026-01-13,BOA,Google Play Store
41fa377a-9e6d-4c65-895b-2ebc0ca5fe16,the greatest idea the worset execution. forget everything and make it fast.,1,2026-01-12,BOA,Google Play Store
4905f1dc-5934-48aa-88dd-1f2d967ec414,Didn't know why people avoided using it until i try it my self. 😔,1,2026-01-11,BOA,Google Play Store
41a0409f-e869-4bab-bf2d-560f7a665675,too many crash and error,1,2026-01-10,BOA,Google Play Store
a2c8c30b-1c9f-47f0-a257-c660bf47fb55,Very friendly,5,2026-01-06,BOA,Google Play Store
f590c689-3de9-43b2-87b1-45f78d62ebd1,good service,5,2026-01-01,BOA,Google Play Store
c04e0f3c-6ee5-4580-a777-b36413de3bb3,"It was an app that I really liked, but there is a trend that requires you to have an Abyssinian bank account number.",5,2026-01-01,BOA,Google Play Store
facedcc6-3459-4c85-8815-cd93cf78ad06,always an error message. the worst app ever.,1,2025-12-31,BOA,Google Play Store
3d5ebc0b-0739-44b5-98cf-0f163c9d9e3c,wow,5,2025-12-31,BOA,Google Play Store
200bc773-9a8a-40ce-b014-233944d83fd0,በጣም ጥሩ ነው ይቀጥሉበት,5,2025-12-29,BOA,Google Play Store
e279737a-9fb5-4e21-aa2c-f482579dad5f,waw it's so good,5,2025-12-27,BOA,Google Play Store
c466dfb8-6c61-4717-9ae0-c47f1424486b,The best Financial App!,5,2025-12-26,BOA,Google Play Store
b69cf497-68eb-441f-aa04-f6c5db98d155,"I receive credit and payed always from banks such as CBE and Sinke, that's my expiereces",5,2025-12-26,BOA,Google Play Store
ed889f2d-4ba5-4f46-83f6-5e418ee24ddd,best app,5,2025-12-25,BOA,Google Play Store
95e40d42-ee53-4220-9501-429a3016ae18,The most trash app I ever seen and it's not even qualified for mini microfinances. shame on you who develop this and who approved this trash.,1,2025-12-25,BOA,Google Play Store
5c0dafe6-7745-46aa-840d-ca529fbbc6f6,"the worst banking app in ethiopia.. even shame on you BOA, this app doesn't match with your grace ..",1,2025-12-21,BOA,Google Play Store
9007a23f-80ae-436e-9de4-1e328a18e1a0,ኣፕልኬሽኑ ለምንድኖም ግዴታ developer option ግዴታ አጥፋው ይሚለኝ እኔ ደሞ ስልኬን ያለ developer option መጠቀም ኣልችልም,1,2025-12-20,BOA,Google Play Store
223af751-4ca5-49ee-8c2b-5685cac1a93a,it's not bad,5,2025-12-19,BOA,Google Play Store
c2ea7f80-59bb-48fd-bc82-dd1155ad58b7,very good app,3,2025-12-19,BOA,Google Play Store
58664608-d4ba-4014-b8a8-747b3a03b8f8,great bank,5,2025-12-18,BOA,Google Play Store
3943b039-d954-4d89-bfb5-bb16acad1509,Good luck,4,2025-12-18,BOA,Google Play Store
70ec03f2-c99a-488b-a2a5-9f4b6b3821e8,beset lone service,5,2025-12-16,BOA,Google Play Store
80c4ad2f-9ca2-49a9-9775-dbc5e44883b9,It Crashes a lot,1,2025-12-14,BOA,Google Play Store
400e2ae8-9063-47fc-ab69-3c3bcdd5f496,jirtaa,5,2025-12-13,BOA,Google Play Store
ebc956bc-a531-4630-9c33-06d9c0c66287,Best,1,2025-12-13,BOA,Google Play Store
f750bbcc-76d5-4316-a662-5592d6a41f88,Application is not working pleas fix it,5,2025-12-10,BOA,Google Play Store
feeb70cb-f42e-4356-80a1-2f455a5ee36d,My phone is reminding to put Apollo in deep sleep because it's crushing frequently and affecting the performance of the phone.,1,2025-12-09,BOA,Google Play Store
235dd054-1a50-42f7-ac1a-dda81d6c63da,good,5,2025-12-09,BOA,Google Play Store
7b6908a0-3a94-4fdc-ae4f-0fbf82578207,good,5,2025-12-09,BOA,Google Play Store
f549ef74-dd1b-4bd3-8a1c-b3b322f47a1c,the developer must fix the app it has the worst design the system does not work,3,2025-12-08,BOA,Google Play Store
e207d0c9-3e47-43cc-9e51-744a003265f5,አትዋሹ አታበድሩም።,1,2025-12-07,BOA,Google Play Store
aaa64de2-7412-443b-bffd-f94597c730d0,"I have this application. if you can see very good platforms service. so I am very happy. but,we can to enjoy like me. now download this app and enjoy into this platform. be happy and enjoy every time!!👌👌👍👍",5,2025-12-05,BOA,Google Play Store
5a8e4c32-9a6d-42a9-b0d0-4d4f5910974f,good app,2,2025-12-05,BOA,Google Play Store
52aeec52-524f-4a30-8104-8b2eb9162b75,ok,5,2025-12-04,BOA,Google Play Store
05129941-7a9f-4b61-964f-d69063683a0a,በጣም አሪፍ አፕ ነው።,5,2025-12-04,BOA,Google Play Store
cdf4715a-9158-4baa-927a-fa05cde73aa7,good,5,2025-12-03,BOA,Google Play Store
cd27f3f3-8934-4d90-b278-fe1b1cb183a3,I used this app to borrow many times. It is effective,5,2025-12-03,BOA,Google Play Store
9e6cd6a9-5933-42e7-b3fa-3e515c1c9159,oh very ugly app pls minimize the Space that takes time and it's not processes easly why ???,1,2025-12-02,BOA,Google Play Store
44379754-89ef-43c2-ac3a-676d23ae9252,the App doesn't log in,1,2025-12-02,BOA,Google Play Store
b5258ec2-2808-49f8-a283-c2d1329c4b77,very good,5,2025-12-02,BOA,Google Play Store
c077cde0-6a46-4ae2-94b5-e170f3a629f4,the grat apk,5,2025-11-29,BOA,Google Play Store
8f9fb8bc-3333-4e7a-b7d6-90eaea9415eb,"with out a doubt, the worst app you could ever download in 2025. awful. i could have given them 0 stars, exactly what they truly deserve",1,2025-11-29,BOA,Google Play Store
c66a4e3f-15e9-4b5b-b2b5-d5d5df86fe98,Absolutely Trash app,1,2025-11-27,BOA,Google Play Store
35044d08-6787-4cad-bc0d-139ad73b9f27,what an amazing app,5,2025-11-27,BOA,Google Play Store
152e66c7-307f-45f1-9e1b-f70d19387e5c,busy not functional,1,2025-11-27,BOA,Google Play Store
1475b401-7882-43cf-a785-97057deb65f8,"Completely useless. Nothing works the way it claims. It’s fake, unreliable, and an absolute waste of time. Don’t bother with it.",1,2025-11-27,BOA,Google Play Store
31ff292d-bcc9-42ce-8597-a43175e8ce63,okk,5,2025-11-26,BOA,Google Play Store
7032f0c0-a42b-4a64-8860-e4cee55335bb,it's better app,4,2025-11-26,BOA,Google Play Store
f6026f5a-6195-46c9-8e68-2d48bf121320,it is a good app,5,2025-11-25,BOA,Google Play Store
49bc6ac6-1699-4c66-8199-d18ad0d6eaef,"I Recommend the Apollo Digital banking service Because lt is Easy to use, suitable ,and safe .I am Proud of BoA for Always working Hard to Provide Its users with Modern And Complets Digital Banking Services.",1,2025-11-25,BOA,Google Play Store
7a6395cc-6448-4bd7-bc40-d0bd0fec7da1,Best App,1,2025-11-24,BOA,Google Play Store
bc0cc501-4373-4df8-928f-3b8295ed604b,best app,5,2025-11-24,BOA,Google Play Store
e3cb594a-e407-4d47-9aac-936c1af43d51,"This is a phenomenal app from the Bank of Abyssinia! It delivers a vast array of specialized services, most notably a user-friendly digital loan with fair and appropriate interest. Kudos to the Bank of Abyssinia!""",5,2025-11-22,BOA,Google Play Store
770f1e91-1e5f-4dfc-896b-e4d3b7f1a303,Good app,5,2025-11-21,BOA,Google Play Store
2c5a2df4-e848-4586-adcb-19b3184130f6,The most Buggy app I have ever used.,1,2025-11-21,BOA,Google Play Store
cad74368-1ddd-4991-b195-5a879a633200,Wow,5,2025-11-20,BOA,Google Play Store
cd0c882b-8804-4e1f-a21d-58aa46e5b39f,wow,5,2025-11-20,BOA,Google Play Store
b76fb8c4-b03e-44ef-a59a-effe691e1529,Crashes every time I need to do anything,1,2025-11-17,BOA,Google Play Store
996e8b42-0d1b-486c-b654-f0c0a4f2bc39,"Don't Waste Your time, crashes frequently! ! uninsall it! ! Useless generally .",1,2025-11-15,BOA,Google Play Store
ab276770-a297-42bf-ba71-eba494165a42,i couldn't register online. it says system error every time,1,2025-11-15,BOA,Google Play Store
55730bb1-c458-4286-b0e0-d0dc7f669792,ok,5,2025-11-14,BOA,Google Play Store
40b9553f-5ccb-4298-8b43-58d9d1042e87,one of the worst app while it's features are really good but the app always crash what I can say is please at least make it like the BOA mobile banking app I thought the crush was due to my network or phone but everyone I asked about the app tell me the same thing please fix this thing,3,2025-11-14,BOA,Google Play Store
01e50281-844e-460c-8365-853566f7d8c7,great,5,2025-11-14,BOA,Google Play Store
125c411d-af63-490e-8c94-2726b3f8410a,"The app is not opening after I updated it, but it has the best features I've ever seen, especially when they add a digitized ATM card.",1,2025-11-14,BOA,Google Play Store
8648f0a8-c1a0-4092-83bc-a47f1e940556,"ምንም star አይገባውም ግን ለ ሞራል 1 ይበቃል!! Apollo የሚሠጠው ለየት ያለ አገልግሎት ምንድን ነው? መቶ ሺ ብር ብድር ይሰጣል ስለተባለ, እሱን ሞባይል ባንኪንግ ላይ ወይም BoA ላይ ማካተት ትችሉ ነበር... Apollo በጣም lag እና ክራሽ እያደረገ የአሰራር ጥራት ጉድለት በጣም አለው... አሁን በሠለጠነው ዲጂታል ዘመን ኢንተርናሽናል ገንዘብ ገቢ ማግኘት የምንችልበት app እና vissa አገልግሎቱን ማቅረብ ሲገባቹ... ግን ደምበኞችን ወደፊት የማያሻግር አሰልቺ አገልግሎት ማቅረባቹ የሚያሳዝን ነው.. ወጣቱም ሁሉ በ online ዲጂታል platform ስራ እየሰራ ገቢውን ለማግኘት ተቸግሯል ግን የኛ ሀገር ባንኮች የህዝብን ወቅታዊ ፍላጐት ሳይሆን የራሳችሁን ጊዜ ጐታች ፍላጐት ነው ምሠሩት... ከጊዜው ጋ አብረን እንጋዝ!!!",1,2025-11-10,BOA,Google Play Store
71fdcfcc-4f9d-46b9-ade7-c1155033f6a3,good for neo Banking,5,2025-11-05,BOA,Google Play Store
aedec571-3461-491d-9a35-6d769f077b53,Nice one thanks,5,2025-11-03,BOA,Google Play Store
43c6c67d-693d-4ba7-bf1a-57352890f3ea,its kind of bug it stucks all the time and starts over,1,2025-11-01,BOA,Google Play Store
4aa19e93-4a0f-4eb4-b2c8-65f49097d734,not work,1,2025-10-30,BOA,Google Play Store
c6555333-4a2a-4c71-881b-5b5da852fc35,it is very fast transfer app,5,2025-10-29,BOA,Google Play Store
dea125eb-11c8-4035-ae9b-c81c819ce7be,its God Bank,5,2025-10-27,BOA,Google Play Store
eec372d5-ace4-44c9-8a07-a81d7167a0d8,good jop for .,2,2025-10-22,BOA,Google Play Store
da5e1ab6-be3d-42c5-8a3e-c7b513b59f74,the worst banking app in Ethiopia. it's very slow and never work. it works once then stops. it held my money for a year. and when you go to banks they say we can't fix the issue call the no. when you call them they say we can't fix the issue over the phone go to the bank they are very uneducated and low minded people and structure.,1,2025-10-20,BOA,Google Play Store
86f50ccd-8c69-4aca-aee0-02d0989db1fb,must use this app very useful,5,2025-10-13,BOA,Google Play Store
0dc6d171-373d-4574-9c40-9f291a0dcdcb,Apollo loan process fast digital application fast approval payment transfer account,5,2025-10-09,BOA,Google Play Store
2a277889-6691-4b5f-b8b6-074d43cce400,so hape,5,2025-10-08,BOA,Google Play Store
21b02d3b-8482-460a-9f84-f3a9b730d6e6,"Worst application i have used ever, it has bugs everywhere, stuck everywhere, does not respond and visually bad",1,2025-10-08,BOA,Google Play Store
2b7d8b3b-8f49-4454-a10a-decdcb975618,that is boring app✋✋,1,2025-10-04,BOA,Google Play Store
028cbe4c-9f32-4407-8135-e7a0b37cf83d,app is. slow download more. time give as please. app fast. time download app. more. better.,5,2025-09-20,BOA,Google Play Store
9f4686b9-01b4-4540-92bc-e7180022b6ea,it looks good but on the system part it got many problems..,1,2025-09-13,BOA,Google Play Store
ec2a4825-d0c0-48bc-a302-6d01197c1ecc,lam waiting for a long time this app from BOA and l like it too much to introduce for others,5,2025-09-13,BOA,Google Play Store
2dd4f331-18b8-4d40-807d-0d17da65bc09,Best,5,2025-09-12,BOA,Google Play Store
f6934500-5d88-45ca-aad8-f9cfe22a55d3,updat,5,2025-09-09,BOA,Google Play Store
5d778716-e9c8-4213-8839-eb6b8ba7a8dc,it's useless app.it have a big problem with internet .simply west our time .i'm so sorry,1,2025-08-30,BOA,Google Play Store
c079c2cb-32cb-41d3-a805-55d0822799b1,"When we transfer more than 5000 birr, we are asked for an OTP.",1,2025-08-29,BOA,Google Play Store
6a7f2b68-9227-496f-9d71-2e2b18303dbc,happy bad,5,2025-08-25,BOA,Google Play Store
b1657114-de05-47d6-8334-d3a00fbd86c1,The worst app I ever seen in banking history. It accepts only credit while not allowed to withdraw money.,1,2025-08-23,BOA,Google Play Store
581d60ec-bca2-46a3-b552-4a4d02db425b,good 👍,5,2025-08-22,BOA,Google Play Store
f8da931d-8a0f-4495-b14b-112c70169c34,"work on it, everything on the app is glitchy,late just worst experience",1,2025-08-20,BOA,Google Play Store
d50da920-4c97-44c9-b59d-1f7939da327b,"አይሰራም።Something wrong , please contact us if problem continues.please Review all Features Work or not in the Stupid App called (Apollo), It's so pathetic",1,2025-08-17,BOA,Google Play Store
81a53a75-b262-4095-8818-ec3f5bca754b,very good,5,2025-08-14,BOA,Google Play Store
04d6aac1-8c80-4419-83af-1e8157865af1,good luck,5,2025-08-14,BOA,Google Play Store
27cd8262-d4b8-4d7e-943f-3c08d8314ef9,keep up the great work!,5,2025-08-13,BOA,Google Play Store
d109423c-9e8a-42b3-9c3a-38b74fa45ba2,Disgusting app I have ever used.,1,2025-08-13,BOA,Google Play Store
38ff5f25-1d28-480b-9172-73242ae479fa,a dump app!!!,1,2025-08-09,BOA,Google Play Store
cee95094-fdc2-4856-a16a-f4fbd4b7c191,Best app. Apollo,3,2025-08-05,BOA,Google Play Store
b34fe07d-a7d4-4864-b587-80fdbf50d586,"The app crashes when not even using it, doesn't open sometimes and not easy to use at all, especially if you're not using ethiotel cellular data.",1,2025-08-04,BOA,Google Play Store
3d77597b-8589-43d8-a2a0-72149f042268,nice apollo woow!!,4,2025-08-03,BOA,Google Play Store
8993f09a-571d-4585-a891-caa653ee5644,Needs so much improvement,1,2025-07-31,BOA,Google Play Store
96467bd6-910c-4b4e-9108-b07c658f25d7,good,3,2025-07-30,BOA,Google Play Store
b620198d-9165-42d5-9202-47f2c82d02fe,my best with high interest rate,5,2025-07-29,BOA,Google Play Store
1350b85f-d75f-4071-bb93-7abc27fc4cf2,good,5,2025-07-28,BOA,Google Play Store
f0c156b1-8091-43e3-8f6c-dc16da5d6248,worst app......,1,2025-07-26,BOA,Google Play Store
18fd1b24-f9ff-4b0b-9901-fddfe74a6fdc,sick is your appollo When you spend a lot of money it asks for an opt and we kids abroad are suffering,1,2025-07-25,BOA,Google Play Store
e172337d-24e1-43d3-a30a-e4c82a4fd08b,This app doesn't look to represent the tech centered Abyssinia bank. it fails transaction without sufficient explanation,2,2025-07-25,BOA,Google Play Store
8d66dd8a-1116-4892-8009-b2243dd2a53c,the worst app! it crashes everytime it needs a lot of improvement and also login problems,1,2025-07-22,BOA,Google Play Store
790a113e-fd9f-47b1-8880-5278fd09f32c,its beta program is found full,5,2025-07-16,BOA,Google Play Store
2e7621cf-69e7-4da2-b7af-16c8e0a827b1,"I can't believe this made it through your testing team, what a disappointment of an app",1,2025-07-15,BOA,Google Play Store
154ebeac-27c4-446c-90a1-7c328685984d,Unable tomake transaction now please try Again,1,2025-07-14,BOA,Google Play Store
dfe35dbc-3c24-44cc-9f99-fddc82916a79,the worst app I've seen in my life u guys need to improve the app functionality.,1,2025-07-14,BOA,Google Play Store
3443a48a-a53e-4e93-be4e-5638a1f03b11,"Frustrating experience. Crashes frequently, ask to enable internet connection despite having a good internet speed, unresponsive most of the times takes too long to process every action. You simply can't rely on it. Edit: one year since my last review and somehow they managed to make it even worse, why is it crashing without me even opening it?",1,2025-07-11,BOA,Google Play Store
456273c1-88b2-4a29-a281-53fdc041cf65,good app,5,2025-07-07,BOA,Google Play Store
5692665d-ed11-4484-957f-aaa6acd4789e,excellent user-friendly,5,2025-07-07,BOA,Google Play Store
8558c812-140e-433d-93a4-4eb4c52c2905,ok,5,2025-07-04,BOA,Google Play Store
b812a366-5ff6-4c82-ac24-2147acb131b5,cool,5,2025-07-04,BOA,Google Play Store
b386c010-ed08-4af4-97e5-2f99d790f800,very nice app,5,2025-07-01,BOA,Google Play Store
de53244f-d333-47e4-9683-190b3e9eaf4f,est ap,3,2025-06-30,BOA,Google Play Store
8aad2f3a-fd38-4911-b15d-d41ad771f4c7,This is the most boring app ever I used,1,2025-06-28,BOA,Google Play Store
c4c2cbc1-aae3-4972-8951-cac82f4aec97,Great Bank BoA,5,2025-06-28,BOA,Google Play Store
236c5eee-84df-41fb-9332-c0064e04fcdd,don't download this app they are scamers they took from me 1550 from me. play store have to ban this application this is not app it is scamming.,1,2025-06-28,BOA,Google Play Store
9c74b92b-4868-480c-88be-7c90e419c441,App kana fayyadamun ko bayee nati tolaa kanaafu kanaafin you,5,2025-06-27,BOA,Google Play Store
955156e9-de94-4de4-aa49-44338294ae29,"It is not allowed credit, false word of mouth.",1,2025-06-26,BOA,Google Play Store
208df94b-08c2-4cc6-bdc1-0bf938d4257f,"Unfunctional app. I tried registering many times, but it doesn't even send an OTP.",1,2025-06-18,BOA,Google Play Store
5f4abc88-9511-4bb4-91cc-565f7953d524,the worst application does'nt work,1,2025-06-16,BOA,Google Play Store
0ddef3c2-c66c-4560-a051-45c3b66bbc03,"the worst banking app. I have tried to forget pin, but the face recognition part is not working/loading. You kidding this is a business you have to do things better than others to compete in the market.",2,2025-06-16,BOA,Google Play Store
b757ac75-df4d-44d4-9575-1f1f6ca9150a,ኣይሰራም። በጣም የሸግራል።,1,2025-06-15,BOA,Google Play Store
738247fc-0b86-44e6-ac87-8e31c484b25a,Good,5,2025-06-12,BOA,Google Play Store
a792e71c-3731-4eb2-926b-a5e3b8398236,good,4,2025-06-12,BOA,Google Play Store
13e7ae87-95ec-42d0-8c8d-5a0a13639a40,good,5,2025-06-11,BOA,Google Play Store
de3c8a02-ca97-4d97-8611-19dc3e4a3482,it stop while using it,4,2025-06-08,BOA,Google Play Store
322a5792-6c06-4e6e-b25d-b9859d0288fe,Worst app I ever used,1,2025-06-07,BOA,Google Play Store
6bfda2ce-053e-4987-b71b-b05ff9471188,exceptional,5,2025-06-03,BOA,Google Play Store
737c4247-b1dd-47e1-b50b-50c793d2e9ba,good app,5,2025-05-31,BOA,Google Play Store
8533169a-f415-478b-9796-4e4f7d645f97,ok,5,2025-05-30,BOA,Google Play Store
9d0dd9a2-b998-4344-88fe-4ba418806061,wonderful App you can open account from HOME,5,2025-05-28,BOA,Google Play Store
57ee3130-24f9-493c-911b-cb371c9cdabf,Best Bank in African,5,2025-05-28,BOA,Google Play Store
abd360c0-7d19-4b1e-81f0-2284c89c47cc,nice,5,2025-05-27,BOA,Google Play Store
a7f4231e-bc54-4180-826f-66976e8830f9,excellent,5,2025-05-24,BOA,Google Play Store
c5064dca-401f-4a0b-ae35-fbd83f8b37cf,Very good,5,2025-05-24,BOA,Google Play Store
55f036b8-c9ea-479b-aa9c-7441a160c6a7,Ok,5,2025-05-19,BOA,Google Play Store
6525cc22-3dda-4d1d-b97e-721eae5c324b,Very good 👍,5,2025-05-16,BOA,Google Play Store
324dc894-2487-4e35-b89d-e28f95a29af4,it is a great backup service when you need some cash .,5,2025-05-15,BOA,Google Play Store
3af94ce3-22c7-4501-9be2-7ef9e2e40dd8,"I only use it to get a loan. I do not use any other service, because I might die of aging too fast. The patience it needs to load after each touch might kill some one. This app should be arrested for murder. Like I said I only use it to get a loan and repay it back, which ofcourse of there is no history of movement the loan amount provided will decrease significantly, so coming soon I'll quit using this app.",2,2025-05-13,BOA,Google Play Store
f1fc1587-79c9-4fc6-81dd-8c9febb60ed9,Good app,5,2025-05-13,BOA,Google Play Store
4f669514-a15a-4c44-853e-8f916df3c241,"It's completely non-functional, even basic things like looking at your account details don't work. I was actually surprised by how a bank could rollout such a product to the public. such a failure.",1,2025-05-12,BOA,Google Play Store
fc394011-5057-404e-b844-16f73efe305b,"It doesn`t allow me to put otp; however, it sent me otp",1,2025-05-12,BOA,Google Play Store
7ddb46a2-a290-481e-8a9a-6f04ff47e614,it's good idea so I have seen in my banking Experience.,5,2025-05-09,BOA,Google Play Store
547b74f0-9b06-4a82-ba84-2751814a4233,Good,5,2025-05-09,BOA,Google Play Store
580f85e8-4e4f-4a8b-be3d-f96b02f3daac,"The most weakest app really. I have been trying to make transaction 1001 times, but still says ""you can not make transaction now try again please"". i think it's nice to review your app again and correct such serious problem. Thank you for understanding🙏",2,2025-05-08,BOA,Google Play Store
74584841-bc75-4d77-ac3b-9b39cb2789f9,wow,4,2025-05-07,BOA,Google Play Store
7fd5adc6-5d15-4f43-bf3b-d38475148fd0,nice,5,2025-05-07,BOA,Google Play Store
f0098037-2d84-425a-bdab-95befd981834,Mubarak,5,2025-05-06,BOA,Google Play Store
2ea52aa2-2af6-4230-a7a6-593b432716be,nice,5,2025-05-06,BOA,Google Play Store
3be91c11-e751-4b6e-a02e-c0389024dcf8,is not work,1,2025-05-06,BOA,Google Play Store
1f3fa965-504d-4ef9-837d-ce7e7d4c7f48,ተመችቶኛል ብድሩ,5,2025-05-06,BOA,Google Play Store
f5cd5e1f-4681-4fcf-81d4-e9c7c2655078,nice app,5,2025-05-05,BOA,Google Play Store
63231750-7671-48d6-b00f-f7a4510ec510,how i open,2,2025-05-03,BOA,Google Play Store
7e9784a7-93aa-4e58-afe0-2f8d333ea411,best abesinia,5,2025-05-03,BOA,Google Play Store
ffba9f56-074b-4ba4-8dfc-165af4dad23b,very important,5,2025-05-03,BOA,Google Play Store
d6219473-c007-4e7a-9155-120e14ad3ff6,I'm very happy in this app.,5,2025-05-02,BOA,Google Play Store
b1dee62d-87c8-4043-a5e3-274dd3143e4c,its non functional apps,5,2025-05-02,BOA,Google Play Store
d7167f22-d9b3-4499-838d-67a75ce9d116,great,5,2025-05-02,BOA,Google Play Store
1aff1314-04d5-4a51-b2b8-369f14654833,very app,5,2025-05-01,BOA,Google Play Store
d00aab8d-3253-4b20-a4d3-dbb92024efce,oh tired !!!!!,1,2025-04-30,BOA,Google Play Store
3664ab51-a041-4003-9f85-b5a7b0891e97,it's great but sometimes suddenly it crashes,4,2025-04-29,BOA,Google Play Store
853b0145-65c5-4809-a46b-c0df754fe40e,good,5,2025-04-29,BOA,Google Play Store
68bdb6b0-06ac-40e4-a439-ec26a8faa8f1,good,5,2025-04-26,BOA,Google Play Store
267a9721-9747-4308-9802-9e99857f4b93,naic and all,5,2025-04-25,BOA,Google Play Store
8b076071-be89-4354-a1cb-a8a0531468b9,"The application contains numerous bugs, resulting in inconvenient functionality.",1,2025-04-24,BOA,Google Play Store
a9800642-3122-4fdd-aa17-df88e232b595,usefull platform like digtal card,5,2025-04-24,BOA,Google Play Store
7e099581-e68d-4f07-b71f-cd151032a6a8,nice but some corrections needs,4,2025-04-24,BOA,Google Play Store
b1363b77-4429-4b3e-bb9f-39ae3793128e,best app,5,2025-04-24,BOA,Google Play Store
76fbdfc0-e10b-4c5e-adb2-6cded2415702,the worst financial app.,1,2025-04-23,BOA,Google Play Store
66382ffb-face-42f5-b72f-42d7ca86fe5a,Apollo is a better than other's,5,2025-04-23,BOA,Google Play Store
fca87439-aad1-46f1-a438-04fdd11664fa,i like it,5,2025-04-22,BOA,Google Play Store
e0e85edc-db2a-4670-b351-e87f80544afb,the app not working,1,2025-04-22,BOA,Google Play Store
a346daf8-b6e3-424e-839b-630bec30cc47,GOAT App 💪,5,2025-04-22,BOA,Google Play Store
cf17b21b-780a-4577-a8d8-74f8fef78fee,best application,5,2025-04-21,BOA,Google Play Store
d8ed04d2-ef15-4162-b1a6-5f75647926a5,"The app has improved, nonetheless there is a long way to flawless functionality.",3,2025-04-21,BOA,Google Play Store
a72c07e8-b64d-4817-acab-e0d587d13b98,how can i open Apollo app?,5,2025-04-21,BOA,Google Play Store
2a89f790-3981-44be-929c-e035f242a9d5,✅OKAY,5,2025-04-19,BOA,Google Play Store
ac46fa71-8b99-44a3-bb33-4231626ac910,wow,5,2025-04-18,BOA,Google Play Store
64ec3015-2085-49a7-9ca4-a9a8b94b8272,it's very easy but makes crazy nice job. Bank of Abesina,5,2025-04-18,BOA,Google Play Store
cac9d5e6-c186-4f93-8a46-7ae1ee41a5fc,I suggest more improvement and upgrading on it,2,2025-04-17,BOA,Google Play Store
7a86af95-e640-463c-a2b6-6cff07e8851b,"it's good,but apps not working properly especially login and during transaction time",2,2025-04-16,BOA,Google Play Store
c8559ec7-b9e2-4705-9c59-fe1949e88a87,ምርጥ ነው በርቱ 👍እስታክ አለው,5,2025-04-16,BOA,Google Play Store
55e0af50-687e-45ec-9f2f-8628ec0e4cca,I am downloading the app😂 I will tell you after I use it,5,2025-04-16,BOA,Google Play Store
316c4e82-9e03-4cac-902b-b049c233baa5,"disgusting app. please reconsider before installing. I even tried to contact the call center, but nothing fruitful. I can see that how much the advertising loudly speaks, on the ground it is not functional at all. they told me to uninstall and reinstall again, and i did it for 10 times but nothing improved. don't install this app.",1,2025-04-16,BOA,Google Play Store
7037f4c3-ff62-4ea6-884c-9a3ac99dd691,I have no idea its very complicated 😕,1,2025-04-16,BOA,Google Play Store
33e5f3ef-ce3f-4f2a-b0b8-db91796ea05d,"I highly recommend not downloading this app. I can't see my balance, and it takes eternity to load. In my opinion, it doesn't deserve the hype on social media.",1,2025-04-16,BOA,Google Play Store
4d3a7ab8-bb94-46e6-b1fb-fe9651b0c865,THIS IS THE WORST APP EVER...Please do not engage i advise you,1,2025-04-15,BOA,Google Play Store
ae5c2f65-a36c-4d40-a601-1bef54741b72,why didn't worked correctly on my device,5,2025-04-15,BOA,Google Play Store
3ddc93e3-fa66-421a-bba4-61337547ebfe,best,1,2025-04-15,BOA,Google Play Store
5899189e-c160-4b7a-ab95-9dc126d75269,helpe mee,5,2025-04-14,BOA,Google Play Store
6babcef0-cb84-427c-980b-961595c646f1,There are too many troubles and issues while trying to login or using the app. You had better to re develop the software,1,2025-04-14,BOA,Google Play Store
f56c7bfa-c10a-4cda-989c-76ce11540ffe,"This has been the most disappointing financial app I’ve ever used. It’s completely non-functional—I can’t even access the funds I entrusted to this platform. Despite numerous negative reviews and feedback, the bank's higher officials have taken no meaningful steps to resolve the issue. This lack of accountability is unacceptable. I would be happy to give it less than one star if that were possible.",1,2025-04-14,BOA,Google Play Store
1f77facb-6628-4fd0-8022-ecf033b5b4a9,to much complained about why still.,1,2025-04-13,BOA,Google Play Store
d53048f5-fe0a-407a-9d19-5f7b31028935,isit true or not app,4,2025-04-13,BOA,Google Play Store
121756bc-2f6e-4829-92e1-de1ec511f326,best of apollo nice,5,2025-04-12,BOA,Google Play Store
5dfa7447-e45a-4664-bcfc-4f8c66fd1d82,i have intrest for yoth thise app,5,2025-04-11,BOA,Google Play Store
5ef75acb-a50f-4c66-a26e-b458d8774add,This is by far the worst application I’ve ever downloaded on my phone. I strongly advise others not to install or use it. I believe the developers or concerned parties need to make significant improvements to enhance the user experience.,5,2025-04-11,BOA,Google Play Store
f75aa159-e406-4587-9fa0-7efc5710beae,"the app is user-friendly and I love the platform it contain usefull thing like loan,QR code, and digital card",5,2025-04-11,BOA,Google Play Store
ccc6e233-2069-4272-bab7-dd95e3ec7fcb,it's not functional,2,2025-04-11,BOA,Google Play Store
b76d3ceb-ddf0-46b1-b109-70a8a8702332,very slow booting,3,2025-04-11,BOA,Google Play Store
4a0105d7-11e2-4ff4-84b5-1517c03fe4ea,"I've known this app for 4 years now, and it's still completely unusable. I can’t even create an account. When I try to sign up, it says “User already registered.” But when I try to log in with the same details, it says “User doesn’t exist.” What does that even mean? It makes no sense at all! The app feels broken and unreliable—even after all these years.Still waiting for it to actually work...",1,2025-04-10,BOA,Google Play Store
9f7ea251-1bd5-46df-a1df-62d145012e16,የማይረባ አብ,1,2025-04-10,BOA,Google Play Store
86abaccd-40ad-4f1c-9e89-ece6de13042f,waw best app,5,2025-04-10,BOA,Google Play Store
1435871b-dec5-407b-b442-aa3ab3ff168c,apollo app abisenya bank my 1choice,5,2025-04-10,BOA,Google Play Store
6c6a3a32-93c0-4feb-b1ec-1237a2ec0bbc,it is nice for merchants,5,2025-04-09,BOA,Google Play Store
9c475619-747a-4b4c-8364-931c2515942e,pece,5,2025-04-09,BOA,Google Play Store
e7edae46-dbd7-4a1f-b957-e6189f6ca35b,thise plat form is the best,5,2025-04-09,BOA,Google Play Store
fcec65d1-1bae-4223-8a4d-ce78228de8b5,Otp does not arrive either via email or phone number.,2,2025-04-08,BOA,Google Play Store
d784b127-1289-4522-80d8-f0152dbd3e7c,good,5,2025-04-08,BOA,Google Play Store
a13d6cf9-14ce-43f5-a737-1ed2c1d8849a,BoA Best,5,2025-04-05,BOA,Google Play Store
590969fa-f992-47a4-b047-ce0a7bdfd477,"it is abest platform that i have seen in my banking experiance. its features are best and helpful. i injoy self account opening with out any needs of branchs, digital loan and card management(digital card). but i have seen some drawbacks like 1, card digitalization is not always active, 2 the system is not fast and needs strong network to login , 3 it is not work when we login with another phone.",5,2025-04-04,BOA,Google Play Store
cc874eef-b08c-4ce6-ad3c-5f4a69b16839,"I have been using apollo for about a year but they took all the money in my account. For some reason I don't know. When I asked them, they told me to come to Addis Ababa in person and ask, but I opened it online. They are very suspicious. Be careful 🙏",1,2025-04-04,BOA,Google Play Store
b55cc2e7-4476-4ace-b0e5-7a4d7252b289,whay no work?,1,2025-04-03,BOA,Google Play Store
ebdfec94-1af7-49b3-a99b-062cfcf3c532,"great app for financial services,but why we pay?",5,2025-04-03,BOA,Google Play Store
5ad2d680-8786-4538-980c-ec8bd06ff007,most of the time it doesn't even work at all. It just freezes over. BOA should seriously consider improving it or discontinuing it. This is embarrassing!,1,2025-04-03,BOA,Google Play Store
28c23c34-aa1c-41f5-9a0c-f3a7fc23aea7,it make annoyed every time I uses it.,1,2025-04-02,BOA,Google Play Store
64a09d7f-ded1-4d41-8c2f-9469172ce352,The app does not work existing account and creat new account what happen?,1,2025-04-02,BOA,Google Play Store
a4514b94-1c08-42e9-9c9b-c2f168bcc1fd,it's best mobile banking app,5,2025-04-02,BOA,Google Play Store
b9f7b0d9-97e4-4e33-b615-ba807b5ea5e8,good,5,2025-04-01,BOA,Google Play Store
698d7535-3947-4c05-8351-29190164cd97,A very nice apk to have a bank account with out visiting branches.,5,2025-04-01,BOA,Google Play Store
5e4c1f26-91ed-43a9-866d-b3c9a2bd442a,good app,5,2025-04-01,BOA,Google Play Store
ff14180d-c94d-4d43-9d5e-f1dc02b79f07,"Its not opening, neither updates",1,2025-04-01,BOA,Google Play Store
b5a10c2f-ea8b-4655-b5ba-ddd8da524c25,its the worst app,1,2025-04-01,BOA,Google Play Store
f5dfc77e-26dd-4374-a63f-152469c8263b,great and easily operated app,5,2025-03-31,BOA,Google Play Store
f21c84f6-6e46-4300-9b58-470d13aed2f5,it's fantastic application use it everybody.,5,2025-03-31,BOA,Google Play Store
4c8b98e7-815b-4e7f-be98-9e348470b977,it is intersting,5,2025-03-31,BOA,Google Play Store
d1ff4769-be41-49bf-82b6-6b9d568ab374,ok,5,2025-03-30,BOA,Google Play Store
ff861446-5683-424c-a29e-5beafae3c3fa,boa,5,2025-03-29,BOA,Google Play Store
20653a99-b066-43f8-aaf7-279d10d79781,improve my business,5,2025-03-29,BOA,Google Play Store
3e927f32-1416-4c5b-9394-87caed14823a,the worst app I have ever used. It is disgusting even after update. make quick improvements before it is too little too late,2,2025-03-28,BOA,Google Play Store
0a7c2ec3-b72a-4202-9c5b-8266d89ae435,what an app. You don't need to go to bank to open an account!!,5,2025-03-28,BOA,Google Play Store
0c4a5c83-675d-4a59-9038-4257bfdb7d56,i used to like this app,1,2025-03-28,BOA,Google Play Store
d4584d81-c651-4b89-acbc-2dacc19e09dc,it is not working just a black screen crashing many times,2,2025-03-28,BOA,Google Play Store
6a00d720-7ff2-4c61-ac35-c198b641eef7,"One of the worest apps U've ever used, it crashes all the time...የአንድ ትልቅ ባንክ መተግበሪያ ነው ለማለት ራሱ ያሳፍራል",1,2025-03-28,BOA,Google Play Store
16c3b213-10df-47f1-b618-4e1fcad47daa,"hello,well come to new apollo app digital transaction...or appol app electronic money transaction system.....we are going to create new country .....with new innovetion....new future...new idea ......new technology.... with new app.......thanks",5,2025-03-27,BOA,Google Play Store
cc7181f7-256b-45d3-82d6-cbf96f8d499a,not experiyanc,5,2025-03-27,BOA,Google Play Store
3ad2521b-78b9-4e37-854f-e1e879d603b3,Won't even let me type otp,1,2025-03-27,BOA,Google Play Store
1b489e72-5128-42f4-8796-8aae94013061,good,4,2025-03-27,BOA,Google Play Store
1d970eb2-9e41-4f99-b65a-99a5403db1df,good,5,2025-03-26,BOA,Google Play Store
e2affb05-a40b-4a93-9ce5-e069345b00ef,I think the App will help me in connecting with the financial institutions easily allows me to create and manage my bank accounts without having to visit a branch.,5,2025-03-25,BOA,Google Play Store
eaa336a4-216a-4ac0-97ed-bd4b56c4053c,whay not work?????,2,2025-03-25,BOA,Google Play Store
1b5719c3-e50b-4cfe-91c7-648c44b50da5,I can't open,5,2025-03-25,BOA,Google Play Store
10c2e3e0-38be-486e-89fe-25ce5e625c76,good,5,2025-03-24,BOA,Google Play Store
1d2ce4a5-dadc-4aa1-b2c2-113af39aa457,It is difficult to pay off our loan and borrow again,3,2025-03-24,BOA,Google Play Store
180f4955-9012-499d-bd35-86a9fc412be1,good apps,3,2025-03-23,BOA,Google Play Store
300e25d2-4e23-4067-b2db-06bf7901472e,the app doesn't work! it ranks at top useless apps created by BOA!,1,2025-03-22,BOA,Google Play Store
49198e2c-365d-4adb-9b60-2b478413a76b,it was good at first but now it keeps lagging and it crashes.,2,2025-03-21,BOA,Google Play Store
639a413a-7878-4534-8e46-d6f0364484b4,good app,5,2025-03-21,BOA,Google Play Store
fb0bfcb5-3eb8-44c5-81ca-49b2a91025b8,good,5,2025-03-21,BOA,Google Play Store
f63e7850-ef3d-4ac5-a437-db7b1d9d26ed,The app free during transaction and terminate by itself and become boring mobile app. It is good if work hard to fix bugs and errors occurred. BUT I LIKE THE APP.,4,2025-03-20,BOA,Google Play Store
63910836-95c4-4d0a-8401-21bb4767036c,"just, compare with telebirr super app",1,2025-03-19,BOA,Google Play Store
6dfa7185-54c1-4e47-922e-e407f86d83a8,nice 👍 one,5,2025-03-19,BOA,Google Play Store
cd823b31-3907-4c1b-9a85-27c42af3b937,Nice App Apollo,5,2025-03-19,BOA,Google Play Store
ad7dac51-25e5-48d9-be5e-e2c7a41a35c6,ሲጀመር ደንበኛ ክቡር ነው ሲቀጥል አፕሊኬሽኑ አይሰራም ሲቀጥል ተደውሎላችሁ እራሱ ስልካችሁ አይሰራም ከራእንኳን የምትሰጡት መልስ አጥጋቢ አይደከም አሰራራችው በጣም የወደቀ የማይረባ ነው በውሸት ከምታታልሉ ስራ ስሩ ዘምቱ ቀልጣፋ አሰራር አምጡ ወሬ ብቻ ናችሁ,1,2025-03-19,BOA,Google Play Store
14fe8d94-870b-4f47-8b61-7e657c5123e4,በውነቱ ጥሩ አፕ ነው አዳዲስ ፊክቸሮች ቢጨመሩበጥ የበለጠ ስማርት ይሆናል,5,2025-03-18,BOA,Google Play Store
05de3aa1-e984-4119-a325-44e9bdd700f5,እጅግ በጣም ጥሩ ነዉ።በታማኝነት ማገልገል ወጣት ሰርቶ እንዲለወጥ ማድረግ እጅግ በጣም ደስ የሚል ማንኛውም ሰዉ የሚፈልገዉ ነዉ።ይህ በማዘጋጀቱ አመሰግናቸዋለሁ ።እግዛ ለሚፈልግ ሁሉ ሰርቶ ከፋይ ማበረታታት ኣለባቹ እላለሁ ።ኣመሰግናለሁ,5,2025-03-18,BOA,Google Play Store
c3f3f998-cd71-435a-9063-136f0c85584e,abbysinia bank 🏦 is faster than CBE,5,2025-03-18,BOA,Google Play Store
81f250ee-c0e2-42e6-b284-1a81e12c8469,cool,5,2025-03-18,BOA,Google Play Store
5a3ed191-dd63-46c4-8386-20a0c0ef3119,The application doesn't work. Very slow 🐌 overall unusable,1,2025-03-18,BOA,Google Play Store
aff3d2b3-7206-41b1-bafb-0895b05a69d8,The Best and user friendly financial app I have ever Experienced! 👌 Thank you!,5,2025-03-18,BOA,Google Play Store
3a54f10c-c222-4bf9-befb-ee029e1445e6,"The app is really frustrating. The OTP delivery is always delayed, causing a lot of inconvenience. Please check and enhance this feature for a smoother experience. Learn from the Telebirr app, which provides faster and more reliable OTP delivery.",1,2025-03-18,BOA,Google Play Store
63b81ab4-7e71-46a5-87e2-163dddc633cc,I liked this app,5,2025-03-18,BOA,Google Play Store
49fa14ab-afa8-41fd-82c8-f3d59c20d465,👍,5,2025-03-16,BOA,Google Play Store
e02c31e5-12c8-4756-90e3-591c3d98261f,doesn't even work,1,2025-03-15,BOA,Google Play Store
39f30104-4f44-4dd0-b028-b088494fff8b,This app is very fast,5,2025-03-14,BOA,Google Play Store
eee92536-7dd1-4904-9549-55f016e57ef7,Nice 👍,5,2025-03-10,BOA,Google Play Store
70b32814-a824-4aa4-af29-816c4a1f84bc,"It was working well when it got launched but it performing very badly in recent time. It would be helpful if the issue is resolved as soon as possible and from what i can see from other people review, no one took the time to consider the feed back customers gave about the issues.",1,2025-03-10,BOA,Google Play Store
02e237f0-9644-49bf-b7da-0d31bae194e1,Its very good performance,5,2025-03-09,BOA,Google Play Store
f9096685-3897-4763-8f2d-8db02dff664f,Nice,5,2025-03-06,BOA,Google Play Store
90fdf716-eaac-4c8c-93ec-5a817bbd5a0f,Awesome app,5,2025-03-04,BOA,Google Play Store
d1c996d5-72b8-4cb5-baa8-2f9dae8cc097,"It's an interesting app, but the loan amount is low, and I would appreciate the BOA to make an interest rate fair and Others issues like the loans yearly, 9 months ,6 months, etc. with different options. Thank you.",3,2025-03-04,BOA,Google Play Store
bf4e136f-a69e-4978-be68-c384234cf4da,App crashs when you go to loan option and try to open the camera to take a selfie for verification also clearing the cache isn't helping,3,2025-03-01,BOA,Google Play Store
289272c9-dcbc-492d-bc33-4dd4b8be5e48,Nice work of BOA and problem solving idea,5,2025-02-26,BOA,Google Play Store
7a7f280b-42c6-453c-b072-fd0b6e2dec14,#1 Digital product!!!,5,2025-02-24,BOA,Google Play Store
de623ec6-dea8-4fb1-8123-154ed6b99ef2,best,5,2025-02-20,BOA,Google Play Store
e388dcc4-e0f3-465f-9da4-2cec9e6b3969,The worst mobile banking platform,1,2025-02-20,BOA,Google Play Store
7fd62c07-f056-4acd-bc7f-e4d3359da861,Betam turu,4,2025-02-18,BOA,Google Play Store
17c84dc2-d8c4-435e-b161-a2780a9c9712,Restart,5,2025-02-18,BOA,Google Play Store
12535aac-a14e-480c-9095-bc1c6d98aac0,this app doesn't work and i cant access my account.why don't you fix it,1,2025-02-14,BOA,Google Play Store
f9eda58e-5e53-495f-8c07-c4ae9bacd32f,This app gives me more headache than solutions. I can't even log in,1,2025-02-14,BOA,Google Play Store
7118835f-3670-4064-a3d7-268e34506e3c,I like it this app but improve app Android,3,2025-02-12,BOA,Google Play Store
6c78f17f-6a53-4ab2-bc15-9009a5ff5467,Timely,5,2025-02-12,BOA,Google Play Store
4e909c47-ee97-4fd9-98f3-c3983e7b4f2c,Wow very good app,4,2025-02-10,BOA,Google Play Store
43dc2b06-ca4e-4d3a-b5b0-229c51d15cf0,The most useless financial app i have ever seen from the entire playstore. What is the purpose of this app if i can't even login to my account. I don't recommend to anyone this app. Please don't waste your time while downloading the app and try to login into it!! Please fix the issue ABYSSINIA BANK!! I haven't expected this kind of carelessness from you.,1,2025-02-09,BOA,Google Play Store
80647b73-1cef-408b-86bb-e5f66c516263,BEST,5,2025-02-09,BOA,Google Play Store
19b2d2e5-0a1f-4d57-956f-7b5729be5f56,🤣😃,4,2025-02-09,BOA,Google Play Store
8b4c2ca4-8fe6-4ee2-9645-2917d38247a6,Best but not.gooooood,4,2025-02-08,BOA,Google Play Store
77ae3e61-b793-4e5f-8077-4def9a497c8a,The app is very unstable especially for a digital bank.,1,2025-02-08,BOA,Google Play Store
1c6cdcd0-4433-4f1a-bed6-ab168a2342b4,Good,5,2025-02-07,BOA,Google Play Store
1df57dab-80e2-462b-871f-f87eceb29f28,Extraordinary,5,2025-02-04,BOA,Google Play Store
366abf80-1739-4733-838d-c64b311e67e9,"The only good thing is interest rate, it is fair and reasonable, but the app is very slow.",2,2025-02-04,BOA,Google Play Store
f4ac9572-494f-4845-ac3d-512afda212de,Very slow app,1,2025-02-04,BOA,Google Play Store
aa755594-4089-4ce6-b8bd-d1111bb3dfa1,It takes many hours to open an account.,3,2025-02-03,BOA,Google Play Store
cab150a7-be73-4b88-89d7-0edb29de528f,Good,5,2025-02-02,BOA,Google Play Store
21e04759-f9ad-4440-96e3-5d6c844f7b74,ላጠቃቀም ቀላል እናምቹ,5,2025-01-30,BOA,Google Play Store
697c31cf-7076-4e7c-bec8-fd9c30c2b84e,"Bad User Experience overall, and has bugs... Show errors that developers can see which is an issue, which provides hints to hackers....allowed me to update my password but didn't update opened with past password. Its good idea that they have but, the app is just doesn't feel safe or premium which is what they advertising for! The Boa app is better than this",1,2025-01-30,BOA,Google Play Store
34efba6c-6145-4396-98b7-8a1b866cbefc,Not functional,1,2025-01-29,BOA,Google Play Store
addf3a40-0380-4428-b517-b1ec33aa88b8,The app doesn't installed for me. Also it doesn't work at all,1,2025-01-27,BOA,Google Play Store
5261426b-7f55-46d0-bcfe-5c337df90d96,Good app,5,2025-01-26,BOA,Google Play Store
a183d6e8-eff4-4b8a-ad5b-e54c20523cf1,Nice page,5,2025-01-26,BOA,Google Play Store
eafed97c-0efe-409d-9e2f-0d459fe0383b,Good,5,2025-01-24,BOA,Google Play Store
6096ed26-0331-4e33-82ab-060808233fe6,👍,5,2025-01-24,BOA,Google Play Store
829aac2d-6adc-43fd-b1c4-395d1cd51c88,Good,5,2025-01-21,BOA,Google Play Store
46b1a48c-7641-4538-8cc9-c7a777923d5e,Its good but doesn't give loan,5,2025-01-21,BOA,Google Play Store
068faf45-b1a9-4ee5-99da-ed42f26861c8,Good,5,2025-01-21,BOA,Google Play Store
1c3c10e0-add8-4813-a9f1-f0ef15ef0380,"I have used this app more than 2 years but with its problem. This app need big update.Even now I can't login to the app, it resets my biometric by itself and asks me to enter password, when I entered password it stays unlogged in and no message.",1,2025-01-21,BOA,Google Play Store
835e0a24-a6d5-4f1d-80fc-200e09b7e117,Help is good,2,2025-01-20,BOA,Google Play Store
f71027a2-8ca7-483c-8c76-f0e0162d88b5,Just keeps rejecting my face Id and reseted my credit limit which I built with so much effort.,1,2025-01-20,BOA,Google Play Store
ce8d0428-2676-4206-b0b2-33638d87c288,The worst app. The first time it Couldn't even open from the beginning saying that it can't find internet connection even if i just downloaded it from playstore. Now it opens but won't let confirm the otp. The keyboard will not appear when i try to confirm the otp it sends me.,1,2025-01-19,BOA,Google Play Store
47045639-5628-4bfa-b7e3-a3a572fc17cf,Amazing this application Please enjoys it i like it,5,2025-01-19,BOA,Google Play Store
30ea0ac9-0967-4a7a-b499-1b9e8572296d,your App Increased Our Darkness Life,1,2025-01-16,BOA,Google Play Store
399805ae-cb43-45df-8de8-688559d2f48b,It doesn't work,5,2025-01-16,BOA,Google Play Store
2c4dfdd9-5358-4592-b420-65aa737ed408,Good,5,2025-01-15,BOA,Google Play Store
627b1755-a8d1-447e-b57f-6dc0aac4c89a,It's not working fix it,1,2025-01-14,BOA,Google Play Store
5019e1c2-f66f-4772-97f6-fd3f33656341,Wow,3,2025-01-13,BOA,Google Play Store
fb44aa19-bdfc-46db-8520-3b79f43eac49,US online,5,2025-01-12,BOA,Google Play Store
9498e3d8-336d-4d3b-a026-b837574a4a84,For Visa card,5,2025-01-12,BOA,Google Play Store
c9d1dd7f-098a-4b42-895e-433b84c696c8,Big bank with stupid stuff,1,2025-01-11,BOA,Google Play Store
a642055d-ae70-4388-b257-d4ea707c5066,Best App of My Bank it is Best of Best,5,2025-01-11,BOA,Google Play Store
32a832ce-8b81-49a3-85b8-175dcc5fd17b,Open,5,2025-01-10,BOA,Google Play Store
ef1b8550-7b76-4549-8ca3-2f5f97b6ce0f,Such a boring App i ever used!,1,2025-01-09,BOA,Google Play Store
97a2a60b-3f52-4c0e-a382-c6e5a73dc5eb,The non instant option keeps declining The USSD virtion keeps asking for registration even i repeatedly reset it The app keeps freezing At all it is the worst financial app i have ever used,1,2025-01-09,BOA,Google Play Store
e9aa7c4a-068c-4f07-aeac-d36ce041f18b,👍👍👍,5,2025-01-06,BOA,Google Play Store
484cb26f-f9c1-4fb9-a1fb-98606e3d6f9a,I'm very happy with this bank. Because of your custamer service.,4,2025-01-05,BOA,Google Play Store
c65f92cc-365c-4d5d-b94a-59ed702a661c,"The app is doing well,but sometimes its so borried to open and not working properly.",1,2025-01-05,BOA,Google Play Store
e273f98d-b34e-4118-8caa-eeb7700d3644,I Have work,5,2025-01-04,BOA,Google Play Store
c79c7528-ebf7-4bce-a9de-64302ecf64dc,Muze,5,2025-01-04,BOA,Google Play Store
b7de169a-0300-4d40-82d2-3ae97a72c605,good App,5,2025-01-03,BOA,Google Play Store
a9acaf3d-ebf7-4053-a80e-865e0e613ffc,$ i need,5,2025-01-03,BOA,Google Play Store
e9bc7e67-a545-4d26-bf33-5864d2aa35f9,Best application,5,2025-01-03,BOA,Google Play Store
88e7554c-6ed2-4244-bfbe-5a1a524d4262,It doesn't work,1,2025-01-02,BOA,Google Play Store
a0da76e8-e3fd-498b-9142-0e91ed884aa2,everyday need update,5,2025-01-01,BOA,Google Play Store
f469040a-5512-42a3-b13b-809e4e3f7243,The worst financial app in ethiopia... don't use it,1,2024-12-30,BOA,Google Play Store
a2074711-7c93-4b9f-9dc2-61fbb171f5e4,Very nice,5,2024-12-29,BOA,Google Play Store
22a3f62a-1251-4942-a588-b86002e04bae,It's not worked,1,2024-12-27,BOA,Google Play Store
4f5afe9b-5a80-4dbe-8782-5d9a7da82ac1,Active,5,2024-12-27,BOA,Google Play Store
356ef5ef-0836-4ebc-9c61-9bc9db1a9270,For now I change my review keep it up,3,2024-12-27,BOA,Google Play Store
c60a42c9-6fe3-4ff9-a464-e70c0f355d96,Good,5,2024-12-26,BOA,Google Play Store
371248a7-f824-4d92-b3e4-7a44169f421f,It is nice app.,5,2024-12-25,BOA,Google Play Store
2cbb9164-e967-4880-a9de-84b9fe1f8e4f,Greet,5,2024-12-25,BOA,Google Play Store
194c5f9e-c3bc-4d23-9455-3293636ad09c,Apolo is good app in terms of service types but the app is very passiveness. It is very boring and time consuming. Please make it easily accessible.,3,2024-12-25,BOA,Google Play Store
882d9dc3-58f3-4d6d-83b5-b4993735c0f0,Nesru kedir,5,2024-12-23,BOA,Google Play Store
559c00c0-015f-42b3-a535-32b9b1401840,Good application #1apollo my,5,2024-12-22,BOA,Google Play Store
cc12039a-92af-45aa-91f3-d4e4761a18e0,Wow,5,2024-12-22,BOA,Google Play Store
6ee33405-8fa6-4c7d-a110-5c0bec0f39e9,It is good app,5,2024-12-22,BOA,Google Play Store
9b0e4ce2-50b4-4a39-a446-d8fdb27d7a74,Bast app,5,2024-12-21,BOA,Google Play Store
465b08c9-b5b0-42b8-999b-27a1225b6df1,Nice,5,2024-12-20,BOA,Google Play Store
65b1d7ad-1532-4168-a590-0452493066d1,በጣም ቀላልና ላጠቃቀም ምቹ,5,2024-12-20,BOA,Google Play Store
de54d172-40b2-4a40-b4f2-8007e00c65d7,sadiiyaa,1,2024-12-20,BOA,Google Play Store
ab0b3cdc-555f-4e99-abf0-5b516ea5d9df,Its perfect,5,2024-12-20,BOA,Google Play Store
722aa9e7-f0bc-4c59-8d16-e1c9de76a589,"The idea on this app was best, but there is some exceptions on the Apollo app please approve it if you need Us to use for prolonged.",3,2024-12-19,BOA,Google Play Store
3f31af62-d8b1-4ac9-8ca1-7c9167dfcc63,Excellent service,5,2024-12-18,BOA,Google Play Store
97d59e88-1f68-4a75-93aa-bdb9b8a63754,Great,4,2024-12-18,BOA,Google Play Store
97af6d4f-8108-4d83-b766-b568a0031e87,It's not functional for all Mobile phones. Only latest phones only.,1,2024-12-18,BOA,Google Play Store
1c833a74-e7aa-44d9-938d-c252103e5906,"Very poorly developed application. Fails too many times, features on the interface doesn't work, looks like a trial version. Even can't manage the app personally!!",1,2024-12-18,BOA,Google Play Store
b0213fb5-ed2a-475b-9ff8-4c88c6b58f10,I have saved my money in this app a month ago but there is no 9% interest. and I can't also find any info or documentation online regarding this app to understand how the interest rate works,1,2024-12-18,BOA,Google Play Store
489cd6ad-09ac-456b-85e5-72dd25ace060,i don't know z reason but this app doesn't installed on my handset.,1,2024-12-17,BOA,Google Play Store
d06506e0-be68-439d-a85a-20d6141fc173,The star app,2,2024-12-17,BOA,Google Play Store
5f3293a4-c879-419a-8e7a-e3e9be132561,For all,5,2024-12-12,BOA,Google Play Store
578052b9-f94e-4109-aa9f-d2f2426247c6,Not working,1,2024-12-12,BOA,Google Play Store
30cc08cc-c984-4580-bc8f-25909238f17b,hip Dashen Bank 56/500,2,2024-12-11,BOA,Google Play Store
cb0cf7e7-e04d-4ff8-aa87-d1ed3c2b17d5,I cannot update my profile and due to that I can't make transaction.,2,2024-12-11,BOA,Google Play Store
3ce8d318-5fa2-4cb7-9bee-d64de5a36963,Ok,5,2024-12-11,BOA,Google Play Store
349abc3f-7907-487d-8fae-4ef06ea2306b,Best app,5,2024-12-10,BOA,Google Play Store
23ad62d1-8c3b-4dca-a103-fe033fb6964d,Great App,5,2024-12-10,BOA,Google Play Store
2364a82f-5eb1-4748-a54e-b0de7d446f98,The loan area keeps crushing if you are no longer interested in doing loans please remove it. Don't confuse user. Thanks,2,2024-12-09,BOA,Google Play Store
d0656626-eb33-48df-943b-6975a8bf0935,"The app bring good idea and one step go forward to the modern e-banking... But it's not working at all, so it needs some improvement please upgrade it...",2,2024-12-08,BOA,Google Play Store
a9ccc988-e861-4a41-a744-e065813b7064,Good work experience,5,2024-12-08,BOA,Google Play Store
c76b8002-3d4f-453c-9bd8-9c41cbce7f63,Not working,1,2024-12-08,BOA,Google Play Store
eaadbec1-80e5-40dd-b12b-ae0be535cd17,They have do not rady not parfacte use app way?,5,2024-12-07,BOA,Google Play Store
3d08ffe6-12f3-4212-b639-7e50ca58fc44,Really it's a good application & accessible for loan opportunity!!,5,2024-12-07,BOA,Google Play Store
883d4a2f-cc0e-49e5-872c-2f053c4b2aaf,"They have improved since the start. For that progress, i have changed my review.",5,2024-12-04,BOA,Google Play Store
c42b91fb-85bf-4ec8-8ccd-0a6e3486b0e9,"This is by far the worst financial app I've used. Most of the time, it doesn't work at all, and even logging in is a struggle. When I manage to get in, it constantly shows error messages, making it impossible to complete any tasks. For a financial app, reliability is crucial, but this app is nothing but a disappointment. I don't recommend it to anyone until these issues are resolved.",1,2024-12-04,BOA,Google Play Store
3a292ee4-3304-4829-9ead-054579c5eed5,Transfer,5,2024-11-29,BOA,Google Play Store
5a2cf825-40d4-4e2f-93fd-84aa6f97f2b6,"Wow! What a disappointment. I think you better take lessons from the other banks how banking system and mobile banking has to work. Nothing works at all. Just ""system error and please try again"" everytime trying to even complete basic tasks. Peoples should avoid this bank at all.",1,2024-11-29,BOA,Google Play Store
9a3f0673-c46f-4d5a-87ca-bc29bf7f5ff0,Apollo ❤,1,2024-11-28,BOA,Google Play Store
79491259-a650-4447-b590-7221eccf5ac4,It takes too much time to upgrade loan amount.,3,2024-11-27,BOA,Google Play Store
abe6efbd-3081-4ec8-91e5-99a927b8c588,Amezing,1,2024-11-26,BOA,Google Play Store
d8e27bbb-e2c2-498c-a653-c9ac54bc6ca7,Its good,5,2024-11-26,BOA,Google Play Store
49a14827-dda9-40b6-98c2-241806265d80,well done and Very good keep it up continue,5,2024-11-26,BOA,Google Play Store
f0fc63f1-9e0c-488d-a0b0-ba8190b5757a,Best app,5,2024-11-26,BOA,Google Play Store
d5bdf4aa-24ae-4bb2-8717-8db57f20c5fd,Tekno sparke 5,5,2024-11-25,BOA,Google Play Store
047f4004-d0d3-4632-afd5-250189ff6b4a,"""No account exists for this user"" What does this mean? I am already started to use and deposited some amount of money. It happened after I updated the new version. It has to be fixed! It needs to be fixed very quickly. I gave one star only for the idea that ""opening an account without going to the bank.""",1,2024-11-25,BOA,Google Play Store
a5e8eccf-b673-4a88-99ef-b4a586419e80,Student and driver man,5,2024-11-22,BOA,Google Play Store
b04684a1-3f86-4eb9-9792-60a2100b9276,It is good app,5,2024-11-22,BOA,Google Play Store
4ca41369-04e4-4acc-a87a-81149966ff83,Apollo app is not active.,5,2024-11-22,BOA,Google Play Store
bc20d73c-f161-4688-bf97-b0df2887abcb,Ok,5,2024-11-19,BOA,Google Play Store
bb7e6c37-e064-4e7e-b039-21a41609779f,Why need astrong conection?,5,2024-11-19,BOA,Google Play Store
8c454e7a-f68b-4662-8ff7-50f3b7f3aa26,No comment here,2,2024-11-19,BOA,Google Play Store
af535034-b03e-46de-95ef-2a1d097e3e6b,Ok,5,2024-11-18,BOA,Google Play Store
32b1af4f-b65d-4273-93a8-3f5f962ec11e,The app is a huge failure. Stop forcing apps that don't even pass as beta projects to your customers. We expect a better super app from your team just like cbe and telebirr. Shame!,1,2024-11-15,BOA,Google Play Store
830cd3ed-80e8-414b-b8cd-e88c0fcd0963,❤❤,5,2024-11-14,BOA,Google Play Store
5d159c50-5558-4fb0-943a-939037a5b53c,"The app is getting worse and worse time to time. I mean what is the point of restricting screen shoot on a financial application? The UI, come on. Also can't use the app if I m on developer mode? The hell? Its load time😁 that is hellarious. I believe it can be done better. for reference the dsiegn team should refer some of the other apps. may be cbe birr and amole lite should be a good inspiration. I hope we ll get a better app on next updates.",1,2024-11-14,BOA,Google Play Store
9763d7f6-f6a1-4b95-bac5-8a15e9500517,It's 👍👍👍👍Good,2,2024-11-13,BOA,Google Play Store
3eb93c42-8b75-4ecf-9900-2a6fd8e40c08,Good,5,2024-11-13,BOA,Google Play Store
fe10e076-e5f8-44fa-8060-90890c7b765a,This app Working 50/50 off/on,2,2024-11-13,BOA,Google Play Store
94a64a29-8bf1-4086-941a-ef3512d17423,amazing,5,2024-11-12,BOA,Google Play Store
4a853fc0-3dc2-42d5-8c04-931d2e36a45c,poor performance,1,2024-11-11,BOA,Google Play Store
d67a3ff1-2012-4af0-8b86-2804d5845481,ok,5,2024-11-11,BOA,Google Play Store
a73656b9-0146-47b3-9e01-2feced27da72,Good,5,2024-11-09,BOA,Google Play Store
22f6945d-1d90-4cc1-b356-fc12d3cdf7aa,This is the worst mobile app I ever encountered. Frequent stuck and shutdown.,1,2024-11-09,BOA,Google Play Store
c91b71df-b2dd-4072-a5f3-79fec193f4d4,Best,4,2024-11-08,BOA,Google Play Store
0b444572-cc5f-47f6-b32c-1b858eec09ed,May app no active?,2,2024-11-08,BOA,Google Play Store
2a488151-7ab3-43c9-8590-c9c0702ebdb3,Nice Job,5,2024-11-06,BOA,Google Play Store
ce1c41fe-5f0d-4cfc-a33d-9eeb3424da7c,አሪፍ ነው ግን ደግሞ ለስራ የሚሆን ቢሆን ጥሩ ነው,3,2024-11-06,BOA,Google Play Store
23838d92-f02d-4464-b299-2527a08fedad,Excellent,5,2024-11-05,BOA,Google Play Store
bd0a9a45-7c4c-40e1-9066-9d52e52eedd2,I want by my wage for month pay credit ?,5,2024-11-05,BOA,Google Play Store
0930148a-aa88-4233-823d-be9e620a74cc,የቅርብ ደራሽ,5,2024-11-04,BOA,Google Play Store
2f97bfce-d030-4e0b-aba8-8a20f8886b33,It does not working.How can i improve it,5,2024-11-03,BOA,Google Play Store
60645d55-148f-4db0-965d-804f5490adf0,Thanks for serves,5,2024-11-03,BOA,Google Play Store
5fef88e1-22e9-4dd7-9486-c2b0542740bd,It's good app but sometimes it's not working when i open loan option and he say take a selfie then he took me back to home,5,2024-11-02,BOA,Google Play Store
3f11722a-9ba3-4f67-959e-7a8a2df3af89,Apollo is the app with it's Platform,5,2024-10-31,BOA,Google Play Store
805a3869-ccbd-4f1f-81c9-375f6ac0d187,Wow,5,2024-10-31,BOA,Google Play Store
ade95a9a-e2eb-4b83-9ae5-49fbe4bb5f58,Good,5,2024-10-31,BOA,Google Play Store
68e215f1-65a7-49ed-abdc-617aa9baf3c7,👍👍,5,2024-10-31,BOA,Google Play Store
d84b8953-dc57-4834-868c-fad159512a6e,this app is crushing frequently. and the application doesn't give a loading feedback and it looks like it is freezing.,2,2024-10-30,BOA,Google Play Store
2fe4976b-86d8-429e-9084-f7ce2de9fa55,Lov,5,2024-10-29,BOA,Google Play Store
a9ccef8b-e3fc-4c50-b8b7-9602ab65b875,Ok,5,2024-10-29,BOA,Google Play Store
65315982-f4c6-4c66-9b87-21a20bdf6de4,best,5,2024-10-28,BOA,Google Play Store
0de622bd-f617-4df0-baf3-156bf214c986,I can't acces this app👎,1,2024-10-28,BOA,Google Play Store
e3a5f605-79f0-4e5c-a5bb-6b6c7ba01279,"If I could give 0 stars or negative, I would, I recently transferred all my money in my bank to apollo its been months I cant access it back because of the app, this is the worst app I' ve en encountered to date,knowing this is the age of digital financing I suggest you stay far away from this app, it's unreliable waste of time , if I could sue BOA I would do that ASAP,this app should take down from playstore ASAP, cause it's a scam",1,2024-10-27,BOA,Google Play Store
eec09b8b-ad5d-4568-9780-008c1257db5a,To many bugs and errors fix that asap,1,2024-10-26,BOA,Google Play Store
d0eb70c1-259a-4ce0-a5ab-4af7eae6a021,It is Very good app thanks,5,2024-10-25,BOA,Google Play Store
e7639b51-8ad0-4c80-8a63-1695abc55427,Its good,5,2024-10-25,BOA,Google Play Store
4f54a513-3844-4e69-bcdf-c86b18f204db,Clear cach,1,2024-10-25,BOA,Google Play Store
8f4344ba-7a07-4368-b42b-4243b4905751,waw,5,2026-02-26,Dashen,Google Play Store
c3cdc9ab-dee1-4869-bfbc-74885b5d839c,ተመ,5,2026-02-21,Dashen,Google Play Store
a853e05f-76f0-4a69-86ff-b24bc4e1bbec,worst bank ever ... they will take your money and lock you out with no reason what so ever,1,2026-01-19,Dashen,Google Play Store
978ac99b-6982-4bbb-ba3e-0ba3c196cab4,Nice,5,2026-01-12,Dashen,Google Play Store
457731e1-6cf2-4bdb-99da-e3788e58a967,Very disappointing application. it's getting worst by the day. both Amole and their super app. Just abysmal. Very sad.,1,2025-10-31,Dashen,Google Play Store
6dd817bd-dcc3-4c95-983a-7ce88f93263f,"Banking made simple, smart, and safe.",5,2025-10-28,Dashen,Google Play Store
7afc5ee5-4da6-4202-b41e-79f377bc7f59,It is the best of all i liked it i used it almost 2 years. As a idea i ask dashen bank system officier please make it self registerable app,5,2025-10-27,Dashen,Google Play Store
f065b847-18a1-4688-aa08-1f857fdc9c5b,gngu,5,2025-10-21,Dashen,Google Play Store
103f133f-70dc-407a-9c40-a2875d635cd3,"The app is very good , but it does not tell the account number to which transfer is made and the transfer reciever also does not know from whom the transaction was made.Moreover it requires frequent update within short period. Hence improve it accordingly.",4,2025-09-09,Dashen,Google Play Store
8328e792-f410-4e0b-abcc-7eeb5674593f,"The best app and easy to use. The only draw back, it has no password reset option without going to brach. Pls modify it.",3,2025-08-24,Dashen,Google Play Store
0f271d1d-7e0d-439d-85ec-721ad59042c2,Please enable the app for sreen shoot,1,2025-08-19,Dashen,Google Play Store
d926fe5a-58c5-4d1c-8506-d1b17beb581b,good,3,2025-08-11,Dashen,Google Play Store
b32c0070-9a54-4bee-aab2-9aa9cb908152,good,4,2025-08-08,Dashen,Google Play Store
070490ea-650c-4463-a3ba-df5fbe6b95a5,the best mobile banking app in Ethiopia,5,2025-07-19,Dashen,Google Play Store
6d174581-bc0f-4a3f-9fe6-8daa674fa8ef,ግኡድ app,5,2025-07-17,Dashen,Google Play Store
183e6ea3-3174-434d-88a9-b13a5d1d7092,nice app,5,2025-07-16,Dashen,Google Play Store
f85d5caa-1abb-4e51-823f-63d365565494,it's awesome application but there is no available card less système,5,2025-07-12,Dashen,Google Play Store
c21fd40d-ce86-4751-b9f4-074c9c1f1536,The app suddenly stops,1,2025-06-12,Dashen,Google Play Store
7a02a486-c603-4d1a-be07-7f6aafd5fe50,nice app,4,2025-06-12,Dashen,Google Play Store
999f4934-5faf-4d95-af1e-8e8a9c4aee20,it is even super than super app,5,2025-06-12,Dashen,Google Play Store
3ac077d1-44a2-4046-80a6-ae595914cf1e,It would be more helpful if a/c no used for transfer are saved and usable for any future time transfers,4,2025-06-10,Dashen,Google Play Store
1d310a79-83e3-4fd1-bd03-ffd2172b5be7,truly one step ahead,4,2025-06-09,Dashen,Google Play Store
2b25348c-1a20-482c-814e-648572cf6dd9,best,5,2025-06-05,Dashen,Google Play Store
21595904-0dbf-4eb3-bb27-98f67bd618ab,nice application,4,2025-05-27,Dashen,Google Play Store
b925631c-a63d-48d9-9852-68aed0898c12,best,5,2025-05-22,Dashen,Google Play Store
e0f868ee-be62-4ad5-8976-c5e3ee6f1cd9,bast smart bank sistem dashen amole dashen bamk,5,2025-05-17,Dashen,Google Play Store
b7d8df4f-45dc-44a1-ac3d-85d46177e7b8,best app,5,2025-05-16,Dashen,Google Play Store
7287eb3c-7533-4331-805d-c87205ac37c2,ለአጠቃቀም እጅግ ቀላልና ድህንነቱ የተጠበቀ ነው።,5,2025-05-16,Dashen,Google Play Store
a40217a5-a775-43b7-92c9-7de65798319e,"Worst app possible, I don't think it gets worse than this. Least user friendly process to exchange your own money, far too many hurdles you have to get past to make a simple money transfer. Even after getting past all the hurdles you are restricted with a min and I believe a max amount of your own money you have access to, not to mention time restrictions; I wasn't able to access my money past midnight multiple times. You can't change tab to another app, having opened this without it crashing.",1,2025-05-15,Dashen,Google Play Store
6bf21a52-f5ec-4621-8747-3fbc49bbb6a1,I'm a Dashen Bank customer as I know its function and duty. Thanks.,5,2025-05-15,Dashen,Google Play Store
7de3209d-d650-4bf5-b0c8-4df7cd720e77,Amole is the digital mobile application what i prefer.,5,2025-05-15,Dashen,Google Play Store
0a5722d3-6755-4a35-a1eb-127c767666b0,nice,4,2025-05-12,Dashen,Google Play Store
ea00143b-e857-401e-b612-2f784eddac89,best mobile banking app👍,5,2025-05-10,Dashen,Google Play Store
c21150b1-fa12-4bc9-9e1f-3160478ac839,Complicated and fake app,1,2025-04-29,Dashen,Google Play Store
52a2616e-d401-4da8-a64a-84aded98d9ab,Its Good updation from Previous,3,2025-04-25,Dashen,Google Play Store
28b1f906-9298-4286-8182-3c3c4384d421,yarid dima,5,2025-04-17,Dashen,Google Play Store
fdc4c72f-9316-4cbc-b757-735c20792bd5,Best app,5,2025-04-14,Dashen,Google Play Store
959548d2-f525-4653-b8c1-bca3a62f612b,"Requires updates too frequently, often has server related issues, the fingerprint always requires updating, it's the most unreliable app I've used and always fails when you want to make urgent payments.",2,2025-04-10,Dashen,Google Play Store
bf2e09dd-1e2f-4623-b3d5-9efef55a0f31,dashin,3,2025-04-08,Dashen,Google Play Store
f0ae9fc2-cd75-4593-b645-1004a7280566,disappointed because of option to transfer cash on telebirr is limited for self only.... those and other similar given choices by the bank used us to choose this bank over others! no doubt I will be not preferring this bank with no unique incentives.,1,2025-03-29,Dashen,Google Play Store
fda08e7f-2409-434e-a9e1-bbff4d33f39d,everything is perfect,5,2025-03-29,Dashen,Google Play Store
0f3742ff-f9ed-461e-82be-37ce079272a4,good,4,2025-03-26,Dashen,Google Play Store
916ab4ef-7689-4fc6-b30e-b5a6b0d75cee,good,5,2025-03-26,Dashen,Google Play Store
1e112ff3-1392-4269-988b-c321c2ed3f6a,Dashin Bank#1,5,2025-03-20,Dashen,Google Play Store
a7d1506c-3df3-4783-989f-cddb69e217fe,Both Amole & Dashen superApp are by far the worst mobile banking apps i have ever came across. if only there is 0 star option,1,2025-03-18,Dashen,Google Play Store
64867885-9f42-4ba1-aa93-3919b00313d9,"funny app, so much gymnastics just to be an app for sending and receiving money.",3,2025-03-18,Dashen,Google Play Store
e4725036-0be1-4dff-b50c-bd0418a8f53a,I use this app so many times so i like it,5,2025-03-17,Dashen,Google Play Store
d1ea762b-dd85-46cd-b10f-55979b33c755,Why did u change the option to transfer to other tellebirr account,1,2025-03-17,Dashen,Google Play Store
eff7f9fe-2d14-4bbf-8494-991b63bb0536,It's nice and simple to use app.,5,2025-03-17,Dashen,Google Play Store
ac4bb303-0f45-4a8c-8648-0b024aa19820,Just 👍,5,2025-03-15,Dashen,Google Play Store
170c803f-93bb-4e68-96c8-7310d2ebd82b,Not god its,5,2025-03-14,Dashen,Google Play Store
3dc67c9a-7d7f-4755-9770-e989096393ed,Regarding Internet banking i really choice a Dashen Bank and I have one recommendation for app developer shall considere the low android level means 4-6 android to adress all types of android users because now a days the current updated app can't support such android.Thanks!!!,5,2025-03-08,Dashen,Google Play Store
2faba70d-fc94-49e8-a2dd-6f49e8beccab,It doesn't work,1,2025-03-02,Dashen,Google Play Store
d8f8641d-4aa0-4ee9-8e58-e2e362f7ab71,ምርጥ,5,2025-02-28,Dashen,Google Play Store
fb95ee05-8212-4cda-80a4-078b1770adf0,Best,5,2025-02-26,Dashen,Google Play Store
81f27509-52c7-4a19-a00b-352e45b5aea1,Please the update is refused to be download on my phone tecno f1. Please solve this issue ASAP,1,2025-02-26,Dashen,Google Play Store
3e30566d-e220-478b-a5e1-6b33871efbf7,Excellent app,5,2025-02-24,Dashen,Google Play Store
09cc0053-f18e-4d76-ab66-5d3ca3930bbb,"Very poor service, always not responding when ever we need to transfer I rate it 0 !",1,2025-02-23,Dashen,Google Play Store
6da529b2-62b4-430c-b2d9-845ee0a16666,The recent update is broken. It diesn't allow to take screen shots (which by it self is not a problem) and the share button of a transaction doesn't work nor it will download the transaction receipt. I know security is especially important for banking systems but such a huge limitations on functionality will not serve the app any good. I guess the super app is the way to go.,2,2025-02-21,Dashen,Google Play Store
75029e99-559e-4477-b804-eaa12229f090,It is good but have so much problem ...even it say not compateble to your phone...it not easy for work ..,1,2025-02-20,Dashen,Google Play Store
29528ca2-c991-4262-bb89-d05217b7e787,Dashen bank ATM,5,2025-02-20,Dashen,Google Play Store
e90672f9-31e0-4ea5-8659-cc40ccc58c92,Good,1,2025-02-18,Dashen,Google Play Store
e0464d29-4a34-41ff-8a1a-c01badfcdc7f,Good Banking App,5,2025-02-17,Dashen,Google Play Store
63496a34-9b99-4691-a930-024eb70bafd6,stay hamble,5,2025-02-14,Dashen,Google Play Store
aaabcf75-5c71-4bfe-906e-6474d8a9e695,Great,5,2025-02-13,Dashen,Google Play Store
31914814-8c1e-4815-bb0d-993bc8609163,ይሄ አሪፍ,2,2025-02-12,Dashen,Google Play Store
e6d186e9-5bc9-4c0e-96aa-dd5ea252c383,good app i like it but still i am confused because i cannot use prperly so Please check the app,3,2025-02-12,Dashen,Google Play Store
369bc5f3-2012-4596-bec4-347d6d6f94ce,Very slow and it seems it needs update everytime,1,2025-02-12,Dashen,Google Play Store
baa6902a-cb15-40c5-b06e-97882a328959,Best,5,2025-02-12,Dashen,Google Play Store
ae3fe8db-2635-4150-b930-c7d492cfcb6a,Nice,5,2025-02-11,Dashen,Google Play Store
103934ab-4951-42c8-a598-c44a223cf2d8,Open app amole dashin,5,2025-02-10,Dashen,Google Play Store
e2545104-cbe7-407a-b2db-0cd540eb46fe,Akiliua,5,2025-02-10,Dashen,Google Play Store
9e0d5971-1727-48d5-854a-49e8550395bd,Perfiekt,5,2025-02-10,Dashen,Google Play Store
9f7d50ba-1b1c-4b02-80f1-8524bf1bb87d,Help,5,2025-02-08,Dashen,Google Play Store
7d1b9952-1482-4902-a0c5-0c9574975cf0,Good app,5,2025-02-08,Dashen,Google Play Store
ae8b0bfc-788a-4769-88bd-b48408b74b42,A very fast mobile banking app,5,2025-02-07,Dashen,Google Play Store
6e451b3f-2f00-4376-a010-51fe4ccd0fb6,Good,5,2025-02-07,Dashen,Google Play Store
c5cf3f61-a522-4b17-bab9-00efed7cc38a,Good,5,2025-02-07,Dashen,Google Play Store
ee53d2ed-87c3-40a0-8c6f-e79619421920,Good job,5,2025-02-07,Dashen,Google Play Store
2709c640-10cf-4f5e-9093-3c079c890a3f,Good job,5,2025-02-07,Dashen,Google Play Store
91c65a65-81c8-490e-bcb7-6c298ec1c521,It's nice and easy to use,5,2025-02-07,Dashen,Google Play Store
f1ee2e17-c9da-4a9c-8133-1bd4bdc2a7a5,Nice app,5,2025-02-07,Dashen,Google Play Store
d1ceac98-a2b2-4719-89ea-1853fd103e13,Good app i used it always,5,2025-02-07,Dashen,Google Play Store
51f88464-9a12-4297-8cbf-8dbd2c80bfc3,It is very very slow pls update,2,2025-02-06,Dashen,Google Play Store
a948d2f3-43b3-40ef-a447-d4d2a92de569,Very slow and it seems that every update something else is not working. The latest update doesn't allow me to use biometrics anymore and maximum daily transfer to Telebirr is 5k?!,1,2025-02-04,Dashen,Google Play Store
b13a2524-a950-4b6d-8495-662fd8694091,Good app Amole Wonderful,5,2025-02-01,Dashen,Google Play Store
35c53162-d65b-448c-b60b-0b772ed3aad4,This app needs many modifications. It takes long time to log in to the account. It is not as fast as CBE. please Update it🙏🙏🙏,1,2025-02-01,Dashen,Google Play Store
1aacd9dd-cbe2-4050-99c8-abf3e8a883ae,"The app is cool, but unlike other banks they don't provide a receipt for mobile banking transactions, which makes it useless for payments that require receipt",2,2025-01-31,Dashen,Google Play Store
8a46cda9-9574-451f-bdbc-5f7bbd801c14,I am glad to customer with you .I have plan to use dube ale and amole.,5,2025-01-27,Dashen,Google Play Store
22e69659-327f-4459-956e-20b888985ba7,WOW that's awesome,5,2025-01-27,Dashen,Google Play Store
8b1478e8-610e-457a-8bb7-89656de2d918,I cant choose select an account,1,2025-01-26,Dashen,Google Play Store
96d46841-0abe-4078-82f4-d5ca45e422fe,Good👍,5,2025-01-22,Dashen,Google Play Store
3c9dd68d-8ced-4a3b-a02e-5f1ea472baf0,Good,5,2025-01-16,Dashen,Google Play Store
84bb9170-e39b-4fb5-8025-5b1ba038bd1d,wow,5,2025-01-15,Dashen,Google Play Store
c240e467-2545-43b1-beee-a6066a9a9ff7,we needs modification at all !,1,2025-01-14,Dashen,Google Play Store
4f9558d5-6600-4a13-b4a8-bf2d9f778acd,It was good at first but now the system is very bad.please try to fix it.,1,2025-01-14,Dashen,Google Play Store
8274b9c0-f41d-444d-a64b-69d0894fb60a,Generic error how tofix,4,2025-01-06,Dashen,Google Play Store
55cf1082-1447-42dd-93f2-8fd260266950,Fast and suitable to learn.,5,2025-01-04,Dashen,Google Play Store
ffe77147-7566-4656-9e43-60877dbba0d1,"The app is extremely slow, often stuck on the logo. Security is poor, requiring only username/password. This allows unauthorized transactions. A large company like yours needs stronger security, such as two-factor authentication. The app's speed lags significantly compared to others. Numerous updates are needed to improve performance and security. Currently, it's a frustrating and time-wasting experience.",1,2025-01-03,Dashen,Google Play Store
645350d9-3048-45b2-9d06-4e44b5994cbd,Sometimes it's soo slow,3,2025-01-01,Dashen,Google Play Store
4e7caf60-1ef4-4e65-a6d1-020a2d552e17,the best app I used always,1,2024-12-31,Dashen,Google Play Store
aec1c6b1-9a9f-4a08-ae84-70e870df8a51,Amole apk is ..... it's very good apk . please used amole Apk,5,2024-12-29,Dashen,Google Play Store
8db0e07c-bf45-4737-9201-4e1e3868104d,fast and secure app,5,2024-12-23,Dashen,Google Play Store
a204a837-b5b8-4ae8-8763-85dd5a0e737b,Ok,4,2024-12-18,Dashen,Google Play Store
fb75561d-0fad-4f7f-989c-0852974af738,I am new for this App let me to use and i will rate 5 star while i get Satisfie,3,2024-12-17,Dashen,Google Play Store
10966d20-3dd6-4f1f-8932-c6261dd77288,Yeb,5,2024-12-12,Dashen,Google Play Store
1e2a0451-fe62-4985-99df-214ca40dff7d,Good Ait service!,5,2024-12-09,Dashen,Google Play Store
d7db13b8-697a-4f69-ab92-1b35fcd1020b,Sisay mustefa abani,5,2024-12-09,Dashen,Google Play Store
4a8beb9d-426d-4462-89f8-7a10d8863a73,Wow,5,2024-12-06,Dashen,Google Play Store
b153eda9-5b48-466e-af73-d1a85512207f,"It can't load, even in a fast network connection. This app is so bad that it needs fixing",1,2024-12-05,Dashen,Google Play Store
5ea7ffac-8840-4ca7-9767-b94b49d910a7,The best mobile banking in Ethiopia 👍👍,5,2024-12-03,Dashen,Google Play Store
70cd8997-874f-4e8f-b7cd-1704553bd7da,Thnk you,5,2024-12-02,Dashen,Google Play Store
3e5e0a61-7466-40b8-a7da-9bab85c9a2b4,Nice,5,2024-11-30,Dashen,Google Play Store
deeaf928-77da-4204-9c11-24777b3cfb0b,I like this app b/c it has many options and easily useable,5,2024-11-29,Dashen,Google Play Store
7e855e89-00a6-4605-b3a9-1a26979405be,Its nice but it does not have speed it requires a lot of patience it will not be for a problem,3,2024-11-28,Dashen,Google Play Store
5e4426e9-83ca-4040-be23-cd13eaf950b7,It is better if he blinks (ከንግድ ባንክ666).,5,2024-11-28,Dashen,Google Play Store
55808280-0ccf-4d31-ba0e-4ae195c308e0,Naysssss,5,2024-11-27,Dashen,Google Play Store
0e2aafe0-7a7f-46a8-a7f3-ac6983a8597f,best,5,2024-11-27,Dashen,Google Play Store
4f6c9bac-ec22-46f7-8538-0f1efb29f599,It's good,3,2024-11-21,Dashen,Google Play Store
346f3275-f1cc-4348-a7ee-f00038e5b585,Big love,5,2024-11-20,Dashen,Google Play Store
5cff4320-b840-4d99-a06f-119f9079ba2d,Excellent,5,2024-11-16,Dashen,Google Play Store
c2fd02d7-a923-43c8-b1e7-b065c60414b6,Please decrease app size,4,2024-11-09,Dashen,Google Play Store
a0d2ab10-2f03-42c4-a11b-14fc4bba1903,Nice app,5,2024-11-08,Dashen,Google Play Store
aa31ac80-787a-4ea1-887f-ba6017930da5,It's great,5,2024-11-08,Dashen,Google Play Store
2ffb8f05-1d38-4d5b-a55f-1a8745442dd0,Alem Zeleqe,3,2024-11-08,Dashen,Google Play Store
908a84a2-016f-417d-b442-432a9b1c82e8,❤️,5,2024-11-08,Dashen,Google Play Store
f67ea8a5-f166-413d-8a75-92269561fbe4,Best,5,2024-11-06,Dashen,Google Play Store
09091f04-f8b9-4595-95f4-2cf01868b506,Nice,1,2024-10-30,Dashen,Google Play Store
a25a6dbc-c81d-4027-b739-0afd88309fab,Great Financial App,5,2024-10-28,Dashen,Google Play Store
01bfa8cd-2458-465a-ab19-e9a368c59901,Deshan bank,5,2024-10-27,Dashen,Google Play Store
3efa2352-d19d-41ed-a8a6-425e1f2779df,"Still in love with it but while the app start to open, it takes time pls upgrade & fix the bug.",5,2024-10-22,Dashen,Google Play Store
c878d4e9-bd42-491b-824e-6ec7c3711d31,It's such an amazing app. Truly Dashen bank is always one step ahead of other banks in 🇪🇹 👍,5,2024-10-16,Dashen,Google Play Store
67ba7ceb-f050-4fbb-adb2-77717c2e5dbf,Good,5,2024-10-02,Dashen,Google Play Store
ca74eb5e-1a78-4743-8fee-e9820188c48d,Best App for all users.,5,2024-10-02,Dashen,Google Play Store
6ad9da04-6b84-4716-ab95-45d945d5c5c4,I ilke very much,5,2024-09-25,Dashen,Google Play Store
97f78a93-e063-4630-a423-1caaa6a399e2,"The app suffers from severe performance issues, particularly with response times. The backend seems to have high latency, as the OTP generation and delivery process consistently delays, even after the server acknowledges that it has been sent. API requests frequently fail, returning non-descriptive error messages that lack proper exception handling, making it difficult for users to understand the issue. I know you will gonne say""ehe yedekem hzb teche alteche"", but that it.",1,2024-09-12,Dashen,Google Play Store
1c474768-fab8-4767-a44c-0a6c525c85db,"The security, cool, every time OTP!! The UI, let's not talk about the UI, But how the heck it says ""offline mode is not available"" something like that, when I enter more than the max amount to transfer. Fellas i am a web dev, this is bad UX. It needs update on the UX. Will see the UI later.",3,2024-09-10,Dashen,Google Play Store
8808e5a9-70a7-45f5-b615-b46e71c65582,Select from Sending account option not working when trying to send to other banks,2,2024-09-08,Dashen,Google Play Store
bf165c26-cd20-46d4-a27f-6d52896d93cb,It's not working,1,2024-09-08,Dashen,Google Play Store
659572f8-81ab-459c-bb6d-085f5a4e6227,nice App,5,2024-09-07,Dashen,Google Play Store
51c955f8-9a9c-4c4a-8ec2-522f051b5193,የአንደኛ ቀዳሚ ምርጫችን ዳሽን ባንክ ሁልጊዜ አንድ እርምጃ ቀዳሚ። የአሞሌ አስጠቃሚ።,5,2024-09-03,Dashen,Google Play Store
b98eac4a-0922-4b2b-9753-20004adff9dd,best app,5,2024-08-29,Dashen,Google Play Store
73eb56ad-984f-41b9-b142-aeac73d81814,በጠም ውደድኩት ስህተት ከለው በጠም መዝገቱ ደስ ብሎኛል,5,2024-08-24,Dashen,Google Play Store
5b236d60-bbb5-43af-9ac6-a5922eb0af71,🔥,4,2024-08-24,Dashen,Google Play Store
69f97bfa-2bbb-47a1-b02a-b5547664910f,"Although the application is good, but, it is difficult to get out. The app does not work to get out with the back cursor . Fix it quickly.",1,2024-08-22,Dashen,Google Play Store
4b9dcd8a-57f3-4e06-896f-d7b595005148,Go,3,2024-08-21,Dashen,Google Play Store
2ad6a091-7c7b-4ae1-bf77-a01c03274180,"I like thise app it is smart app,but when i make one mistake it will automatically block",5,2024-08-15,Dashen,Google Play Store
1a655b33-cd4c-43a8-a238-41819fcc6aa5,Nice,5,2024-08-14,Dashen,Google Play Store
12fa1d87-7d57-4f26-a2ef-8c42d4d53222,Suaud,5,2024-08-05,Dashen,Google Play Store
cd8c9e0c-4364-4dec-bae5-8bf74ff39665,wenderfull,5,2024-08-03,Dashen,Google Play Store
09c85d6e-b5fc-47f3-b2bb-5200b29b9bdb,Nice app in Ethiopia,5,2024-08-01,Dashen,Google Play Store
b517cf45-5fae-47d1-9d82-57d36a0b41f8,Nice,5,2024-07-30,Dashen,Google Play Store
3b643c39-098e-4c89-b7ab-a25462591753,simply the best,5,2024-07-26,Dashen,Google Play Store
fc157016-4af9-4d6a-ad47-df24fcfa4d49,Very nice mob app,3,2024-07-26,Dashen,Google Play Store
31452385-c5ae-4a7a-a483-e2dfdb5d0b0f,nice,5,2024-07-24,Dashen,Google Play Store
666b4edb-4454-42e9-8da0-6191c41ccba3,Good,5,2024-07-09,Dashen,Google Play Store
ed856f93-d563-40c3-97bd-3da096f1719a,Best,5,2024-07-02,Dashen,Google Play Store
690879eb-f8cf-479c-8314-08527e87ba94,"I hate this app stack and blackscreen not open as required ,normaly i resigned my job do to this app b/c our salary are depoite by dashen bank",1,2024-06-28,Dashen,Google Play Store
d03e42b6-1bac-43a5-bfd5-3c75917c8a6b,Wow Very Nice App,5,2024-06-22,Dashen,Google Play Store
b354988d-f171-42aa-9af5-19bc1784fe18,Telebirr agent deposit is not working until now. Please fix it. Fix it fast.,5,2024-06-19,Dashen,Google Play Store
10ae72e1-6825-476a-8835-dddee955145b,Very good,5,2024-06-16,Dashen,Google Play Store
241851f7-1276-4236-9959-efda8af476f9,The developers have incorporated biometric login which has made the app very convenient and user friendly. I will now increase my rating as promised,5,2024-06-15,Dashen,Google Play Store
d0bb5e1e-90b2-4def-8981-a578c9d37d58,Memekaye miliyoon girmaa,3,2024-06-14,Dashen,Google Play Store
4901b970-7908-4833-8bf8-aaafbf44df0f,This app is 🤩,5,2024-06-12,Dashen,Google Play Store
71bc132c-2f53-4b1a-a3ba-8887adaf06f3,Be adjusted this app is not available anytime,5,2024-06-11,Dashen,Google Play Store
f97a7fbb-7f3c-49e4-960d-c99c2b995a51,Super app,5,2024-06-10,Dashen,Google Play Store
6b400b0b-c46f-441d-8bab-0b3306c73f58,"Very poor app! It locked my out without any reason, does not have any conformation or screenshots . And delay when opening of the app. It is just time wasting.",1,2024-06-09,Dashen,Google Play Store
7af558e2-6bfe-46e8-8738-6a9446d5d01e,Best app....,5,2024-06-06,Dashen,Google Play Store
cdf822fe-d8d9-4a20-b7a3-13b63671f00c,wow amole,4,2024-06-03,Dashen,Google Play Store
d7c3f401-dcc1-42a1-8361-6724aae86355,We,1,2024-06-01,Dashen,Google Play Store
7cb29b18-59d5-4dcf-8f9a-a7c045362fb6,Best,5,2024-06-01,Dashen,Google Play Store
a9dc3c2c-92a4-4222-9780-86ab465e7cc1,Tye app is mostly good but you should make it be able to save usernames instead of typing every time i want to login,4,2024-05-31,Dashen,Google Play Store
bd4dae2b-94ed-43cf-aa1f-962255b09d21,"It's good enough. But, there is slowing in beginning of the App....",5,2024-05-24,Dashen,Google Play Store
a3986246-1a63-43d8-8bad-a854a9abe089,"Good for safety,take long way though",5,2024-05-22,Dashen,Google Play Store
e83ef928-41c9-4a2d-bf56-f84472317a8d,😘,5,2024-05-20,Dashen,Google Play Store
c9fecf8b-e479-4915-b25f-020bcf8a472e,Bad app that not helping me the is not login,1,2024-05-18,Dashen,Google Play Store
6dc6d59f-5cc8-4b83-b9ca-8b253ce8a55f,Good,4,2024-05-15,Dashen,Google Play Store
b8669626-4e5f-44e2-ab70-6198efd14324,Best after removal of screelock password,5,2024-05-13,Dashen,Google Play Store
4994f347-5382-433f-b56f-ec6c6654ffe1,"I really don't get how this is the lite version and it is bigger than the og app, ah well it is what it is ig ¯⁠\⁠_😂_⁠/⁠¯",5,2024-05-10,Dashen,Google Play Store
4f8302d6-7b36-464b-ad5a-c68068c050af,"Dashen Bank is the gold standard of banking in Ethiopia! The mobile app makes banking convenient and efficient. Plus, the branch services is top-notch, with staff always ready to assist with a smile.",5,2024-05-10,Dashen,Google Play Store
0f407423-9858-4b87-a672-f4fc038f3120,ማይ,1,2024-05-09,Dashen,Google Play Store
83cf821b-7dc3-4ba2-93b5-c367ed0ac20f,Doesn't work most of the time,1,2024-05-09,Dashen,Google Play Store
60be4faf-26b5-4381-ad29-ff16a6c664ad,that is awesome,5,2024-05-01,Dashen,Google Play Store
c099a88e-f7e5-45d9-b2e9-dbace43a3339,"It's so boring.... I don't wanna say this but this app so tough to take action. It's take long time and also it's conditional mostly it's not available, in 1 day it's work for 1 or 2 hour .... this bank so huge but de app it's not enough to define your exellence",1,2024-04-30,Dashen,Google Play Store
b1a7da35-2314-499e-9e48-2994dae1d500,We,5,2024-04-28,Dashen,Google Play Store
cfaf828f-8747-47bd-a4eb-315cfb0e5926,Jafare has fyguhfiwudgg,5,2024-04-25,Dashen,Google Play Store
223a8d20-54a2-4cf0-bb80-72ee9be27a21,it's fine,5,2024-04-20,Dashen,Google Play Store
1a83119f-d992-439f-a4dc-456c37cb459c,This app is very good Nice app people please use this app 😃☺️☺️,5,2024-04-20,Dashen,Google Play Store
7f333ea8-6d7b-4e96-a597-c399d6135338,Nice,5,2024-04-18,Dashen,Google Play Store
b49c208a-fa2b-4daa-a38b-55e188804852,Wow amazing platform 🙏,5,2024-04-17,Dashen,Google Play Store
2de62fe5-ae91-4228-8d20-13b7bc2f891d,"I tried to log in twice and locked me out. I tried to email them, but no one responded 🙃 please respond to our email back",1,2024-04-12,Dashen,Google Play Store
281def4f-45bc-4584-8a9e-8b97cc3b60b1,Why dont update,5,2024-04-06,Dashen,Google Play Store
d4c43f76-a12d-4990-8fe3-0b0d99948c01,Good app,5,2024-04-06,Dashen,Google Play Store
d1209507-2a56-4dbb-935a-de58bfb9a4ad,Best,5,2024-04-01,Dashen,Google Play Store
fb380264-ad82-45db-af0f-75533e1b56de,Nice,4,2024-03-31,Dashen,Google Play Store
88e46abb-bda9-4ff0-b97b-b0767cda97f7,This app is so good and its an interesting,3,2024-03-29,Dashen,Google Play Store
b4b586e5-ba71-4adb-8c1a-5c9d59ca0c71,The best easy banking app ever @ Ethiopia,5,2024-03-26,Dashen,Google Play Store
8c6b69de-e43a-486d-80fb-fd5965088eb9,Amole lite wow its more easy for use and more secured. I really its one step a head,5,2024-03-25,Dashen,Google Play Store
48a0b165-77ab-4226-89ee-890b4f8b9f1c,Excellent and Easy to use.,5,2024-03-25,Dashen,Google Play Store
9820db3a-8cdb-42a7-a43c-435e6426c441,wow,5,2024-03-24,Dashen,Google Play Store
92cf6721-42a4-4848-8ed5-ad91249e188e,it's good app I'm using it right now but after it have installed doesn't work fastly and again goes to update..plc fix the problem..,3,2024-03-23,Dashen,Google Play Store
771ca145-81cf-4e33-9b52-cfd748f75c35,Very nice,5,2024-03-22,Dashen,Google Play Store
29914d80-ab35-4def-94b9-f384a8df98f4,It's good app,5,2024-03-22,Dashen,Google Play Store
1bb81786-e7d5-495c-80f3-e33c4e460ca5,Very secured app but after the last update it takes long time to start .pls minimize the start time ppl might have no patience to wait more than 30 seconds just for the app to open ..,5,2024-03-22,Dashen,Google Play Store
34253b1b-429c-4eaa-a7ee-2bcc35e2a3bc,Nice,4,2024-03-22,Dashen,Google Play Store
e8847146-5050-477e-b53b-caf4dd3bd3ea,I don't know why I have been stuck with other mobile banking systems when all I needed was amole... I loved it,5,2024-03-22,Dashen,Google Play Store
0edee405-7e98-49d6-87c8-d9d7388e28da,Special for me,5,2024-03-21,Dashen,Google Play Store
ad121c24-2974-4495-bb5e-f2baeee4a8c6,Baset app,5,2024-03-20,Dashen,Google Play Store
e14c787f-28ca-467a-b0ab-aaf57da4f152,it is good App,4,2024-03-19,Dashen,Google Play Store
c7e06fb7-3003-42c2-b17d-4619359e163b,Nuuroo usmaan gaamilcom,5,2024-03-18,Dashen,Google Play Store
4d6f90b0-270f-47c0-a92d-c32959eb9496,good,4,2024-03-18,Dashen,Google Play Store
eebdb4c2-0e34-4991-8265-a71ed1459b60,Very good app,5,2024-03-17,Dashen,Google Play Store
55c0a7e8-da06-44dc-a0f6-b16af17eca7a,Student,5,2024-03-17,Dashen,Google Play Store
35ae3451-ba13-4175-b69c-6ffd0fcf5e62,it has a lot of options but it is a slowe while opning by biometric,2,2024-03-17,Dashen,Google Play Store
a78d36a4-56dd-4b79-a80d-f455c267870f,The last update is not working correctly so i stop using this app betam huwala ker new dashen bank needs to work on its digital app teams,5,2024-03-17,Dashen,Google Play Store
dfdde6ae-8ea7-42ed-bc5a-1ea41ef6d6a0,How to use application,5,2024-03-17,Dashen,Google Play Store
9cacfde4-49f5-4b8f-b552-3b454c9efa3a,cooooolllllll,5,2024-03-17,Dashen,Google Play Store
db4b3f70-666a-4de3-a525-102352acd2a2,I prefered you b/cs your service charge is very fair.,5,2024-03-16,Dashen,Google Play Store
2addf91b-3aaa-4128-8188-ba85ccc83b1b,Excellent App And Easy To Use Every where.,5,2024-03-16,Dashen,Google Play Store
e6f20b31-a82f-46fb-8540-0e9ec4772fb2,ተመችቶናል,4,2024-03-16,Dashen,Google Play Store
033cdf45-874e-4d73-8bcc-ff948f5e3b59,The best app,5,2024-03-16,Dashen,Google Play Store
9416298a-94df-4429-aebe-3a859a38c1e3,Well done Dashen Bank.,4,2024-03-16,Dashen,Google Play Store
f1e0b245-2868-42d9-b046-1d49c55b3e78,Good,5,2024-03-13,Dashen,Google Play Store
0631e521-20c4-4b35-ac59-20a4b142eb19,"The UI/UX experience is already good, but some minor tweaks in font sizes and color can take it to the top-notch level. Imagine the sheer joy and satisfaction your users will feel when they see the polished and refined interface you've created for them. Don't miss the opportunity to impress them even more with these simple yet impactful changes.",5,2024-03-12,Dashen,Google Play Store
c864cc0b-9742-48dd-8604-fcb73fa02f3c,I m the one here in Dashen bank,5,2024-03-06,Dashen,Google Play Store
d8cd18e1-a405-40b8-b927-fff5c5634aa6,improve more,3,2024-03-04,Dashen,Google Play Store
4a7e87da-147b-4faf-85ad-da876269c230,ለመግባት (login) ቀርፋፋ ነው ።,1,2024-03-04,Dashen,Google Play Store
70d2aaf6-fea6-4faf-8734-481587bdc4f0,I like this,3,2024-03-03,Dashen,Google Play Store
2d952a0c-93ac-4f36-ae69-11235f8bbbb2,Longin fails repeatedly,3,2024-02-28,Dashen,Google Play Store
e3e02dcd-93df-4b58-89d8-61c82dfc6847,One of the best app I have ever seen it's simple to use,5,2024-02-26,Dashen,Google Play Store
617a874c-1044-4666-a143-ada6e39a1284,Personal scored,5,2024-02-25,Dashen,Google Play Store
7c315ed6-1e19-4118-8cd7-74449172f4ba,Nice app,5,2024-02-24,Dashen,Google Play Store
af6752e7-8797-489c-b7e4-3924484225be,best app,5,2024-02-24,Dashen,Google Play Store
885eaa57-2cc7-446d-8c9c-8d3c25cb9c76,Best app,3,2024-02-24,Dashen,Google Play Store
0476c1a2-077a-429e-b8d7-c7767fb74586,Good,5,2024-02-24,Dashen,Google Play Store
cab35615-9a65-47b4-a0c4-3bf1abb42a87,Welcome,4,2024-02-22,Dashen,Google Play Store
6b0c451c-d559-4063-8b9d-882c7b829b94,Good,5,2024-02-21,Dashen,Google Play Store
7e59941c-d4cf-4849-b8fe-2c4940b33690,Needs to be underrated. Bad service,1,2024-02-20,Dashen,Google Play Store
cf9fd7ab-a7f9-44e6-a7aa-e7bb825ea798,Easy to use,4,2024-02-15,Dashen,Google Play Store
d148cef7-12a1-4086-b53d-5c81b585fa99,Its nice,5,2024-02-12,Dashen,Google Play Store
0ecc7518-c331-457a-9848-d2a2c2ec039c,Mudeme,5,2024-02-12,Dashen,Google Play Store
11deb1c6-a17e-4574-9de2-d36c4040e576,The upgraded Amole lite app is nice. I’ve loved it. But #USSD CANNOT BE ADJUSTED FOR NEW CUSTOMERS ESPECIALLY THOSE WHO DO NOT HAVE SMARTPHONES. YOU NEED TO IMPROVE THIS ONE,5,2024-02-11,Dashen,Google Play Store
a45151f3-a0d7-45ce-8cf3-bf7a6ecbb1c6,Good,1,2024-02-11,Dashen,Google Play Store
e996ed01-35fc-4b67-a1ad-e3e60e283f74,Past,5,2024-02-10,Dashen,Google Play Store
f975cbd1-7fcd-4bac-ac67-3842c4a586b9,Nice app,5,2024-02-10,Dashen,Google Play Store
64137e56-bf87-4075-927d-b44522b1f1ca,It doesn't work,5,2024-02-09,Dashen,Google Play Store
f5096ec0-b727-45e3-a981-0f2666141d85,Open,1,2024-02-09,Dashen,Google Play Store
8a02b0a4-0bfb-4384-86b2-0f31371ee3f0,Good app,1,2024-02-08,Dashen,Google Play Store
aff67ee6-b100-4d39-ba2d-823321d15cd4,good,5,2024-02-08,Dashen,Google Play Store
de0148dd-e92b-4a46-a9e4-93f6615ef358,Awesome,5,2024-02-06,Dashen,Google Play Store
510b83a4-30c8-443f-ac05-31caf1da014e,receipt downloading is not avialable in this version,1,2024-02-05,Dashen,Google Play Store
f1a34c32-b5dd-413c-8d69-ed43de152e76,Good 👍,5,2024-02-04,Dashen,Google Play Store
d036e5c1-3006-4d82-a1af-1f6d6884db51,Not reliable!,1,2024-02-04,Dashen,Google Play Store
88139b20-bb64-4240-94ed-6b3208b1212b,The last update doesn't work when you chose account to send money on lower Android version,1,2024-02-04,Dashen,Google Play Store
6e28102a-e3e8-43a4-959c-62f8b39840a9,Nice app,1,2024-02-03,Dashen,Google Play Store
32021b84-ec6d-44b6-97f9-bb10ed629ab2,Exchange rate is not real,5,2024-02-03,Dashen,Google Play Store
9b9796fe-99e9-4815-a57e-115e62f6ea31,Good,5,2024-02-03,Dashen,Google Play Store
e6d1ca64-31c6-47ff-9b65-008982b6d930,Good Security,5,2024-02-03,Dashen,Google Play Store
fdc9d9ca-25a1-4c1f-86b2-68d45d70d122,"It's good app but i can not see the history of transactions on the app and also updated one is not good can't send always says, choose account",5,2024-02-02,Dashen,Google Play Store
54db9a3a-5f27-4936-bb1e-135e35c7222a,Its good,5,2024-02-02,Dashen,Google Play Store
a2e2494e-5e5f-4d93-a103-1954135898c7,Happy day,4,2024-02-01,Dashen,Google Play Store
defa9435-8d9a-449b-9315-24acf1c54c59,"Disabled taking screenshots so there's no way to share payment confirmation screenshot with people. When you think the app couldn't get any worse, somehow these people find a way to do so.",1,2024-02-01,Dashen,Google Play Store
07371fde-c84a-460d-bed4-7490c3aad24f,Too technical.,1,2024-02-01,Dashen,Google Play Store
72632117-ebe5-4eef-a938-2472f1f12851,Excellent,5,2024-02-01,Dashen,Google Play Store
5dec01cf-1097-4f09-b10f-324ebb7b3077,🥰🥰🥰🥰,5,2024-02-01,Dashen,Google Play Store
cd8893e0-c119-45ab-a8ac-ce1243f7497b,Fast and secured,5,2024-02-01,Dashen,Google Play Store
49f36ef6-b59f-425a-909a-5861811c3360,Good,5,2024-02-01,Dashen,Google Play Store
beb5a548-d8f1-43cf-aca9-8ae8c4db62ec,Good but it need additional work it is slow in respond,3,2024-01-31,Dashen,Google Play Store
bcc1efb9-386e-4f5a-b2a5-57053948ea51,Nice app,5,2024-01-31,Dashen,Google Play Store
ec0b3b89-86d1-4680-beb3-0ce19d16ca1c,My best,5,2024-01-31,Dashen,Google Play Store
50b0bf64-a8cd-484a-9887-5bb6bced20cc,"l am old customer of dashen bank, i started to use this app almost for five month, in those time i didn't saw any negative on this app, its interesting and you can pay and recieve payment easily. from ethiopian banks i give five star its always seek new technology than ever bank.",5,2024-01-31,Dashen,Google Play Store
48ecc951-6164-46bd-bef5-94b8df8f9fed,Its nice please add reprint to get the receit,5,2024-01-31,Dashen,Google Play Store
52232e2d-16ba-4cf4-890f-208f2d33226d,Amole 100%,5,2024-01-31,Dashen,Google Play Store
626ab7c0-d406-4c94-af3c-899093bbffb5,I like it this app,4,2024-01-31,Dashen,Google Play Store
369a9cb4-29d2-405f-a300-6d005c5525bf,Best,5,2024-01-30,Dashen,Google Play Store
3989329b-6618-4b50-a39c-34101ac3788d,Smart and best always !,5,2024-01-30,Dashen,Google Play Store
82d80d66-39c8-4d69-9ec8-ca86d5263245,Ok,1,2024-01-30,Dashen,Google Play Store
72a213ec-d20d-47a3-8acf-d9d1054959aa,Dashed Bank A...,5,2024-01-29,Dashen,Google Play Store
bdf01a95-cc46-485b-84c0-85c3b879a065,Best app,5,2024-01-28,Dashen,Google Play Store
830f537e-03c0-49e6-8f74-b31ecdf256f1,ያማችኋል አይሰራም,1,2024-01-22,Dashen,Google Play Store
ea73084d-5746-4701-98ce-90f50f28742d,since i started using this app its speed and reliability is great as well. it incorporates all technologies. I am very impressed with the modern work you are doing with little effort.,5,2024-01-22,Dashen,Google Play Store
a1968b10-cfef-42d6-85fb-d7b147fac4cf,"It doesn't work, it keeps saying ""there was a problem submitting your request. Please try again later"" how come banking app service down all the time. It is very irritating.",1,2024-01-17,Dashen,Google Play Store
74ec1bad-3f8a-459f-a1d4-b14ebbda6a00,Excellent quality Applications Dashen bank for ever,5,2024-01-15,Dashen,Google Play Store
94071847-d5ae-4e7d-a543-f204218a343c,Good,5,2024-01-13,Dashen,Google Play Store
64152bc0-2989-4cfe-8138-dfddd55d7a0e,Way,5,2024-01-13,Dashen,Google Play Store
093f7a39-60bf-4de9-9df5-b706b272320d,This is the most ridiculous thing I have ever seen they are on maintenance everyother day,1,2023-12-31,Dashen,Google Play Store
48406704-c45a-4726-be69-54e95e6b3bb8,Well improved!,4,2023-12-29,Dashen,Google Play Store
223b1ad4-9623-4bb7-8df4-325e05587fb0,Keeps hanging ..,3,2023-12-24,Dashen,Google Play Store
bb08ee12-c453-426f-9f6c-b3f2ec451a6e,It's exceptional,5,2023-12-24,Dashen,Google Play Store
53b8ee14-b6e1-4d2a-9cdf-9f2455507dff,Dashen Bank Amole Lite essy to use and the connection is fast.,5,2023-12-23,Dashen,Google Play Store
26bc00e4-1b6d-46f7-a01a-1adbb189bde8,Ita fantastic,5,2023-12-23,Dashen,Google Play Store
f0e4c805-0668-48bb-8a24-6c5fbcdeda0a,It is best app,5,2023-12-19,Dashen,Google Play Store
47634258-d1b0-4f32-9ce7-cb613b3a7549,Top,5,2023-12-18,Dashen,Google Play Store
30aec5cd-5ef6-4671-be6d-cca76944e8cf,Dashen Bank is App 🥰👌,5,2023-12-18,Dashen,Google Play Store
ddefc0c6-b5db-493f-a611-221a24456ab3,<> መፈክራችው እና ስራችው አይገናኝም ። በጣም የሚያስጠላ app ነው። ቀድሞ ያልዘመና ነው በአጠቃላይ ጊዜ እና ገንዘብ የሚያከስር app ነው ። keep our time unless uses this app,1,2023-12-18,Dashen,Google Play Store
b88a7437-ca1d-4887-97d0-077ed99d02e7,I am very comfortable with the efficiency,5,2023-12-15,Dashen,Google Play Store
0f042527-b7a8-4ffb-83c8-5fd1ccf375e2,"I tried to use this app for long and failed to do so. Initially, I able to use it even though with difficulty (very slow, need of login and logout) now and then. Then i couldn't use it. I tried to reset with one of the Dashen branch bank but failed",1,2023-12-11,Dashen,Google Play Store
e66692a7-c3b3-474f-b442-28538e729a7f,⭐️⭐️⭐️⭐️⭐️,5,2023-12-08,Dashen,Google Play Store
af88827e-b051-4cd3-b2bf-a6543feac54e,Too slow!,1,2023-12-05,Dashen,Google Play Store
c9309b47-2f65-4d90-a3dc-d99821733309,a best tecnology appl.,5,2023-11-26,Dashen,Google Play Store
b6d7b42a-0076-40c7-8b6e-fa6a9e9429b8,This app no working 1 star,1,2023-11-23,Dashen,Google Play Store
fc9f3cd5-25b0-4e31-a727-bdb1d4dd105c,This app works so good. But i don't get it why it never show incoming fund transfer report? Have you notice this?,3,2023-11-23,Dashen,Google Play Store
82856f19-746f-4942-a3d8-9040ce37b5fb,it sስሎው አፕፕ ፕሊስ ቸንግ አንድ ፋሰት,1,2023-11-22,Dashen,Google Play Store
46199fa4-676c-4641-9b0c-a74d7fb69d24,There is always room for improvement and an opportunity to adopt! keep improving and keep evolving. I would love to see external services provided by the Amole app to utilize and actively operate our banking account. Option to invest in ideas that could build Ethiopian creativity. Yosef ke Dallas,4,2023-11-22,Dashen,Google Play Store
8aa08df3-2a4b-4c1e-bdbe-f28b14b6867f,"Even though I am a long-time Dashen Bank admirer, I find this app hard to use compared to other banks' mobile apps. It has a problem refreshing account balance, I needed to log out and login to see the updated account balance. Overall, user friendliness of the app needs a serious upgrade. I will improve my rating once problems are addressed.",1,2023-11-22,Dashen,Google Play Store
9b0057ba-861b-4662-a65c-27f8b4d039db,Best,5,2023-11-18,Dashen,Google Play Store
31fedea1-e7d2-4005-ba89-36181d01254e,"very fast ,secure and simply to use i like amole",5,2023-11-15,Dashen,Google Play Store
2986dc7b-6ecb-4bcf-87a3-b29fd4709ef1,Amazing,5,2023-11-13,Dashen,Google Play Store
89e65d72-51b4-4e71-9550-4f35e3381928,The best of the best app,5,2023-11-12,Dashen,Google Play Store
2a1fd57e-9cda-47b0-ba72-ceb2e94b2a47,ለአጠቃቀም አመቺ እና ቀላል የሆነ የሞባይል መተግበሪያ ነው ።,5,2023-11-12,Dashen,Google Play Store
24142524-345a-4181-8ec9-e8650d0f11da,It is a reliable and safe application.,5,2023-11-11,Dashen,Google Play Store
234cdeaf-fcf4-42af-b14b-8f60ae1be1fe,Good,5,2023-11-11,Dashen,Google Play Store
1318b17e-ce4b-46e4-884e-5a99fb9387c8,"Best app, it saves traveling cost plus work time forgone. Simply bank in your home and hand 🙏",5,2023-11-11,Dashen,Google Play Store
18b78fe7-fbbb-4df3-add8-27034cc2d6cf,It is compatible.,4,2023-11-11,Dashen,Google Play Store
0d9d12c2-1b2b-4f45-9f34-b59c23956463,It's very good app but always try to open requested update...,4,2023-11-11,Dashen,Google Play Store
7a9157bb-ec07-4f09-a24f-5ec3cc271a8e,please how can i fix my app it keep saying application error i have tried to uninstall and install again nothing has changed please help,1,2023-11-10,Dashen,Google Play Store
95453c2e-3dea-4af9-ac13-34624eaa1030,"It is too slow application than any one of Ethiopian mobile banking apps. Please make it fast, and its feature beautiful. I am a Dashen Bank Customer and user of this app. Thank you.",2,2023-11-10,Dashen,Google Play Store
1e259e2d-c32c-4d9f-ac37-5b1d9f4d98ce,Best,5,2023-11-09,Dashen,Google Play Store
e772600c-5a2a-42da-bade-29cbac1474b4,Not working sometimes,3,2023-11-09,Dashen,Google Play Store
7d9db90c-976e-43d2-b2f5-817ea54dbb8e,The best one of the internet banking apps I've come across in Ethiopia. Only thing I would like to see added is the ability to get a receipt after the payment has been payed or transferred. Since it only gives a receipt right at the moment of payment and after that there is no way to get a receipt.,5,2023-11-08,Dashen,Google Play Store
99563dee-a082-4837-9aa7-dc897d76b862,nice app,4,2023-10-31,Dashen,Google Play Store
dbb19f0f-4c19-49c0-9ac2-c08d1e1cda0b,Excellent,5,2023-10-28,Dashen,Google Play Store
95804ba6-af57-4bd4-98dd-1aa07a2088e1,Best,5,2023-10-21,Dashen,Google Play Store
4539bc6f-6f47-462b-8c9a-846547e35d7d,ምንድን ነው password 🔑 expired የሚለው,5,2023-10-17,Dashen,Google Play Store
c25bcf65-7cb4-4cf9-bdab-0e9b1cd61d75,Worst app ever all it does is load and fail plus your customer service on front are not supporting,1,2023-10-17,Dashen,Google Play Store
c9913af1-5d85-4fe3-a757-8264c2bb8678,Best app I used it,1,2023-10-14,Dashen,Google Play Store
b15e23e1-8741-4412-8c45-46bcf1142f16,Faster secure and best international creadite card is the frist bank ethiopian bank to apply prophational card.,5,2023-10-13,Dashen,Google Play Store
f8c01984-a249-4080-b6a3-e427ecab177c,Excllent,5,2023-10-07,Dashen,Google Play Store
a46bc002-2e69-4a16-80cc-9c3c26723e8a,This is nice adds that I like it.,5,2023-09-30,Dashen,Google Play Store
f780afc0-84a7-4df5-8d10-cf94c3ae38e3,It is simple and fast.,5,2023-09-29,Dashen,Google Play Store
93cb482e-35e4-478d-9f07-58f6d14d3a63,👏👏👏,4,2023-09-27,Dashen,Google Play Store
72dcde74-a7ec-402f-91e7-8dc87266bc30,Vary good,2,2023-09-27,Dashen,Google Play Store
42bf0913-6fff-44e8-9879-75361226b908,Amazing banking app.,5,2023-09-26,Dashen,Google Play Store
befc843b-547f-4760-a24f-ef150d9e31c1,Great app,5,2023-09-25,Dashen,Google Play Store
10e298a3-32eb-42e0-8030-b6a213e0f6e0,Best app ever,5,2023-09-10,Dashen,Google Play Store
a0c78638-b268-46bd-a413-0f7b979e4d0e,Ashabul,5,2023-09-10,Dashen,Google Play Store
27264167-cd94-442f-8b46-f5318333a84b,Best easy and secure app thank you,5,2023-09-08,Dashen,Google Play Store
1ffa98a8-f3b7-450c-8bb2-d3c257871511,Best app Ever!,5,2023-09-03,Dashen,Google Play Store
6c70901b-2b55-4fbe-8433-6f5cbbec6b55,"Why not we can pay bill,directly from main account, difficult to transfer repeatedly.",5,2023-09-02,Dashen,Google Play Store
2e4e305e-4d0b-47a4-9992-67eee09be646,"Aside of some of it's major flows, the worst one yet is that it doesn't give you the full detail of your transaction history. Like the receiver's name and account number. You've to take a screenshot to document it or send it to the receiver as a confirmation.",2,2023-09-02,Dashen,Google Play Store
6f32de77-10c1-49b2-b561-768fc222ac0c,Good app for use simple and easy,5,2023-09-01,Dashen,Google Play Store
38d9481d-11ef-442a-82c8-b45188d178ab,ባጠቃላይ ባንኩ እወደዋለሁኝ,5,2023-08-31,Dashen,Google Play Store
3b531f22-4ed8-46df-9b1e-c4c246b3af95,"Like your slogan, you are one step ahead.",5,2023-08-31,Dashen,Google Play Store
2ada2872-b4c9-44d1-932e-42958a7ff484,Good,5,2023-08-31,Dashen,Google Play Store
29e8c7e2-755f-44d2-b368-17640946390b,Loved,5,2023-08-30,Dashen,Google Play Store
e252cdc2-2749-418a-9c79-db0a54251309,Very good app and secured,5,2023-08-28,Dashen,Google Play Store
14ac5a30-2f24-49b6-8e97-c7ecd3654d41,This app is so simple to use and secured. But while generating receipt or ደረሰኝ its required additional app XML viewer or PDF conversion app. Why? Can we view the receipt through jpg viewers?,4,2023-08-26,Dashen,Google Play Store
a6b85156-e4ff-440e-8fde-845fc0864beb,Not too bad,3,2023-08-19,Dashen,Google Play Store
66e57dfe-d552-421d-8b01-ebe5a3f5060b,Teribble need a lot of work to improve,1,2023-08-19,Dashen,Google Play Store
9c7955e3-382e-4d0e-99b3-bd8b2d13577d,ok,5,2023-08-19,Dashen,Google Play Store
06648479-1a61-475e-9e2c-f9d6763b1d3c,ምርጥየ,5,2023-08-18,Dashen,Google Play Store
c994b034-8687-4b97-b11b-742c8b67b4fd,Baheru ጭስ,2,2023-08-16,Dashen,Google Play Store
e01a1980-9005-4110-a14b-e29c120963c3,Wawu,5,2023-08-12,Dashen,Google Play Store
32172813-7f01-4c51-8a7f-29d4b5a8b2ce,Thank Dashen bank,5,2023-08-12,Dashen,Google Play Store
b5b2c149-9d6e-43f4-92c0-79b4bb049477,good,1,2023-08-12,Dashen,Google Play Store
f2e32203-2e92-4661-8e50-9279a45752e3,Good,4,2023-08-11,Dashen,Google Play Store
f5952bbe-0741-4feb-b38a-88af3820558e,Simple and secured,5,2023-08-10,Dashen,Google Play Store
e46c6acf-64a0-480c-ba18-7b87dc08b2b5,its nice and easg to use.Also its unique part is very fast,5,2023-08-10,Dashen,Google Play Store
010eab79-0c00-4f6e-afd3-f7b63bbd3669,It's just ewww the app overall,2,2023-08-10,Dashen,Google Play Store
a4e5911c-caa0-445b-bccf-410588ee90ef,Love it,5,2023-08-09,Dashen,Google Play Store
a420b4b8-5790-4869-bcdf-e22204cfc5d7,Good App.,5,2023-08-09,Dashen,Google Play Store
f4065ba9-6daa-4b1e-947b-bf095e89cfea,Good,5,2023-08-05,Dashen,Google Play Store
6a5a5a5d-22d1-41cf-be60-dd0b1b22154e,Its good,5,2023-08-05,Dashen,Google Play Store
c57273f7-4cc1-43e1-889e-b903c7cc8c73,Simplify.,5,2023-08-01,Dashen,Google Play Store
76b15c47-c40b-4b22-acf7-1aa556ff5e1d,Amazing,5,2023-08-01,Dashen,Google Play Store
56d47ab6-cae0-498f-a9f2-3b1d8b0f6d81,"Abel Balcha, and Abel Solomon, sad to say what is annoying is to read your comment about password. Your comments on password tell your limited knowledge about digital security. Both comments goes against strong security policies; It is meant to protect your assets. Don't be careless on it. Reconsider your review. In a way you are telling how secure this app is. I hope Dashen will respond to disqualify your review points. It is just not fair.",4,2023-07-30,Dashen,Google Play Store
a46d3b7a-0507-4904-b646-8ff14dce3a57,good👍,4,2023-07-28,Dashen,Google Play Store
1352f394-c3d9-48c1-a1df-283e5bb09abf,Best,5,2023-07-27,Dashen,Google Play Store
ffbbb407-4964-448b-84ad-bdf21dde1efd,good app,5,2023-07-27,Dashen,Google Play Store
f03d1e2f-d844-4f81-bec7-83b82cf797dc,"I really enjoy this app because by doing anything it could remind me and saying you logged in with this app, if is not you contact this number.. So I like it",5,2023-07-23,Dashen,Google Play Store
7128e687-1ba9-4a5f-865b-287f4fcf4bfc,Tell 6836,1,2023-07-22,Dashen,Google Play Store
bb9afc86-e2c0-4f00-aeb2-11ba8331bf7f,"The login should be auto filled,",3,2023-07-20,Dashen,Google Play Store
c2c6d58a-8efa-4c84-95fa-634715f58377,Good,5,2023-07-20,Dashen,Google Play Store
0be58162-5086-4b6c-b735-496989c5a651,የአንድ ጊዜ ምስጥር ቁጥር ቶሎ አይመጣም ብዙ ሰዓት ያስጠብቃል ማሻሻያ ይደረግ,2,2023-07-20,Dashen,Google Play Store
852d36c9-12e5-465e-89fd-eff7b017bc5f,Good,5,2023-07-20,Dashen,Google Play Store
7b20d947-34f7-4ce5-b339-a35befc02d75,Good app,4,2023-07-18,Dashen,Google Play Store
6b9cfe0e-d8a7-4e1f-9af8-173fe8fc8296,Used balance check app,5,2023-07-14,Dashen,Google Play Store
92337d18-e610-4cff-a316-dbd3ebc0bebd,Nice so perfect,5,2023-07-06,Dashen,Google Play Store
6c7b9882-838d-4cc2-a4bc-2cdbc76320ed,It is easy to use,5,2023-07-04,Dashen,Google Play Store
7b0971ea-e796-4130-8b94-2aae506d94ee,This appi is 👍Good,3,2023-06-09,Dashen,Google Play Store
35251820-7f3b-4caf-bd30-5f7afbbfa052,ጥሩ ነው ግን chrom ላይ password save አድርጎ ያቆያል,5,2023-06-09,Dashen,Google Play Store
35a184e6-7408-4bf8-9598-861376465810,Thankz,3,2023-06-08,Dashen,Google Play Store
cf19b33f-9fe1-4a30-9dfa-269621b9aa4e,Why should change password it's not good if ur client forget password it can be exhausted for client,2,2023-06-08,Dashen,Google Play Store
2a025ac9-08d9-4202-b48e-4d50050dc518,OTP not send on time while processing any transactions by this app.,4,2023-06-07,Dashen,Google Play Store
ceebfa0a-b6cc-4789-9b29-deed6303f051,Good app,5,2023-06-06,Dashen,Google Play Store
80e9785d-e14c-43ca-82e4-f8ebca398357,"It is simple to use, one annoying thing is, it demands you to change passward frequently and then, when we get confused which passward we used last time, it locks you out, if you put wrong passward and then tells to go to your bank, which may be miles away. Please make the frequency of passward change less frequent.",2,2023-06-06,Dashen,Google Play Store
d8f409ff-61a1-42c6-a2a8-bf2ceddb6b4a,good upp,1,2023-06-06,Dashen,Google Play Store
9a7897a3-a55d-4835-934c-24939b662390,best,5,2023-06-05,Dashen,Google Play Store
e3a06577-6852-41ee-aa3b-afe055f2c0a9,Five star,5,2023-05-26,Dashen,Google Play Store
a32d0d13-5fe5-4ec5-847d-5fd84117e731,It's amazing app use it!,5,2023-05-21,Dashen,Google Play Store
a8553035-ad9a-4d18-ac64-b33716783ac3,"I really enjoy using the amole app simple and easy. I hope the developers add card management services like change your pin, disable card and so on other than that I enjoy using amole it's great 👍",5,2023-05-16,Dashen,Google Play Store
2fa587e9-42f1-4e3f-af80-e752e1c92c30,I can't update amole lite and when I try to use the old version it can't log on to my account.,3,2023-05-13,Dashen,Google Play Store
cb0ae370-159f-400d-b47d-2a46959eeefa,It's good and easy to user from any branch. I say Continue ahead,5,2023-05-10,Dashen,Google Play Store
17e8a2bd-a6ea-4e7d-84a0-cb64018efd75,Good app,5,2023-05-06,Dashen,Google Play Store
07215795-2506-42a6-b86c-3751b74e8224,ፈጣን እና ምርጥ ባንክ ነው mobile banking ደሞ በታም ኣሪፍ አና ተሎ የሚደርስ ከሌላ bank የተለየ ነው ቀጥሉበት ፡፡ እናመሰግናለን,5,2023-05-05,Dashen,Google Play Store
191e81ad-2e0f-4933-8ae3-214036c68bb7,Best,5,2023-05-04,Dashen,Google Play Store
382555e0-fd93-4ce6-bbb1-9d3579b337fb,Best app,5,2023-04-28,Dashen,Google Play Store
ece57793-b66d-4559-853d-7520996b7d0e,This app is not expected from a bank that says they are pioneer in adapting technology.its user interface is worst than other bank its not intuitive at all .it needs lots of work,3,2023-04-28,Dashen,Google Play Store
b8ba07f5-9be0-46db-99b3-1a6e49e052cc,Good,5,2023-04-18,Dashen,Google Play Store
3afd5d6f-b815-4c2f-96f8-6bcc5ea57695,best,5,2023-04-13,Dashen,Google Play Store
bb41a079-5229-471f-b10a-47bd512c4e81,Best Application,5,2023-04-08,Dashen,Google Play Store
11391511-9d24-4fb3-a82f-4275d7e6824a,Ok,5,2023-04-01,Dashen,Google Play Store
fa97b9ec-6a21-431c-9db7-f6e7350867c3,ለ ንግድ ስራ yamehon 6 war yamemalsew tenshe bedr eflgalhu,4,2023-03-29,Dashen,Google Play Store
2fe1b930-1015-4ce9-8e68-56bace6197d3,It`s good.but the transaction fee to other bank is too much,3,2023-03-28,Dashen,Google Play Store
03f4afee-4dbc-4aeb-9df8-8120676f0c37,Best,5,2023-03-27,Dashen,Google Play Store
881e1afe-1fb6-4055-a721-e28b3dbbf275,Gaariidha!!!,5,2023-03-26,Dashen,Google Play Store
430dbaaf-1d58-4aa3-aabd-23e797e5b900,Good app it is useful for business activities .,5,2023-03-25,Dashen,Google Play Store
41cac1d4-3b9c-4e96-b04f-4bd425321eb3,Good app,5,2023-03-25,Dashen,Google Play Store
31922495-253e-442e-990a-c7a46c7be148,Like,5,2023-03-24,Dashen,Google Play Store
850678b7-34da-457c-a5a5-c63b8ad02390,Nice app,4,2023-03-22,Dashen,Google Play Store
197fb5a7-738a-4616-8bfa-84cb35e2e789,Account is locked out without any wrong password retries 3 times. Sending OTP is unnecessary because it has its own username and password.we can not make transfer without having SIM card on hands.if it require SIM card why we not use USSD no need of app instead .it makes discomfort for using,3,2023-03-20,Dashen,Google Play Store
70951a6f-26ef-49de-8f9a-39384f78fccc,Good and reliable service,5,2023-03-19,Dashen,Google Play Store
15eb1d2a-87e5-4075-a961-dad92dd0bee7,"Best app I have ever seen woderfull, always one step ahead.",5,2023-03-19,Dashen,Google Play Store
35ada4ca-0639-478b-b9a5-378ddb3769f7,Good apps,5,2023-03-19,Dashen,Google Play Store
e331ee97-7303-40b9-a1ed-3fdd48498cb3,Good application for people needs,5,2023-03-18,Dashen,Google Play Store
84c4d3fb-55f1-4bf4-9028-3a025763a1a6,What the hell are you doing. How can you release an app update and completely ruin everything. I can even login to begin with. You took it from a 5 to a 1.,1,2023-03-18,Dashen,Google Play Store
f07593ff-f152-4d61-b7de-0f6745511b92,comfortable,5,2023-03-18,Dashen,Google Play Store
4668f156-56ec-4194-b6b1-6269b4f59970,Really what amazing application whcih easily friendly and convinant more finally I would like to say it alawyas updated and modified many times it lacks consistancy.,5,2023-03-13,Dashen,Google Play Store
a20bbe65-e35e-47ac-aebe-c74b1205e09d,Good,5,2023-03-09,Dashen,Google Play Store
37dbafd2-d272-4fb1-8a66-48c4e5a34d5f,This is good app,4,2023-03-08,Dashen,Google Play Store
9613524a-9f78-4c2c-9925-d78d4ee06297,Best mobile bank in Ethiopia i can access this service through different way. I love it,5,2023-02-27,Dashen,Google Play Store
8090607e-3096-4b44-a897-c905ab1205e7,Wow,5,2023-02-23,Dashen,Google Play Store
b28bbadd-366e-4448-9349-8937ebb05cd1,You have made the app more user friendly and easier to access any informantion. Great work from the developers. 👏👏👏,5,2023-02-18,Dashen,Google Play Store
03c29235-6f04-4200-9254-621f130f42fc,"It is easy to use, fast and secure. I love it keep up the good work!",5,2023-02-15,Dashen,Google Play Store
be8cf419-f193-4350-a679-b21779dd55d5,Wow,4,2023-02-13,Dashen,Google Play Store
1436a830-f479-4c20-88ff-bb1547d96c09,"Secure,Fast and Easy👍",5,2023-02-10,Dashen,Google Play Store
7a07cbfb-298d-46e2-b230-2a973bf66f1a,Dashin Bank,5,2023-02-05,Dashen,Google Play Store
322789d1-9ca6-4716-b2e1-0a8264e629bb,It's good thanks you,5,2023-02-05,Dashen,Google Play Store
6a4be85a-acc0-45ec-935e-b8e9438513d0,"Its very easy and usefull app,keep it up your good service.",5,2023-02-02,Dashen,Google Play Store
bff62a5e-ac85-4cc6-be43-e09150767b43,Excellent,5,2023-01-30,Dashen,Google Play Store
0af6f461-5de9-475f-b953-1d7aaa690ffc,It's very good,5,2023-01-25,Dashen,Google Play Store
3dce5a80-042a-4932-8ed5-8b2b826c3ae0,Good App,1,2023-01-20,Dashen,Google Play Store
b7d29ce7-f05b-4719-9521-a60c2e716d6d,Malif kani yeroo yerodhani update gafat kuni imo rakisadha,2,2023-01-19,Dashen,Google Play Store
854e862d-00d3-4c51-8f20-2b31a242422d,ይመቻል,5,2023-01-10,Dashen,Google Play Store
ad069f7e-2789-4868-b152-89a35bfbe34a,Nice app,5,2023-01-10,Dashen,Google Play Store
dae83d5c-04b6-4ffb-ae9f-945ec9f6b05b,"This version is better from the previous one, it's speed is admirable!",4,2023-01-01,Dashen,Google Play Store
7e1174ba-5c57-4059-9b67-cc4ce82952cb,Good app.,5,2022-12-30,Dashen,Google Play Store
d40e01ca-25c9-4507-8cba-380080b6b298,Thanks for this application,5,2022-12-29,Dashen,Google Play Store
d28a26f0-510f-4570-991a-1dd131b5353e,Abin kun hedduu midhagadhaa 👍😍,5,2022-12-28,Dashen,Google Play Store
5cab12d3-798b-4e27-aea7-3f6dd3b5bd6e,It is very good,5,2022-12-28,Dashen,Google Play Store
7630877a-d94d-4d0a-9aaa-8bcadef690c0,Doesn't open.,1,2022-12-24,Dashen,Google Play Store
e3ca0a97-f11a-4a8a-9174-2fb27a9a0c4b,Why is not working,3,2022-12-18,Dashen,Google Play Store
0d72892b-fa03-49a1-8fba-939dc9e32dcc,It's nice app tanks befor.,5,2022-12-18,Dashen,Google Play Store
083c3298-7b08-4160-94de-840ee5c7e7ba,Nice,5,2022-12-16,Dashen,Google Play Store
0b8b692e-05a4-46be-a233-e26ee5f1badd,"It's a good app. I like the summery it gives after every transaction. The problem is its asking me to update, when I try to update, it won't.",4,2022-12-15,Dashen,Google Play Store
a9319370-4a85-49f9-b6f6-bed985a9559d,It is helpful for my transactions.,5,2022-12-13,Dashen,Google Play Store
87613c62-a0d2-454f-96c6-042cc1350622,Fantastic app,5,2022-12-13,Dashen,Google Play Store
52ebc6bb-c340-48dd-8dd9-784a16f5d7f5,"It is nice app, secure. The problem is, it can not remember accounts I have previously transferred to. I have to manually enter account number every time I want to make transfers. The CBE app remembers previously used accounts. Learn from them.",4,2022-12-09,Dashen,Google Play Store
3551b2da-053f-4159-a18a-bfffc9535504,It's a great app,5,2022-12-08,Dashen,Google Play Store
38797694-cccd-4777-91ea-12b381df65a6,Bad app,5,2022-12-07,Dashen,Google Play Store
f747ea5e-df49-434b-bd2b-0e8d79a6beb3,Leading bank good job,4,2022-12-07,Dashen,Google Play Store
ee01aac3-6ab7-4573-baa9-7b9aa3db1f79,"The app is good but It could not syncronize the wallet and the telephone number which is attached to my account. It alerts like ''The Mobile Number is Already registered, Search with customer ID xxxxxxxxxxx''. Try to correct it pls.",3,2022-12-06,Dashen,Google Play Store
9fb6aad8-ca48-462b-8b02-a9c1258530d7,v. good app,5,2022-11-27,Dashen,Google Play Store
9a922ad0-3f6c-49f5-9e96-dd6299fd0dd4,App,5,2022-11-25,Dashen,Google Play Store
3bc06a83-deb8-4fd8-9235-f3fb15ea6944,"Best Mobile Money in Ethiopia ,one thing missing ,Content sales like concert tickets ,have to embedded in the app ,users should not got to other channels for tickets sales",5,2022-11-25,Dashen,Google Play Store
76e8d1c8-8010-4a37-8745-da9f37b2e5bd,Amole lite app is the best upgraded version of dashen bank..... I'm happy by this version and I recommend other to used this app... Thank u,5,2022-11-25,Dashen,Google Play Store
092d6075-ee4c-4d6a-a43e-78b1097c90c3,My best app,2,2022-11-23,Dashen,Google Play Store
ab6b361e-ad2c-4f79-896d-181047b672c3,Good,5,2022-11-20,Dashen,Google Play Store
2f707160-3141-4e36-898a-6dad65c16bf9,Better keep it up,5,2022-11-19,Dashen,Google Play Store
47864275-6d54-4189-90e8-e0c8945f02e0,I always love using dashen bank. Its true and simple,5,2022-11-18,Dashen,Google Play Store
6b799026-e261-4621-802e-ba76d275e402,Great,5,2022-11-18,Dashen,Google Play Store
732276f9-6c4e-4ffe-9bb7-7969a87656e2,Interesting and nice mobile banking platform compare with other private banks,4,2022-11-16,Dashen,Google Play Store
ae92afb8-0dae-4eb4-a357-6890ffba263e,"very simple , fast and friendly interface. with the option to use while we r offline (the thing i liked most about it). very good improvement.",5,2022-11-13,Dashen,Google Play Store
94a29225-34d9-4837-94f7-0c9568b5cb81,Best,4,2022-11-10,Dashen,Google Play Store
90ad15e1-e674-4b21-87bc-777861911e77,good job,1,2022-11-09,Dashen,Google Play Store
5a874db3-d6ef-4336-b040-7f4c60587c70,DASHEN BANK ALWAYS ONE STEP AHEAD!!!,5,2022-11-08,Dashen,Google Play Store
cfdcf7dc-e0a7-4069-8a35-e9251af8f1e3,Nice,4,2022-11-04,Dashen,Google Play Store
471e504d-3d29-4df3-8708-71c0a43a3b85,Good app,3,2022-11-04,Dashen,Google Play Store
f4e1d9a7-ef9b-4ef5-8379-6c63feb51c46,The structure of the application is okay but it's not work as they expected,1,2022-11-03,Dashen,Google Play Store
a5ba012c-8777-4cd0-98a0-52c436e9ae11,Arif app new bebekule enen xeqmognal,4,2022-11-03,Dashen,Google Play Store
2b6f38c6-4392-43e6-802e-f37ea0fa1e3e,Excellent,5,2022-11-01,Dashen,Google Play Store
36d3008b-8ccf-4d10-aeb3-3b1560dd3e5e,Simple app,5,2022-10-31,Dashen,Google Play Store
9d97f0fb-6663-4652-940d-33903af992fe,"It,s ok",5,2022-10-30,Dashen,Google Play Store
e62d84df-b314-47c7-9e5d-f44f164a5e5f,ሐኘአገከገከጨጰገከ,3,2022-10-27,Dashen,Google Play Store
96a10b9d-207c-447a-9f4f-5ce27cc47fb8,Fantastic app,5,2022-10-20,Dashen,Google Play Store
0451454b-0e72-4173-a56e-a54ccd2270f4,"Best, app is more accessible by wi_fi rather than mob data, since is better improve on it!!!!",5,2022-10-18,Dashen,Google Play Store
c73a0e5d-3b36-4e07-885a-0c03e4496c0e,Good app but it needs some improvement on speed and amount transfer limit,5,2022-10-15,Dashen,Google Play Store
cc08815e-f3fb-41ab-a1c0-ee7ef1375d1f,Always one step a head,5,2022-10-11,Dashen,Google Play Store
e76b7f16-1350-49f6-826c-d90e145ae2a0,"The update description says ""Now you can send funds to your Telebirr Wallet from your bank account"". But it's not available yet please fix it. It is fixed now Thanks 👍",5,2022-09-15,Dashen,Google Play Store
efd572c6-409f-452c-83fa-5c2ce25eb3ef,"Much better than the Amole app, but still needs some improvements. On the transfer screen, the type of transfers' names are missing. Also some of fonts look faded.",4,2022-09-14,Dashen,Google Play Store
843fd90b-8ca8-4566-a595-e4acfb250bf3,ወድጄዋለው,4,2022-09-11,Dashen,Google Play Store
a683c071-6e56-4e72-bf3b-539db38898ae,Best app ❤,5,2022-09-08,Dashen,Google Play Store
46b0a105-7dbb-4b1d-8e1c-a3311c5ca7a7,Excellent! The improvements are also appreciated. But the fact that the app doesn't have language option is one point that has to be improved.,1,2022-09-08,Dashen,Google Play Store
4497bcbe-c0ef-40e7-86aa-c7eb928babc7,What I like about Amole is it send otp for every transaction and make your transaction more secure. But it will be more secure if you make otp only via SMS.,5,2022-09-07,Dashen,Google Play Store
701478d8-d54a-4f37-8591-8e7e1cff6692,The greatest app,5,2022-09-07,Dashen,Google Play Store
7342c5d7-72b5-4101-8a10-cd4304d238ce,very easy to use and added features! keep it up!!! always one step ahead!,5,2022-09-07,Dashen,Google Play Store
ce173a35-5c16-4990-b567-61ed8307ff93,good,1,2022-09-03,Dashen,Google Play Store
4de40a40-11d6-49c0-9559-f1dc45923658,Keep your great work. Absolutely wonderful and Secured App. May be the best mobile banking software in the country. If there is 10 stars i will give.,5,2022-08-25,Dashen,Google Play Store
765f3501-d9d3-49c2-baa2-93697fb89d43,The best mobile banking app ever in banking industry.I can't complain anymore what a good work colleague's. VAMOS,5,2022-08-15,Dashen,Google Play Store
badd7c44-78cb-4907-8ac1-469d95b0fd90,very nice !! And please add telebirr access same!?,5,2022-08-15,Dashen,Google Play Store
1ad50ea4-6f4b-4f02-8dbf-0f23f682324f,"I like the fact that it sends you a SMS message every time your log in to the application. So if a malicious user access my account, I know straight away. This feature is unique. Excellent job Dashen!",4,2022-08-11,Dashen,Google Play Store
ba405c3a-c2f8-4310-89ab-3b0fb2df16b8,It is the best app,5,2022-08-11,Dashen,Google Play Store
d39f79ce-5476-4f0f-8d3d-3854eb227b19,Always one step ahead,5,2022-08-02,Dashen,Google Play Store
decc7072-af5e-4074-81b0-02676d2fa5c3,Its not god,5,2022-07-30,Dashen,Google Play Store
2dd766a4-9a21-419d-bbbf-a054ecfcfcdf,Great app,5,2022-07-24,Dashen,Google Play Store
89747566-2b29-492f-9141-0f6ab1695135,Its user friendly 🤙🤙 after using this lite app its fast and easy😊. ‼️remove the first amole app‼️,5,2022-07-18,Dashen,Google Play Store
de9eb417-62b6-46be-9c4c-2d0e839cb4de,Nice and attractive application developed. Wonderful,5,2022-07-18,Dashen,Google Play Store
ded538c4-7ac6-40e8-9462-7a5c124d9835,Amole lite is very simple for any kind of payments. Thank you Dashen Bank!!,5,2022-07-18,Dashen,Google Play Store
6dc921a2-231e-4f32-ab9a-bd2bc6ec5a6a,በጣም አሪፍ!!! ከቀድሞው የተሻለ ቀለል ያለ app ነው። ተመችቶኛል❤,4,2022-07-18,Dashen,Google Play Store
1c01914c-c69b-47d1-8f6b-4ff6984ad5a4,I have been waiting for this a long time. Amazing app...Thanks Dashen Bank...Always one step ahead.,5,2022-07-16,Dashen,Google Play Store
6fe9fe2d-f832-4919-b48e-e46924b5dbaf,This app is simple to use and has  receipts for all transactions. Really enjoying it,5,2022-07-16,Dashen,Google Play Store
0b70fe87-d066-4a01-b575-0789502dcffb,Very easy to use and improved performance. 👌 The functionalities are also well put. Highly recommended. Thank you Dashen!!,5,2022-07-16,Dashen,Google Play Store
605dce74-f199-40d3-9db3-a6889350dd02,It is very easy and fast,5,2022-07-16,Dashen,Google Play Store
513289a6-6a94-4e7e-9d64-ab6b3a7287ba,Perfect application. Thank you Dashen Bank,5,2022-07-16,Dashen,Google Play Store
258eba3d-2de8-4838-bc49-703ba3ac5283,Amole lite is very easy and looks very good. I advice everyone to download and use the app.,5,2022-07-16,Dashen,Google Play Store
