review_id,review_text,rating,date,bank,sentiment_label,sentiment_score,vader_label,vader_score,identified_theme
1,good 👍,5,2026-05-17,CBE,positive,0.9998576641082764,positive,0.4404,Other / General Feedback
2,very nice app,5,2026-05-17,CBE,positive,0.9998562335968018,positive,0.4754,UI & Customer Experience
3,Whynot be fast?and be open fast,5,2026-05-16,CBE,negative,-0.8081935048103333,neutral,0.0,App Performance & Stability
4,excellent,4,2026-05-16,CBE,positive,0.9998434782028198,positive,0.5719,Other / General Feedback
5,CBE One of the best in Ethiopia bink,4,2026-05-15,CBE,positive,0.99972003698349,positive,0.6369,Other / General Feedback
6,good 👍,5,2026-05-13,CBE,positive,0.9998576641082764,positive,0.4404,Other / General Feedback
7,fast & safe banking changes your carrier .!,5,2026-05-10,CBE,positive,0.9367648959159851,positive,0.4926,Other / General Feedback
8,CBEBirr is a helpful financial app. And its diverse payment opportunities make it preferable. I would like to appreciates Commercial Bank of Ethiopia. Keep goings through our country financial service reform.,5,2026-05-08,CBE,positive,0.9993466734886169,positive,0.8807,Transaction & Payment Issues
9,this app not opened in my android whats problem,5,2026-05-08,CBE,negative,-0.9996261596679688,negative,-0.4019,App Performance & Stability
10,good,4,2026-05-07,CBE,positive,0.9998161196708679,positive,0.4404,Other / General Feedback
11,"it is a nice app but currently don't linking CBE account to CBEbirr, please solve this",5,2026-05-07,CBE,negative,-0.9888772368431091,positive,0.7227,Transaction & Payment Issues
12,nice!!!,5,2026-05-07,CBE,positive,0.9998687505722046,positive,0.5684,UI & Customer Experience
13,this app is good and easy to use,5,2026-05-05,CBE,positive,0.9998323917388916,positive,0.7003,UI & Customer Experience
14,best,5,2026-05-04,CBE,positive,0.9997941851615906,positive,0.6369,Other / General Feedback
15,Best,5,2026-05-01,CBE,positive,0.9997941851615906,positive,0.6369,Other / General Feedback
16,easy,5,2026-05-01,CBE,positive,0.9972309470176697,positive,0.4404,UI & Customer Experience
17,long age bank of cbe and Im happy chstemee service,5,2026-04-30,CBE,positive,0.9968672394752502,positive,0.5719,Customer Support & Service
18,it is very good application,5,2026-04-29,CBE,positive,0.9998705387115479,positive,0.4927,Other / General Feedback
19,very good apps,5,2026-04-25,CBE,positive,0.9998751878738403,positive,0.4927,Other / General Feedback
20,wow! very good and easy to use app.,5,2026-04-25,CBE,positive,0.9998737573623657,positive,0.8872,UI & Customer Experience
21,best of all,5,2026-04-25,CBE,positive,0.9997443556785583,positive,0.6369,Other / General Feedback
22,good,4,2026-04-22,CBE,positive,0.9998161196708679,positive,0.4404,Other / General Feedback
23,best applications Very important the fast work,5,2026-04-20,CBE,positive,0.9997963309288025,positive,0.7425,Other / General Feedback
24,Wow it is good app,2,2026-04-19,CBE,positive,0.9998617172241211,positive,0.7717,Other / General Feedback
25,best app,5,2026-04-18,CBE,positive,0.999686598777771,positive,0.6369,Other / General Feedback
26,good application of money transfere,5,2026-04-18,CBE,positive,0.9994997978210449,positive,0.4404,Transaction & Payment Issues
27,good app,5,2026-04-14,CBE,positive,0.9998493194580078,positive,0.4404,Other / General Feedback
28,"very easy to run, less effort. more important application",5,2026-04-14,CBE,negative,-0.9752078056335449,positive,0.6152,UI & Customer Experience
29,Please don't waste your time by downloading and using this bad app. To tell you the Truth the CBE assured as they are very far from new technology. I think they developed this App simply to waste the public money by paying huge for software develope,1,2026-04-13,CBE,negative,-0.9994341731071472,positive,0.4228,Transaction & Payment Issues
30,CBE Birr is the best banking app.,5,2026-04-12,CBE,positive,0.9995114803314209,positive,0.6369,Other / General Feedback
31,this apps is greatest gift for who wants this serives,5,2026-04-11,CBE,positive,0.9995960593223572,positive,0.7964,Other / General Feedback
32,Vary fast,5,2026-04-08,CBE,positive,0.9968039989471436,neutral,0.0,Other / General Feedback
33,it's very fast,5,2026-04-07,CBE,positive,0.9995222091674805,neutral,0.0,Other / General Feedback
34,"you can't pull money AND also transfer to other wallets. It says ""customer not found"" when you enter the receiver's number",2,2026-04-06,CBE,negative,-0.9931544065475464,positive,0.0772,Transaction & Payment Issues
35,convinant and secure available for both app version and USSD ay the same time,5,2026-04-06,CBE,positive,0.8989776968955994,positive,0.34,Other / General Feedback
36,best app,5,2026-04-06,CBE,positive,0.999686598777771,positive,0.6369,Other / General Feedback
37,linked account isn't working please fix it,4,2026-04-05,CBE,negative,-0.9996007084846497,negative,-0.2411,Other / General Feedback
38,nice,5,2026-04-05,CBE,positive,0.9998552799224854,positive,0.4215,UI & Customer Experience
39,best app,5,2026-04-04,CBE,positive,0.999686598777771,positive,0.6369,Other / General Feedback
40,"this app is very useful,I mean it's very good ..",4,2026-04-03,CBE,positive,0.999813973903656,positive,0.4927,Other / General Feedback
41,its so good,5,2026-04-03,CBE,positive,0.999840497970581,positive,0.4927,Other / General Feedback
42,Best,5,2026-04-02,CBE,positive,0.9997941851615906,positive,0.6369,Other / General Feedback
43,very good,5,2026-04-01,CBE,positive,0.9998520612716675,positive,0.4927,Other / General Feedback
44,thank it is good app,5,2026-04-01,CBE,positive,0.9998629093170166,positive,0.6597,Other / General Feedback
45,very nice app. thanks,5,2026-04-01,CBE,positive,0.9998581409454346,positive,0.7397,UI & Customer Experience
46,"so easy, you should do the same to the CBE mobile banking app too",5,2026-04-01,CBE,negative,-0.9967342615127563,positive,0.4927,UI & Customer Experience
47,whattp,5,2026-03-31,CBE,negative,-0.8447454571723938,neutral,0.0,Other / General Feedback
48,good,5,2026-03-31,CBE,positive,0.9998161196708679,positive,0.4404,Other / General Feedback
49,"The CBEBirr Plus app (often referred to as CBEplus) marks a significant shift from the traditional USSD-based banking (*847#) to a data-driven, internet-based mobile experience. Based on the current 2026 landscape for Commercial Bank of Ethiopia (CBE) digital services, here is a breakdown of what the experience typically looks like for a professional user managing both personal and administrative finances.",5,2026-03-31,CBE,negative,-0.9306929111480713,positive,0.5106,Transaction & Payment Issues
50,Perfect and easy to use.,5,2026-03-30,CBE,positive,0.9998801946640015,positive,0.765,UI & Customer Experience
51,good hhh,5,2026-03-30,CBE,positive,0.9998385906219482,positive,0.4404,Other / General Feedback
52,it is good app,4,2026-03-30,CBE,positive,0.9998652935028076,positive,0.4404,Other / General Feedback
53,That is getting a head of!!!,5,2026-03-30,CBE,negative,-0.6664044857025146,neutral,0.0,Other / General Feedback
54,I am satisfied. Thank you.,5,2026-03-30,CBE,positive,0.9998619556427002,positive,0.6486,Other / General Feedback
55,very good app,5,2026-03-30,CBE,positive,0.9998675584793091,positive,0.4927,Other / General Feedback
56,at resent time those application doesn't work properly always crushed out ana ask update continuesly,1,2026-03-30,CBE,negative,-0.9996802806854248,negative,-0.5423,Other / General Feedback
57,good,5,2026-03-30,CBE,positive,0.9998161196708679,positive,0.4404,Other / General Feedback
58,very Nic,5,2026-03-30,CBE,positive,0.9983487129211426,neutral,0.0,Other / General Feedback
59,👍👍good app,5,2026-03-30,CBE,positive,0.7097461819648743,neutral,0.0,Other / General Feedback
60,nice upp,5,2026-03-30,CBE,positive,0.9998677968978882,positive,0.4215,UI & Customer Experience
61,good,5,2026-03-30,CBE,positive,0.9998161196708679,positive,0.4404,Other / General Feedback
62,"User-friendly, fast, and reliable.",5,2026-03-30,CBE,positive,0.9997001886367798,neutral,0.0,Other / General Feedback
63,good,5,2026-03-30,CBE,positive,0.9998161196708679,positive,0.4404,Other / General Feedback
64,nice,5,2026-03-30,CBE,positive,0.9998552799224854,positive,0.4215,UI & Customer Experience
65,it is ok! given the network ups and down like in others too,5,2026-03-30,CBE,positive,0.9997767806053162,positive,0.4199,App Performance & Stability
66,ok,2,2026-03-30,CBE,positive,0.9997851252555847,positive,0.296,Other / General Feedback
67,good application,5,2026-03-30,CBE,positive,0.999854564666748,positive,0.4404,Other / General Feedback
68,I Love CBE Birr. Keep up the Good Work. Loyal to CBE,5,2026-03-30,CBE,positive,0.9998482465744019,positive,0.8807,UI & Customer Experience
69,good,5,2026-03-30,CBE,positive,0.9998161196708679,positive,0.4404,Other / General Feedback
70,"Nice and very useful finance app, so far I have seen.",4,2026-03-30,CBE,positive,0.9997466206550598,positive,0.7178,UI & Customer Experience
71,thank you,3,2026-03-28,CBE,positive,0.9998352527618408,positive,0.3612,Other / General Feedback
72,best apps,5,2026-03-27,CBE,positive,0.999784529209137,positive,0.6369,Other / General Feedback
73,best,5,2026-03-26,CBE,positive,0.9997941851615906,positive,0.6369,Other / General Feedback
74,"After l uninstalled and re installed the app could work,saying that ""clear up data and close""",2,2026-03-24,CBE,positive,0.7564125657081604,positive,0.6808,App Performance & Stability
75,excellent,5,2026-03-24,CBE,positive,0.9998434782028198,positive,0.5719,Other / General Feedback
76,The app is very easy to use !!,5,2026-03-23,CBE,positive,0.9936577677726746,positive,0.5827,UI & Customer Experience
77,best app,5,2026-03-22,CBE,positive,0.999686598777771,positive,0.6369,Other / General Feedback
78,good,5,2026-03-20,CBE,positive,0.9998161196708679,positive,0.4404,Other / General Feedback
79,"it was working perfectly well, but the updated version is so buggy. it makes my whole phone stuck everytime",2,2026-03-20,CBE,negative,-0.9986428618431091,positive,0.1655,App Performance & Stability
80,good,1,2026-03-20,CBE,positive,0.9998161196708679,positive,0.4404,Other / General Feedback
81,good service,5,2026-03-16,CBE,positive,0.9998499155044556,positive,0.4404,Customer Support & Service
82,good,5,2026-03-12,CBE,positive,0.9998161196708679,positive,0.4404,Other / General Feedback
83,"It is a best alternative wallet but Please kindly allow to switch between accounts of the same person in a phone. Currently, users have to uninstall the app to switch to another cbebirr number.",4,2026-03-12,CBE,negative,-0.9976208806037903,positive,0.9127,Transaction & Payment Issues
84,Fine,5,2026-03-11,CBE,positive,0.9998335838317871,positive,0.2023,Other / General Feedback
85,good,2,2026-03-11,CBE,positive,0.9998161196708679,positive,0.4404,Other / General Feedback
86,my father has used this app to solve our financial hardship,5,2026-03-09,CBE,negative,-0.9803462028503418,negative,-0.128,Other / General Feedback
87,this app is incredible its good and simple to use,5,2026-03-08,CBE,positive,0.999879002571106,positive,0.4902,Other / General Feedback
88,It’s a very nice and easy-to-use application.,5,2026-03-08,CBE,positive,0.9998376369476318,positive,0.4754,UI & Customer Experience
89,bons,5,2026-03-08,CBE,positive,0.9920712113380432,neutral,0.0,Other / General Feedback
90,ok,5,2026-03-07,CBE,positive,0.9997851252555847,positive,0.296,Other / General Feedback
91,ok,5,2026-03-07,CBE,positive,0.9997851252555847,positive,0.296,Other / General Feedback
92,good,5,2026-03-07,CBE,positive,0.9998161196708679,positive,0.4404,Other / General Feedback
93,excellent application,1,2026-03-06,CBE,positive,0.9998571872711182,positive,0.5719,Other / General Feedback
94,I have good experience,5,2026-03-06,CBE,positive,0.9998713731765747,positive,0.4404,Other / General Feedback
95,"The ""Short & Punchy"" version: ""CBE Birr Plus is absolute lightning. It’s rare to find an app that’s this seamless and efficient!"" The ""Professional"" version: ""I’m thoroughly impressed by the high-speed performance and reliability of CBE Birr Plus. It has completely streamlined my daily transactions."" The ""Tech-Lover"" version: ""The optimization on CBE Birr Plus is top-tier. It’s incredibly responsive and handles complex tasks with zero lag.""",5,2026-03-06,CBE,positive,0.9995929598808289,positive,0.8583,Transaction & Payment Issues
96,What a Lovely Platform!!,5,2026-02-22,CBE,positive,0.999873161315918,positive,0.658,UI & Customer Experience
97,I like this app because,3,2026-02-19,CBE,positive,0.9994161128997803,positive,0.3612,Other / General Feedback
98,Good,5,2026-02-19,CBE,positive,0.9998161196708679,positive,0.4404,Other / General Feedback
99,ok,1,2026-02-17,CBE,positive,0.9997851252555847,positive,0.296,Other / General Feedback
100,for online teaching,5,2026-02-17,CBE,positive,0.9239679574966431,neutral,0.0,Other / General Feedback
101,nice bank,5,2026-02-15,CBE,positive,0.9998055100440979,positive,0.4215,UI & Customer Experience
102,ok,5,2026-02-14,CBE,positive,0.9997851252555847,positive,0.296,Other / General Feedback
103,Best app 👌,5,2026-02-13,CBE,positive,0.999170184135437,positive,0.8842,Other / General Feedback
104,Not login app,5,2026-02-13,CBE,negative,-0.9906655550003052,neutral,0.0,Account Access & Authentication
105,my great App means CBEBirr plus 10q u🙏,5,2026-02-13,CBE,negative,-0.9408732056617737,positive,0.802,Transaction & Payment Issues
106,good app,2,2026-02-12,CBE,positive,0.9998493194580078,positive,0.4404,Other / General Feedback
107,very good to promote and support,5,2026-02-11,CBE,positive,0.999873161315918,positive,0.8297,Customer Support & Service
108,"you send me a 6 digit otp then you showed me a 4 digit otp input, what about the 2 digits left?",1,2026-02-10,CBE,negative,-0.9996987581253052,neutral,0.0,Account Access & Authentication
109,their app good ideas thanks,5,2026-02-10,CBE,positive,0.9998236298561096,positive,0.7003,Other / General Feedback
110,"Currently the linked cbe account, airtime package purchasing,.. not working",2,2026-02-09,CBE,negative,-0.9997439980506897,neutral,0.0,Other / General Feedback
111,"Nice interface, easy to use, but not working properly, suddenly closes and keep crashing, please work on that if you can!",3,2026-02-07,CBE,negative,-0.909786581993103,positive,0.7263,App Performance & Stability
112,CBA app is good application for enjoying your business,5,2026-02-07,CBE,positive,0.9994812607765198,positive,0.743,Other / General Feedback
113,better app,5,2026-02-07,CBE,positive,0.9905760288238525,positive,0.4404,Other / General Feedback
114,Not working after Update on Camon 40pro(Android 15). crashed app,1,2026-02-07,CBE,negative,-0.9997394680976868,neutral,0.0,App Performance & Stability
115,Good app,2,2026-02-06,CBE,positive,0.9998493194580078,positive,0.4404,Other / General Feedback
116,10 rears,1,2026-02-06,CBE,positive,0.9838525056838989,neutral,0.0,Other / General Feedback
117,It is a good app.,5,2026-02-06,CBE,positive,0.9998606443405151,positive,0.4404,Other / General Feedback
118,l am new for the app,5,2026-02-06,CBE,positive,0.6309739351272583,positive,0.4588,Other / General Feedback
119,its not work. say security alert,1,2026-02-05,CBE,negative,-0.9997792840003967,neutral,0.0423,Other / General Feedback
120,this so smart app,5,2026-02-03,CBE,positive,0.9998430013656616,positive,0.4576,Other / General Feedback
121,best app,5,2026-02-03,CBE,positive,0.999686598777771,positive,0.6369,Other / General Feedback
122,The newly added feature link acc. is not functional after I use for a few days and when we transfer CBE to Cbe birr due to unawareness of rules we lost money that transfer above the limit temporarily that brings us a delayed services and to fix the issue it takes time with fatigue.,4,2026-02-03,CBE,negative,-0.9996092915534973,negative,-0.6369,Transaction & Payment Issues
123,best apps,5,2026-02-01,CBE,positive,0.999784529209137,positive,0.6369,Other / General Feedback
124,cbe,5,2026-01-31,CBE,positive,0.9966009855270386,neutral,0.0,Other / General Feedback
125,good,5,2026-01-27,CBE,positive,0.9998161196708679,positive,0.4404,Other / General Feedback
126,It's Very interesting and valuable app,5,2026-01-27,CBE,positive,0.9998766183853149,positive,0.7474,Other / General Feedback
127,can not properly work in my phone,5,2026-01-22,CBE,negative,-0.9997966885566711,neutral,0.0,Other / General Feedback
128,Perfect but no loan started yet.,3,2026-01-18,CBE,positive,0.82285076379776,negative,-0.1154,UI & Customer Experience
129,good,5,2026-01-18,CBE,positive,0.9998161196708679,positive,0.4404,Other / General Feedback
130,good,5,2026-01-16,CBE,positive,0.9998161196708679,positive,0.4404,Other / General Feedback
131,The worst 👎 application I ever seen very inconvenience in all.,1,2026-01-15,CBE,negative,-0.9998076558113098,negative,-0.7841,Other / General Feedback
132,Nice app,5,2026-01-15,CBE,positive,0.9998061060905457,positive,0.4215,UI & Customer Experience
133,easy to use the app,4,2026-01-13,CBE,positive,0.991517186164856,positive,0.4404,UI & Customer Experience
134,good,5,2026-01-10,CBE,positive,0.9998161196708679,positive,0.4404,Other / General Feedback
135,nice to see you my app,5,2026-01-09,CBE,positive,0.9997407793998718,positive,0.4215,UI & Customer Experience
136,thak,5,2026-01-09,CBE,negative,-0.978631854057312,neutral,0.0,Other / General Feedback
137,nice,5,2026-01-09,CBE,positive,0.9998552799224854,positive,0.4215,UI & Customer Experience
138,good application for my transaction online.,5,2026-01-07,CBE,positive,0.9993934631347656,positive,0.4404,Transaction & Payment Issues
139,it is very good app,5,2026-01-06,CBE,positive,0.9998699426651001,positive,0.4927,Other / General Feedback
140,Ok,5,2026-01-06,CBE,positive,0.9997851252555847,positive,0.296,Other / General Feedback
141,smart app,5,2026-01-06,CBE,positive,0.999789297580719,positive,0.4019,Other / General Feedback
142,good,5,2026-01-06,CBE,positive,0.9998161196708679,positive,0.4404,Other / General Feedback
143,very good application,5,2026-01-06,CBE,positive,0.9998687505722046,positive,0.4927,Other / General Feedback
144,"amazing app, appriciete it, easy to use, latest technology and advanced technology used app helpful and useful app more significant app more creative App the Biggest on the world app very very very interesting and amazing app",5,2026-01-06,CBE,positive,0.999763548374176,positive,0.9783,UI & Customer Experience
145,so good,5,2026-01-05,CBE,positive,0.999841570854187,positive,0.4927,Other / General Feedback
146,good rates,4,2026-01-05,CBE,positive,0.9998480081558228,positive,0.4404,Other / General Feedback
147,why appes not for used me,1,2026-01-04,CBE,negative,-0.9932765960693359,neutral,0.0,Other / General Feedback
148,thank you🙏,5,2026-01-01,CBE,positive,0.9997720122337341,positive,0.3612,Other / General Feedback
149,ok,5,2025-12-31,CBE,positive,0.9997851252555847,positive,0.296,Other / General Feedback
150,fixed problem,5,2025-12-31,CBE,negative,-0.9913551211357117,negative,-0.4019,Other / General Feedback
151,to use easy safe amaizing app thanks cbe,5,2025-12-30,CBE,positive,0.9664766788482666,positive,0.8271,UI & Customer Experience
152,love,5,2025-12-29,CBE,positive,0.9998735189437866,positive,0.6369,UI & Customer Experience
153,Please ! assume as the the custumers satisfactions 😂,4,2025-12-28,CBE,negative,-0.9612905979156494,positive,0.8221,Other / General Feedback
154,good app ! update it!,5,2025-12-28,CBE,positive,0.9998555183410645,positive,0.5399,Other / General Feedback
155,no digital awrad through this app,3,2025-12-25,CBE,negative,-0.9878435134887695,negative,-0.296,Other / General Feedback
156,best,5,2025-12-25,CBE,positive,0.9997941851615906,positive,0.6369,Other / General Feedback
157,I want useful this app,5,2025-12-24,CBE,positive,0.9758578538894653,positive,0.4939,Other / General Feedback
158,good,5,2025-12-22,CBE,positive,0.9998161196708679,positive,0.4404,Other / General Feedback
159,wow cbe birr plus!,5,2025-12-16,CBE,positive,0.9986586570739746,positive,0.6239,Other / General Feedback
160,"v, good",5,2025-12-16,CBE,positive,0.9998000264167786,positive,0.4404,Other / General Feedback
161,very simple and fast app,5,2025-12-15,CBE,positive,0.9996079802513123,neutral,0.0,Other / General Feedback
162,Good,4,2025-12-14,CBE,positive,0.9998161196708679,positive,0.4404,Other / General Feedback
163,It's a good app!,4,2025-12-13,CBE,positive,0.999874472618103,positive,0.4926,Other / General Feedback
164,Best app and very easy to use,5,2025-12-12,CBE,positive,0.9996769428253174,positive,0.8122,UI & Customer Experience
165,micro saving ena micro loan le hulum ethiopiawi sesera I will rate full stars,1,2025-12-12,CBE,positive,0.9895436763763428,neutral,0.0,Other / General Feedback
166,Great app but Please update transaction limit ???,4,2025-12-12,CBE,negative,-0.6009361743927002,positive,0.7219,Transaction & Payment Issues
167,review more public and include Account and devices info,5,2025-12-11,CBE,positive,0.6078037619590759,neutral,0.0,Other / General Feedback
168,Nice,5,2025-12-11,CBE,positive,0.9998552799224854,positive,0.4215,UI & Customer Experience
169,Good,5,2025-12-11,CBE,positive,0.9998161196708679,positive,0.4404,Other / General Feedback
170,ok,5,2025-12-10,CBE,positive,0.9997851252555847,positive,0.296,Other / General Feedback
171,"Why is there a mandatory upgrade everytime I open the app, sometimes twice per day. Is it only me??",2,2025-12-10,CBE,negative,-0.9976193308830261,positive,0.168,App Performance & Stability
172,it is good app,5,2025-12-10,CBE,positive,0.9998652935028076,positive,0.4404,Other / General Feedback
173,I never ever seen this type of fast and free application,5,2025-12-10,CBE,negative,-0.6710306406021118,positive,0.5106,Other / General Feedback
174,it is fast,3,2025-12-09,CBE,positive,0.9994603991508484,neutral,0.0,Other / General Feedback
175,it's Fantastic app.,5,2025-12-07,CBE,positive,0.9998751878738403,positive,0.5574,Other / General Feedback
176,apps open free,5,2025-12-07,CBE,positive,0.9925472140312195,positive,0.5106,App Performance & Stability
177,It's fast and enjoyable,4,2025-12-07,CBE,positive,0.9998883008956909,positive,0.4404,Other / General Feedback
178,best app,5,2025-12-06,CBE,positive,0.999686598777771,positive,0.6369,Other / General Feedback
179,"Security Alert This device appears to be rooted, jailbroken, or has developer options enabled. For security reasons, this app cannot run on modified devices. Developer mode enabled C Clearing Data...Security Alert This device appears to be rooted, jailbroken, or has developer options enabled. For security reasons, this app cannot run on modified devices. Developer mode enabled Clear Data & Close App This will permanently delete all your app data and close the application for security reasons. St",1,2025-12-06,CBE,negative,-0.9976432919502258,positive,0.9274,App Performance & Stability
180,It's not so good for update when l try to update the app it redirect all previous set of data and also inactive to use agian stay on Security alert what shall l do 😭,1,2025-12-06,CBE,negative,-0.9997933506965637,positive,0.5379,Other / General Feedback
181,nice i love it,5,2025-12-05,CBE,positive,0.9998701810836792,positive,0.7906,UI & Customer Experience
182,I Updated my application,2,2025-12-05,CBE,positive,0.9851239323616028,neutral,0.0,Other / General Feedback
183,"Commercial bank is the source of banking to enable private bank to develop feeding financial and crew of bankers to get knowledge in financial institution, the digital service which gives service in different sectors urge businesses to flourish and encourage development.",5,2025-12-05,CBE,positive,0.9986999034881592,positive,0.5106,Customer Support & Service
184,best,5,2025-12-05,CBE,positive,0.9997941851615906,positive,0.6369,Other / General Feedback
185,good,5,2025-12-03,CBE,positive,0.9998161196708679,positive,0.4404,Other / General Feedback
186,nice app,5,2025-12-03,CBE,positive,0.9998061060905457,positive,0.4215,UI & Customer Experience
187,it nace app,5,2025-12-03,CBE,negative,-0.8849676251411438,neutral,0.0,Other / General Feedback
188,great app simple and fast but you shouldn't have removed withdrawal history for faster navigation to frequent withdrawals.,4,2025-12-01,CBE,negative,-0.9836059808731079,positive,0.3483,Transaction & Payment Issues
189,very amazing app,5,2025-11-28,CBE,positive,0.9998725652694702,positive,0.624,Other / General Feedback
190,thank you,5,2025-11-27,CBE,positive,0.9998352527618408,positive,0.3612,Other / General Feedback
191,this up is exceptional,5,2025-11-26,CBE,positive,0.9998776912689209,neutral,0.0,Other / General Feedback
192,Wow I love this app,5,2025-11-23,CBE,positive,0.9998493194580078,positive,0.8402,UI & Customer Experience
193,very good app in Ethiopia,3,2025-11-22,CBE,positive,0.999777615070343,positive,0.4927,Other / General Feedback
194,Nice,5,2025-11-19,CBE,positive,0.9998552799224854,positive,0.4215,UI & Customer Experience
195,Ok,4,2025-11-19,CBE,positive,0.9997851252555847,positive,0.296,Other / General Feedback
196,teacher,5,2025-11-19,CBE,positive,0.9946861267089844,neutral,0.0,Other / General Feedback
197,it is good a,5,2025-11-17,CBE,positive,0.9998615980148315,positive,0.4404,Other / General Feedback
198,COMMERCIAL BANK OFF ETHIOPIA fantastic app ever,5,2025-11-16,CBE,positive,0.9993194341659546,positive,0.5574,Other / General Feedback
199,good,5,2025-11-15,CBE,positive,0.9998161196708679,positive,0.4404,Other / General Feedback
200,why do I need an app if I can't use it. I can't pull money from my account 😭. every update has a problem. and they don't care about customers,1,2025-11-15,CBE,negative,-0.9992510676383972,negative,-0.814,Transaction & Payment Issues
201,ok,4,2025-11-15,CBE,positive,0.9997851252555847,positive,0.296,Other / General Feedback
202,best,5,2025-11-14,CBE,positive,0.9997941851615906,positive,0.6369,Other / General Feedback
203,good,5,2025-11-14,CBE,positive,0.9998161196708679,positive,0.4404,Other / General Feedback
204,best app,5,2025-11-13,CBE,positive,0.999686598777771,positive,0.6369,Other / General Feedback
205,"Imagine you want money and ordered the vocher code, then No message nothing happened.After a couple of hours or even days then the message will arrive😡😡. I have edited my star to 1!! Trash App I hate it",1,2025-11-13,CBE,negative,-0.9991902709007263,negative,-0.7339,Account Access & Authentication
206,There is a network problem,4,2025-11-13,CBE,negative,-0.9980977177619934,negative,-0.4019,App Performance & Stability
207,nice,5,2025-11-12,CBE,positive,0.9998552799224854,positive,0.4215,UI & Customer Experience
208,good.,5,2025-11-12,CBE,positive,0.9998157620429993,positive,0.4404,Other / General Feedback
209,It is very great app. CBE is working great. I have this one comment. Could you please make the 'pay Merchant' option at the location where you put link account. This option is the one most users will use regulary.,5,2025-11-12,CBE,positive,0.9992831349372864,positive,0.8858,Transaction & Payment Issues
210,useless app,1,2025-11-10,CBE,negative,-0.9997797608375549,negative,-0.4215,Other / General Feedback
211,Wow I love this app!,5,2025-11-09,CBE,positive,0.9998513460159302,positive,0.8516,UI & Customer Experience
212,good,5,2025-11-09,CBE,positive,0.9998161196708679,positive,0.4404,Other / General Feedback
213,good,5,2025-11-09,CBE,positive,0.9998161196708679,positive,0.4404,Other / General Feedback
214,please remove commercepal from cbe birr that is not a real business app. I believed them because they are in cbe birr app but after I paid they said the item is not avialable..and they are not willing to return my money back!!!!!!!,5,2025-11-08,CBE,negative,-0.9996312856674194,positive,0.4249,Transaction & Payment Issues
215,great app,5,2025-11-06,CBE,positive,0.999821126461029,positive,0.6249,Other / General Feedback
216,it's best app but sometimes otp not come fastly,4,2025-11-06,CBE,negative,-0.934942901134491,positive,0.3818,Account Access & Authentication
217,good app,5,2025-11-05,CBE,positive,0.9998493194580078,positive,0.4404,Other / General Feedback
218,one of the dangerous app,1,2025-11-04,CBE,negative,-0.9791325926780701,negative,-0.4767,Other / General Feedback
219,thanks app,5,2025-11-02,CBE,positive,0.9998095631599426,positive,0.4404,Other / General Feedback
220,Tanks very much CBE 🙏,5,2025-11-02,CBE,negative,-0.9581505656242371,neutral,0.0,Other / General Feedback
221,very good but make pin more than 4 dijits,3,2025-11-02,CBE,positive,0.9991368651390076,positive,0.2724,Other / General Feedback
222,please attach how we can transfare in our binance or bybit.,3,2025-11-02,CBE,negative,-0.9897211194038391,positive,0.3182,Other / General Feedback
223,best app,5,2025-11-02,CBE,positive,0.999686598777771,positive,0.6369,Other / General Feedback
224,"This app is extremely poorly designed. Every time I try to transfer money, it just loads forever and then shows a failure message — but when I check my balance, the money is gone. That’s unacceptable. It’s frustrating, unreliable, and honestly disappointing. I strongly recommend using a different banking app because anything related to CBE feels like a risk. they should fire the developers of this app",1,2025-11-01,CBE,negative,-0.9997387528419495,negative,-0.7845,Transaction & Payment Issues
225,It's Very good app,5,2025-11-01,CBE,positive,0.9998728036880493,positive,0.4927,Other / General Feedback
226,why it need update hourly it was good but know it ask updating hourly.please arrange it.,1,2025-10-28,CBE,negative,-0.9813235402107239,positive,0.2382,Other / General Feedback
227,more easy to use..,4,2025-10-27,CBE,positive,0.8881874680519104,positive,0.4927,UI & Customer Experience
228,good,5,2025-10-26,CBE,positive,0.9998161196708679,positive,0.4404,Other / General Feedback
229,app,5,2025-10-26,CBE,positive,0.9684573411941528,neutral,0.0,Other / General Feedback
230,very good,5,2025-10-25,CBE,positive,0.9998520612716675,positive,0.4927,Other / General Feedback
231,"Good app. But ""Linked Account"" is not working.",4,2025-10-23,CBE,negative,-0.9992491602897644,positive,0.2382,Other / General Feedback
232,I love you so much this is app,5,2025-10-21,CBE,positive,0.9998670816421509,positive,0.6369,UI & Customer Experience
233,"i want to re installe the app,so how it does work when i download and reinstalled it",5,2025-10-20,CBE,negative,-0.9833666086196899,positive,0.0772,Other / General Feedback
234,good,2,2025-10-16,CBE,positive,0.9998161196708679,positive,0.4404,Other / General Feedback
235,This app is Good. but This week it glitches. the app say stopped working.,1,2025-10-14,CBE,negative,-0.9994646906852722,negative,-0.1027,Other / General Feedback
236,best app,5,2025-10-11,CBE,positive,0.999686598777771,positive,0.6369,Other / General Feedback
237,This is the most important and useful app in Ethiopia,5,2025-10-10,CBE,positive,0.9995365142822266,positive,0.6436,Other / General Feedback
238,good app,5,2025-10-07,CBE,positive,0.9998493194580078,positive,0.4404,Other / General Feedback
239,"The link to the account is not working, and the transaction history only shows records for the past few months. It would be better if the full transaction history were available.",4,2025-10-05,CBE,negative,-0.9996546506881714,positive,0.4404,Transaction & Payment Issues
240,Nice,1,2025-10-01,CBE,positive,0.9998552799224854,positive,0.4215,UI & Customer Experience
241,best app,5,2025-09-30,CBE,positive,0.999686598777771,positive,0.6369,Other / General Feedback
242,good,5,2025-09-28,CBE,positive,0.9998161196708679,positive,0.4404,Other / General Feedback
243,I love it... cbebirr 👍,5,2025-09-28,CBE,positive,0.9997597336769104,positive,0.6369,Transaction & Payment Issues
244,good,2,2025-09-28,CBE,positive,0.9998161196708679,positive,0.4404,Other / General Feedback
245,good,5,2025-09-26,CBE,positive,0.9998161196708679,positive,0.4404,Other / General Feedback
246,very nice except for its narrow texts.,5,2025-09-25,CBE,positive,0.9995871186256409,positive,0.4754,UI & Customer Experience
247,very good,5,2025-09-25,CBE,positive,0.9998520612716675,positive,0.4927,Other / General Feedback
248,it is very easy and comfortable to use currently dominating digital Ethiopia,5,2025-09-24,CBE,positive,0.9995589852333069,positive,0.6764,UI & Customer Experience
249,good,5,2025-09-24,CBE,positive,0.9998161196708679,positive,0.4404,Other / General Feedback
250,nice app and easy to use,5,2025-09-23,CBE,positive,0.9997931122779846,positive,0.6908,UI & Customer Experience
251,best,5,2025-09-22,CBE,positive,0.9997941851615906,positive,0.6369,Other / General Feedback
252,that's the access is very simple for every one and it has fast access 😀 to use it,5,2025-09-22,CBE,negative,-0.7636985182762146,positive,0.3612,Account Access & Authentication
253,After recently updated it become one of the best app that deliver financial e-service.,4,2025-09-22,CBE,positive,0.9997403025627136,positive,0.6369,Customer Support & Service
254,good App,5,2025-09-20,CBE,positive,0.9998493194580078,positive,0.4404,Other / General Feedback
255,Linked account session is not working at all.,1,2025-09-18,CBE,negative,-0.9997605681419373,neutral,0.0,Other / General Feedback
256,(best app),5,2025-09-15,CBE,positive,0.9993170499801636,positive,0.6369,Other / General Feedback
257,Best,5,2025-09-14,CBE,positive,0.9997941851615906,positive,0.6369,Other / General Feedback
258,best app,1,2025-09-13,CBE,positive,0.999686598777771,positive,0.6369,Other / General Feedback
259,Myself spurts,5,2025-09-13,CBE,negative,-0.9725571870803833,neutral,0.0,Other / General Feedback
260,good,5,2025-09-12,CBE,positive,0.9998161196708679,positive,0.4404,Other / General Feedback
261,good,5,2025-09-10,CBE,positive,0.9998161196708679,positive,0.4404,Other / General Feedback
262,Now it's not working on my phone I don't know the reason,1,2025-09-07,CBE,negative,-0.999671459197998,neutral,0.0,Other / General Feedback
263,please update it if you can or fix bugs until now linked account is not working in this app,1,2025-09-06,CBE,negative,-0.9982618689537048,positive,0.3182,App Performance & Stability
264,good,3,2025-09-04,CBE,positive,0.9998161196708679,positive,0.4404,Other / General Feedback
265,great 👍,5,2025-09-02,CBE,positive,0.9997692704200745,positive,0.6249,Other / General Feedback
266,stupid app,1,2025-09-02,CBE,negative,-0.9997664093971252,negative,-0.5267,Other / General Feedback
267,Ethiopia,5,2025-08-30,CBE,positive,0.9780409336090088,neutral,0.0,Other / General Feedback
268,sometimes it might not function as expected but it's gets the job done.,5,2025-08-29,CBE,positive,0.9990407824516296,neutral,0.0,Other / General Feedback
269,not bad,5,2025-08-28,CBE,positive,0.9995881915092468,positive,0.431,Other / General Feedback
270,Cbe Birr digital leader in our country,5,2025-08-27,CBE,positive,0.994983434677124,neutral,0.0,Other / General Feedback
271,Showing the owner's name when paying utility bills is a big change.,4,2025-08-27,CBE,negative,-0.5647419691085815,neutral,0.0,Transaction & Payment Issues
272,our proud cbe birr provide species digital financial service for government employees well done,5,2025-08-26,CBE,positive,0.9990320205688477,positive,0.6369,Customer Support & Service
273,it is very reliable app,5,2025-08-26,CBE,positive,0.9997501969337463,neutral,0.0,Other / General Feedback
274,good,5,2025-08-26,CBE,positive,0.9998161196708679,positive,0.4404,Other / General Feedback
275,Cbe birr app plus is great and easy to use,5,2025-08-26,CBE,positive,0.9991191029548645,positive,0.7906,UI & Customer Experience
276,cbe birr plus is easy to use and no limitations for inactive and pending account,5,2025-08-26,CBE,negative,-0.6015577912330627,positive,0.1779,Transaction & Payment Issues
277,good,5,2025-08-26,CBE,positive,0.9998161196708679,positive,0.4404,Other / General Feedback
278,Good,5,2025-08-26,CBE,positive,0.9998161196708679,positive,0.4404,Other / General Feedback
279,everything is fine,5,2025-08-25,CBE,positive,0.999861478805542,positive,0.2023,Other / General Feedback
280,it take more than a week to update,1,2025-08-25,CBE,negative,-0.9971199035644531,neutral,0.0,Other / General Feedback
281,why this app is not functional.,2,2025-08-25,CBE,negative,-0.9997790455818176,neutral,0.0,Other / General Feedback
282,Best app,5,2025-08-25,CBE,positive,0.999686598777771,positive,0.6369,Other / General Feedback
283,Its such good morethan CBE,4,2025-08-23,CBE,positive,0.9968351721763611,positive,0.4404,Other / General Feedback
284,amazing Application,5,2025-08-23,CBE,positive,0.9998698234558105,positive,0.5859,Other / General Feedback
285,5 star,5,2025-08-23,CBE,positive,0.9964116215705872,neutral,0.0,Other / General Feedback
286,really ethiopia commercial bank,5,2025-08-22,CBE,positive,0.9834707379341125,neutral,0.0,Other / General Feedback
287,Best,5,2025-08-20,CBE,positive,0.9997941851615906,positive,0.6369,Other / General Feedback
288,nice,5,2025-08-19,CBE,positive,0.9998552799224854,positive,0.4215,UI & Customer Experience
289,Good,3,2025-08-18,CBE,positive,0.9998161196708679,positive,0.4404,Other / General Feedback
290,very good apple,4,2025-08-17,CBE,positive,0.9998750686645508,positive,0.4927,Other / General Feedback
291,not bad really help full but it take time to transfer money,1,2025-08-11,CBE,negative,-0.9983812570571899,neutral,0.0484,Transaction & Payment Issues
292,Best of the best app,5,2025-08-05,CBE,positive,0.9997342228889465,positive,0.8555,Other / General Feedback
293,the best,5,2025-08-04,CBE,positive,0.9998332262039185,positive,0.6369,Other / General Feedback
294,Very nice app,5,2025-08-03,CBE,positive,0.9998562335968018,positive,0.4754,UI & Customer Experience
295,good application,4,2025-08-03,CBE,positive,0.999854564666748,positive,0.4404,Other / General Feedback
296,good,5,2025-08-03,CBE,positive,0.9998161196708679,positive,0.4404,Other / General Feedback
297,it's good,5,2025-08-02,CBE,positive,0.9998360872268677,positive,0.4404,Other / General Feedback
298,its very Good app,5,2025-08-01,CBE,positive,0.9998615980148315,positive,0.4927,Other / General Feedback
299,best best,5,2025-07-31,CBE,positive,0.9998223185539246,positive,0.8555,Other / General Feedback
300,ok yes,5,2025-07-30,CBE,positive,0.9997628331184387,positive,0.5994,Other / General Feedback
301,GREAT,5,2025-07-30,CBE,positive,0.9998630285263062,positive,0.6249,Other / General Feedback
302,good application,5,2025-07-30,CBE,positive,0.999854564666748,positive,0.4404,Other / General Feedback
303,very good,5,2025-07-28,CBE,positive,0.9998520612716675,positive,0.4927,Other / General Feedback
304,✅ By far the best finance app I’ve come across. I strongly recommend...,5,2025-07-25,CBE,positive,0.999723494052887,positive,0.8316,Other / General Feedback
305,good,5,2025-07-24,CBE,positive,0.9998161196708679,positive,0.4404,Other / General Feedback
306,good,5,2025-07-22,CBE,positive,0.9998161196708679,positive,0.4404,Other / General Feedback
307,we need CBE-Birr Agent App,5,2025-07-21,CBE,negative,-0.9936391711235046,neutral,0.0,Customer Support & Service
308,this apo is good,5,2025-07-20,CBE,positive,0.9998558759689331,positive,0.4404,Other / General Feedback
309,Good,5,2025-07-20,CBE,positive,0.9998161196708679,positive,0.4404,Other / General Feedback
310,excited,5,2025-07-20,CBE,positive,0.9997768998146057,positive,0.34,Other / General Feedback
311,good,5,2025-07-20,CBE,positive,0.9998161196708679,positive,0.4404,Other / General Feedback
312,best,5,2025-07-19,CBE,positive,0.9997941851615906,positive,0.6369,Other / General Feedback
313,best simple and fast app,5,2025-07-18,CBE,positive,0.9997015595436096,positive,0.6369,Other / General Feedback
314,Good,4,2025-07-18,CBE,positive,0.9998161196708679,positive,0.4404,Other / General Feedback
315,best aap,5,2025-07-17,CBE,positive,0.9998045563697815,positive,0.6369,Other / General Feedback
316,very nice and good app,5,2025-07-15,CBE,positive,0.9998791217803955,positive,0.7397,UI & Customer Experience
317,Nice,5,2025-07-14,CBE,positive,0.9998552799224854,positive,0.4215,UI & Customer Experience
318,good,5,2025-07-09,CBE,positive,0.9998161196708679,positive,0.4404,Other / General Feedback
319,best and good security,5,2025-07-09,CBE,positive,0.9998465776443481,positive,0.8591,Other / General Feedback
320,i think its wrong promoted cbe birr,3,2025-07-09,CBE,negative,-0.9996633529663086,negative,-0.0772,Other / General Feedback
321,i have one question .why don't functional at the moment ?,5,2025-07-09,CBE,negative,-0.9968141913414001,neutral,0.0,Other / General Feedback
322,happy,1,2025-07-08,CBE,positive,0.9998753070831299,positive,0.5719,Other / General Feedback
323,best,5,2025-07-07,CBE,positive,0.9997941851615906,positive,0.6369,Other / General Feedback
324,ok,5,2025-07-07,CBE,positive,0.9997851252555847,positive,0.296,Other / General Feedback
325,good,5,2025-07-06,CBE,positive,0.9998161196708679,positive,0.4404,Other / General Feedback
326,everything is there enjoy it.,5,2025-07-06,CBE,positive,0.9998725652694702,positive,0.4939,Other / General Feedback
327,easy to use. i love the cardless alternative way of withdrawing money.,5,2025-07-04,CBE,positive,0.9938967823982239,positive,0.7964,Transaction & Payment Issues
328,all the best,5,2025-07-03,CBE,positive,0.9998635053634644,positive,0.6369,Other / General Feedback
329,it is just a marvelous app,5,2025-07-03,CBE,positive,0.9998797178268433,positive,0.5994,Other / General Feedback
330,very nice 👍,4,2025-07-02,CBE,positive,0.9998577833175659,positive,0.4754,UI & Customer Experience
331,it doesn't work most of the time.,1,2025-07-02,CBE,negative,-0.9995858073234558,neutral,0.0,Other / General Feedback
332,Best bank,5,2025-07-01,CBE,positive,0.9997438788414001,positive,0.6369,Other / General Feedback
333,its bad bad it wont let me pay for anything no bills not even the parking fee their dail up service doesnt even work im racking up parking fees because cant even pay please fix it,1,2025-07-01,CBE,negative,-0.9992197751998901,negative,-0.8615,Transaction & Payment Issues
334,good,5,2025-07-01,CBE,positive,0.9998161196708679,positive,0.4404,Other / General Feedback
335,I use over 6 year,5,2025-06-30,CBE,positive,0.5709224343299866,neutral,0.0,Other / General Feedback
336,good,5,2025-06-30,CBE,positive,0.9998161196708679,positive,0.4404,Other / General Feedback
337,good,5,2025-06-29,CBE,positive,0.9998161196708679,positive,0.4404,Other / General Feedback
338,East app,4,2025-06-27,CBE,positive,0.9574562907218933,neutral,0.0,Other / General Feedback
339,besteofthe beste,5,2025-06-25,CBE,positive,0.9822421073913574,neutral,0.0,Other / General Feedback
340,pest of Pest cbe birr,5,2025-06-23,CBE,negative,-0.9975778460502625,neutral,0.0,Other / General Feedback
341,good,5,2025-06-21,CBE,positive,0.9998161196708679,positive,0.4404,Other / General Feedback
342,good app,5,2025-06-19,CBE,positive,0.9998493194580078,positive,0.4404,Other / General Feedback
343,very nice,5,2025-06-18,CBE,positive,0.9998563528060913,positive,0.4754,UI & Customer Experience
344,great app,5,2025-06-18,CBE,positive,0.999821126461029,positive,0.6249,Other / General Feedback
345,very simple easy fast,5,2025-06-18,CBE,positive,0.9989798665046692,positive,0.4902,UI & Customer Experience
346,cbe birr app is super in Ethiopian no one reach mobile money for future this ap will control east African.,5,2025-06-18,CBE,negative,-0.9961826205253601,positive,0.3871,Transaction & Payment Issues
347,perfect,5,2025-06-17,CBE,positive,0.9998517036437988,positive,0.5719,UI & Customer Experience
348,it's good for me,5,2025-06-17,CBE,positive,0.9998531341552734,positive,0.4404,Other / General Feedback
349,the application is progreesively improving and becoming the most complete,5,2025-06-17,CBE,positive,0.999630331993103,positive,0.4215,Other / General Feedback
350,Difficult Login and Glitches,2,2025-06-17,CBE,negative,-0.9995952248573303,negative,-0.3612,Account Access & Authentication
351,good,2,2025-06-17,CBE,positive,0.9998161196708679,positive,0.4404,Other / General Feedback
352,I TNX for that you are introducing this app. Further I might familiar how to use it and can ask your's help.,3,2025-06-16,CBE,positive,0.885359525680542,positive,0.6739,Customer Support & Service
353,Nothing working 5 🌟 back to 1 🌟. even it doesn't open.,1,2025-06-16,CBE,negative,-0.9993923902511597,neutral,0.0,App Performance & Stability
354,great app the only issue I found is when the customer name is too long it displays the last name of the customer which is confusing and transfer to telebirr should be included,4,2025-06-15,CBE,negative,-0.9944316744804382,positive,0.4939,Transaction & Payment Issues
355,good,4,2025-06-14,CBE,positive,0.9998161196708679,positive,0.4404,Other / General Feedback
356,Thanks Plus one,5,2025-06-14,CBE,positive,0.9998323917388916,positive,0.4404,Other / General Feedback
357,"It's a bad app, it doesn't work properly.",1,2025-06-14,CBE,negative,-0.9998144507408142,negative,-0.5423,Other / General Feedback
358,For work,5,2025-06-14,CBE,positive,0.9986787438392639,neutral,0.0,Other / General Feedback
359,"Sorry, the pre-validation request is Pre-Validation. The reason is Pre-Validation confirmation is Timeout.",5,2025-06-13,CBE,negative,-0.9995237588882446,negative,-0.0772,Other / General Feedback
360,arife love 💘 speed App,5,2025-06-13,CBE,positive,0.9683517217636108,positive,0.8555,UI & Customer Experience
361,fantastic,5,2025-06-13,CBE,positive,0.9998743534088135,positive,0.5574,Other / General Feedback
362,good,5,2025-06-13,CBE,positive,0.9998161196708679,positive,0.4404,Other / General Feedback
363,It is fast and advanced app. for all related business processing,5,2025-06-13,CBE,positive,0.9992337226867676,positive,0.25,Other / General Feedback
364,Ok,5,2025-06-12,CBE,positive,0.9997851252555847,positive,0.296,Other / General Feedback
365,best of our bank product,5,2025-06-11,CBE,positive,0.9975259900093079,positive,0.6369,Other / General Feedback
366,nice,5,2025-06-08,CBE,positive,0.9998552799224854,positive,0.4215,UI & Customer Experience
367,so good,5,2025-06-08,CBE,positive,0.999841570854187,positive,0.4927,Other / General Feedback
368,top,5,2025-06-08,CBE,positive,0.9997069239616394,positive,0.2023,Other / General Feedback
369,i hate cbe at all,1,2025-06-07,CBE,negative,-0.9993396401405334,negative,-0.5719,Other / General Feedback
370,it's a cool app.. but this last version is not working check it out.,5,2025-06-07,CBE,negative,-0.9973639845848083,positive,0.1655,Other / General Feedback
371,all in one,5,2025-06-07,CBE,positive,0.9988051652908325,neutral,0.0,Other / General Feedback
372,good,5,2025-06-06,CBE,positive,0.9998161196708679,positive,0.4404,Other / General Feedback
373,nice one,5,2025-06-06,CBE,positive,0.9998481273651123,positive,0.4215,UI & Customer Experience
374,good sh,5,2025-06-05,CBE,positive,0.9998307228088379,positive,0.4404,Other / General Feedback
375,after v6.0.0 its not working it keep saying network problem in the login page 🙄,1,2025-06-05,CBE,negative,-0.9983463287353516,negative,-0.4019,Account Access & Authentication
376,the most disappointing app,1,2025-06-05,CBE,negative,-0.9996656179428101,negative,-0.5413,Other / General Feedback
377,our cbe-birr is good app,5,2025-06-05,CBE,positive,0.9997848868370056,positive,0.4404,Other / General Feedback
378,good,5,2025-06-05,CBE,positive,0.9998161196708679,positive,0.4404,Other / General Feedback
379,good,5,2025-06-04,CBE,positive,0.9998161196708679,positive,0.4404,Other / General Feedback
380,It's really good 👍 👌 😌,5,2025-06-04,CBE,positive,0.9998631477355957,positive,0.8985,Other / General Feedback
381,good,5,2025-06-04,CBE,positive,0.9998161196708679,positive,0.4404,Other / General Feedback
382,loved it it is easy to access also gives direct cash withdrawal service,5,2025-06-03,CBE,positive,0.9988678693771362,positive,0.7845,Account Access & Authentication
383,nice,5,2025-06-03,CBE,positive,0.9998552799224854,positive,0.4215,UI & Customer Experience
384,It is good app.But it requires strong network .Please make it like Mobile banking app Which is functional with lite network .,3,2025-06-03,CBE,positive,0.991460919380188,positive,0.875,App Performance & Stability
385,"the new update have network issue,pls fix it.",1,2025-06-03,CBE,negative,-0.9963539838790894,neutral,0.0,App Performance & Stability
386,very much good,5,2025-06-02,CBE,positive,0.9998574256896973,positive,0.4902,Other / General Feedback
387,good,5,2025-06-02,CBE,positive,0.9998161196708679,positive,0.4404,Other / General Feedback
388,It's CBE commitment for Digital banking. Great feature app!!!,5,2025-06-02,CBE,positive,0.9996997117996216,positive,0.8213,Other / General Feedback
389,best,3,2025-06-02,CBE,positive,0.9997941851615906,positive,0.6369,Other / General Feedback
390,"low level for saving level 2 75,000 why not 750,000???",1,2025-06-01,CBE,negative,-0.9994240999221802,negative,-0.3899,Other / General Feedback
391,good,5,2025-06-01,CBE,positive,0.9998161196708679,positive,0.4404,Other / General Feedback
392,Thanks CBE...,5,2025-06-01,CBE,positive,0.9997547268867493,positive,0.4404,Other / General Feedback
393,Excellent,2,2025-06-01,CBE,positive,0.9998434782028198,positive,0.5719,Other / General Feedback
394,Best app for any finance transaction,5,2025-06-01,CBE,positive,0.9983550906181335,positive,0.6369,Transaction & Payment Issues
395,"The **CBE Birr App** is a game-changer for digital banking in Ethiopia! It’s fast, secure, and incredibly user-friendly. I love how easy it is to transfer money, pay bills, and check account balance anytime. The interface is clean and intuitive, making transactions hassle and service Charge free. Thank you CBE .",5,2025-06-01,CBE,positive,0.9990965127944946,positive,0.9528,Transaction & Payment Issues
396,best,5,2025-06-01,CBE,positive,0.9997941851615906,positive,0.6369,Other / General Feedback
397,I faced challenge with your non-sense receipt from this application. Its not with basic profile. Just like receiver name/account member of receiver for payment confirmation purpose!,1,2025-06-01,CBE,negative,-0.9961621761322021,positive,0.4753,Transaction & Payment Issues
398,very good app,5,2025-06-01,CBE,positive,0.9998675584793091,positive,0.4927,Other / General Feedback
399,Super,5,2025-06-01,CBE,positive,0.998783528804779,positive,0.5994,Other / General Feedback
400,I'm familiar with it and CBEBirr plus will lead our economy. but in recent weeks after linkage with the account doesn't show remaining balance in cbe acct and doest pool money to wallet. Solve it as soon as possible,5,2025-06-01,CBE,negative,-0.9949083924293518,positive,0.296,Transaction & Payment Issues
401,the best of my day to day activated,5,2025-05-31,CBE,positive,0.9992857575416565,positive,0.6369,Other / General Feedback
402,"Linked account pull money, is not working every time it is updated. Every response is failed, i think this app is developed by a bunch of kids. They have no idea what they are doing. By the time when im writing this review linked account pull money was not working for the last 39 days.",1,2025-05-31,CBE,negative,-0.9997926354408264,negative,-0.6705,Transaction & Payment Issues
403,good,5,2025-05-31,CBE,positive,0.9998161196708679,positive,0.4404,Other / General Feedback
404,we rely on you,5,2025-05-30,CBE,positive,0.9299664497375488,neutral,0.0,Other / General Feedback
405,Amazing App,5,2025-05-27,CBE,positive,0.9998670816421509,positive,0.5859,Other / General Feedback
406,good,5,2025-05-27,CBE,positive,0.9998161196708679,positive,0.4404,Other / General Feedback
407,"i sent 1000 birr to cbe bank account, but the money doesn't credited. i call 951 for several times, and they don't want to reverse my money.",1,2025-05-26,CBE,negative,-0.9890007972717285,negative,-0.4585,Transaction & Payment Issues
408,good,5,2025-05-26,CBE,positive,0.9998161196708679,positive,0.4404,Other / General Feedback
409,this app is very lose payment code is not true,1,2025-05-26,CBE,negative,-0.999685525894165,negative,-0.6514,Account Access & Authentication
410,otp aylekm!!,1,2025-05-26,CBE,negative,-0.8801893591880798,neutral,0.0,Account Access & Authentication
411,"linked bank, it's working at all, but this update is good thanks",4,2025-05-25,CBE,positive,0.9997078776359558,positive,0.8271,Other / General Feedback
412,Updated version is very bad,1,2025-05-25,CBE,negative,-0.9997867941856384,negative,-0.5849,Other / General Feedback
413,very nice ap,5,2025-05-24,CBE,positive,0.9998613595962524,positive,0.4754,UI & Customer Experience
414,Best App,5,2025-05-24,CBE,positive,0.999686598777771,positive,0.6369,Other / General Feedback
415,Great app,5,2025-05-24,CBE,positive,0.999821126461029,positive,0.6249,Other / General Feedback
416,Worst Bank in Ethiopia.,1,2025-05-22,CBE,negative,-0.9997654557228088,negative,-0.6249,Other / General Feedback
417,help money account online approoved help know please ok.,2,2025-05-19,CBE,positive,0.8707059025764465,positive,0.7717,Transaction & Payment Issues
418,is good to use,5,2025-05-19,CBE,positive,0.9998444318771362,positive,0.4404,Other / General Feedback
419,The link option doesn't work always. You can't deposit money by pulling from linked account. Please fix the issue.,3,2025-05-19,CBE,negative,-0.9989619255065918,positive,0.3182,Transaction & Payment Issues
420,best banking platform,5,2025-05-17,CBE,positive,0.9998194575309753,positive,0.6369,Other / General Feedback
421,"This application has numerous issues that significantly hinder its functionality. Frequently, when you attempt to send money, transactions remain in a pending state for five to six days, and in some cases, even longer—up to several weeks. Additionally, there are serious concerns regarding privacy, as the application appears to collect sensitive information from your phone, including call logs, images, and other personal data. For these reasons, I strongly advise against using this application.",1,2025-05-14,CBE,negative,-0.9995591044425964,positive,0.2023,Transaction & Payment Issues
422,I can't see my transaction history and when the update time is low and it does not work properly,1,2025-05-14,CBE,negative,-0.9997885823249817,negative,-0.2732,Transaction & Payment Issues
423,good,5,2025-05-10,CBE,positive,0.9998161196708679,positive,0.4404,Other / General Feedback
424,it is an interesting application,5,2025-05-10,CBE,positive,0.9997910857200623,positive,0.4019,Other / General Feedback
425,thnk you,5,2025-05-09,CBE,positive,0.804777979850769,neutral,0.0,Other / General Feedback
426,excellent,4,2025-05-09,CBE,positive,0.9998434782028198,positive,0.5719,Other / General Feedback
427,good,5,2025-05-08,CBE,positive,0.9998161196708679,positive,0.4404,Other / General Feedback
428,wow wow use ful app simplify our life,1,2025-05-08,CBE,positive,0.99713134765625,positive,0.8225,Other / General Feedback
429,life is easy with CBEBIRR PLUS👍,5,2025-05-08,CBE,positive,0.7656548023223877,positive,0.4404,Transaction & Payment Issues
430,I think you didn't try it across different devices on my pixel 7 the view for the button is outside the screen!!,3,2025-05-08,CBE,negative,-0.9990885257720947,neutral,0.0,Other / General Feedback
431,good,3,2025-05-06,CBE,positive,0.9998161196708679,positive,0.4404,Other / General Feedback
432,good,5,2025-05-06,CBE,positive,0.9998161196708679,positive,0.4404,Other / General Feedback
433,developer I don't know why but the pulling system ain't working like it took my money when I pulled through offline option on it and still didn't received the money I pulled,1,2025-05-06,CBE,negative,-0.9995666146278381,negative,-0.5291,Transaction & Payment Issues
434,thanks CBE,5,2025-05-06,CBE,positive,0.999742329120636,positive,0.4404,Other / General Feedback
435,Afi app new gin tinsh ye chigr alebet birr ke cbe silka wud cbe birr acc.t,3,2025-05-04,CBE,negative,-0.9681808352470398,neutral,0.0,Other / General Feedback
436,nice app for me,5,2025-05-03,CBE,positive,0.9997487664222717,positive,0.4215,UI & Customer Experience
437,good app!,3,2025-05-02,CBE,positive,0.9998592138290405,positive,0.4926,Other / General Feedback
438,very nayse,5,2025-05-02,CBE,negative,-0.9213695526123047,neutral,0.0,Other / General Feedback
439,I am Staff member but i can't access to get cbe birrplus loan.,5,2025-05-01,CBE,negative,-0.9979335069656372,neutral,0.0,Account Access & Authentication
440,"dear developer, please currently i faced that after i ate my launch i tried to pay through cbe birr app to cbe account but after too many searching the app was reported me that the payment is failed, as a result, then i paid in cash. however, on the second day of incident, i got a message from cbebirr that i was transferred the amount i tried before and i loose my money. while the app has such big problem, how CBE recommend me to use its app? b4 this i loosen my money 2x times.😡",2,2025-04-29,CBE,negative,-0.998979389667511,negative,-0.7543,Transaction & Payment Issues
441,fantastic app,5,2025-04-28,CBE,positive,0.9998588562011719,positive,0.5574,Other / General Feedback
442,easy and comfortable app,5,2025-04-28,CBE,positive,0.9998354911804199,positive,0.7351,UI & Customer Experience
443,we need like this application,5,2025-04-27,CBE,positive,0.9926403164863586,positive,0.3612,Other / General Feedback
444,it's useful not bad work good,4,2025-04-25,CBE,positive,0.9983596205711365,positive,0.5178,Other / General Feedback
445,"The app was very interested, but there is some problems on the pulling money. additionally it never show the balance",1,2025-04-24,CBE,negative,-0.998999297618866,negative,-0.3723,Transaction & Payment Issues
446,Perfect,5,2025-04-24,CBE,positive,0.9998517036437988,positive,0.5719,UI & Customer Experience
447,excellent service,5,2025-04-24,CBE,positive,0.9998576641082764,positive,0.5719,Customer Support & Service
448,CBEBIRR is good service,5,2025-04-24,CBE,positive,0.9997710585594177,positive,0.4404,Transaction & Payment Issues
449,The magic navigation menu needs animation still it looks traditional,2,2025-04-24,CBE,positive,0.8677992820739746,neutral,0.0,UI & Customer Experience
450,very nice App tha have been use,5,2025-04-23,CBE,positive,0.9979764819145203,positive,0.4754,UI & Customer Experience
451,Good,5,2025-04-23,CBE,positive,0.9998161196708679,positive,0.4404,Other / General Feedback
452,It's works great but sometimes it stop working and doesn't receive or transfer money.,4,2025-04-23,CBE,negative,-0.990264892578125,negative,-0.0644,Transaction & Payment Issues
453,good app,5,2025-04-23,CBE,positive,0.9998493194580078,positive,0.4404,Other / General Feedback
454,good app,5,2025-04-23,CBE,positive,0.9998493194580078,positive,0.4404,Other / General Feedback
455,How we can self regester,5,2025-04-23,CBE,negative,-0.9913261532783508,neutral,0.0,Other / General Feedback
456,ok,5,2025-04-22,CBE,positive,0.9997851252555847,positive,0.296,Other / General Feedback
457,please update,5,2025-04-22,CBE,positive,0.9988129138946533,positive,0.3182,Other / General Feedback
458,didn't give you 5 stars because you should add more transfer options for other wallets like telebirr and cards,4,2025-04-22,CBE,negative,-0.9972580671310425,positive,0.3612,Transaction & Payment Issues
459,Top,5,2025-04-21,CBE,positive,0.9997069239616394,positive,0.2023,Other / General Feedback
460,i can't send my money from linked bank account to cbe,1,2025-04-21,CBE,negative,-0.9977914094924927,neutral,0.0,Transaction & Payment Issues
461,good,5,2025-04-19,CBE,positive,0.9998161196708679,positive,0.4404,Other / General Feedback
462,Good,5,2025-04-17,CBE,positive,0.9998161196708679,positive,0.4404,Other / General Feedback
463,good app,5,2025-04-17,CBE,positive,0.9998493194580078,positive,0.4404,Other / General Feedback
464,nice,1,2025-04-13,CBE,positive,0.9998552799224854,positive,0.4215,UI & Customer Experience
465,All good,5,2025-04-13,CBE,positive,0.9998400211334229,positive,0.4404,Other / General Feedback
466,you are updated for frequently times but cbe beje and air time package isn't working! even if i checked all the time when the app is updated but nothing change.,1,2025-04-12,CBE,negative,-0.9975919723510742,neutral,0.0,Other / General Feedback
467,ThankYou,5,2025-04-11,CBE,positive,0.9998428821563721,neutral,0.0,Other / General Feedback
468,very late,1,2025-04-10,CBE,negative,-0.9994931221008301,neutral,0.0,Other / General Feedback
469,"the most underrated app. even faster than CBE's own mobile banking app and telebirr. Just make the home buttons a little bit bigger (3 columns instead of 4 and make the buttons rectangle instead of square), brand color (purple) is over used, and remove the advertisements from the dashboard No one wants to see static ads, but you can still make it as pop-up, but that should even be occasional (during events or holidays). Otherwise, there's no benefits in seeing the same ads over and over again.",5,2025-04-08,CBE,negative,-0.9989789724349976,neutral,0.0062,Other / General Feedback
470,great app,4,2025-04-08,CBE,positive,0.999821126461029,positive,0.6249,Other / General Feedback
471,best uses,4,2025-04-08,CBE,positive,0.9988982677459717,positive,0.6369,Other / General Feedback
472,nice app.,5,2025-04-08,CBE,positive,0.9998321533203125,positive,0.4215,UI & Customer Experience
473,good,3,2025-04-08,CBE,positive,0.9998161196708679,positive,0.4404,Other / General Feedback
474,i love the app but no loan service,4,2025-04-05,CBE,positive,0.9787591695785522,negative,-0.0516,UI & Customer Experience
475,best app for financial use,5,2025-04-05,CBE,positive,0.9968230724334717,positive,0.6369,Other / General Feedback
476,"Very nice app but there's some issues you have to improve 1. Most of the time you can not write the decimal numbers 2. Sometimes it deduct from account and suspend the amount. 3 Customer service center responsed the balance will refunded within 3 to 5 days, How a person in need wait that much? I hope you will improve it.",3,2025-04-03,CBE,negative,-0.7752090096473694,positive,0.8921,UI & Customer Experience
477,it very nice app which solve our daily problems in everday life transactions !!!,1,2025-04-02,CBE,positive,0.999798595905304,positive,0.4712,Transaction & Payment Issues
478,ok,5,2025-04-01,CBE,positive,0.9997851252555847,positive,0.296,Other / General Feedback
479,can't withdraw from branch and dependent to CBE ATMs only...idk why they needed app while it works that same as the former CBE app,1,2025-04-01,CBE,negative,-0.9709419012069702,neutral,0.0,Transaction & Payment Issues
480,Worst ever,5,2025-03-29,CBE,negative,-0.9997851252555847,negative,-0.6249,Other / General Feedback
481,ok,5,2025-03-28,CBE,positive,0.9997851252555847,positive,0.296,Other / General Feedback
482,please add telebirr walet and i give 5 star,3,2025-03-27,CBE,positive,0.9909047484397888,positive,0.3182,Other / General Feedback
483,Great app wow!!!!,5,2025-03-27,CBE,positive,0.9998371601104736,positive,0.877,Other / General Feedback
484,its seems nice app.but not use it yet,5,2025-03-24,CBE,negative,-0.9618061780929565,positive,0.4215,UI & Customer Experience
485,good,5,2025-03-24,CBE,positive,0.9998161196708679,positive,0.4404,Other / General Feedback
486,Best app but needs easy way to inter with other Sim. why not collaborate with telebirr?,5,2025-03-21,CBE,negative,-0.9965971112251282,positive,0.7543,UI & Customer Experience
487,the best!,5,2025-03-20,CBE,positive,0.9998511075973511,positive,0.6696,Other / General Feedback
488,the qwickest way of wallet cash app,5,2025-03-19,CBE,negative,-0.9808362722396851,neutral,0.0,Other / General Feedback
489,Good,3,2025-03-18,CBE,positive,0.9998161196708679,positive,0.4404,Other / General Feedback
490,not good,3,2025-03-17,CBE,negative,-0.9997889399528503,negative,-0.3412,Other / General Feedback
491,Wonderful application,5,2025-03-15,CBE,positive,0.9998810291290283,positive,0.5719,Other / General Feedback
492,It is a good because it help me to improve my experience.,5,2025-03-15,CBE,positive,0.9998550415039062,positive,0.8176,Customer Support & Service
493,Thanks for your help and support me,5,2025-03-12,CBE,positive,0.9997300505638123,positive,0.8074,Customer Support & Service
494,Nice apps,5,2025-03-10,CBE,positive,0.999850869178772,positive,0.4215,UI & Customer Experience
495,This app customer service is the worst it forces you to go to branch for small things like to get your pin unlocked,1,2025-03-09,CBE,negative,-0.9998052716255188,negative,-0.3818,Account Access & Authentication
496,no service please make your service active for any consumers,1,2025-03-07,CBE,negative,-0.9968307614326477,negative,-0.1184,Customer Support & Service
497,Good,5,2025-03-07,CBE,positive,0.9998161196708679,positive,0.4404,Other / General Feedback
498,Ok,5,2025-03-07,CBE,positive,0.9997851252555847,positive,0.296,Other / General Feedback
499,Amazing,5,2025-03-05,CBE,positive,0.999875545501709,positive,0.5859,Other / General Feedback
500,Is not nice app,1,2025-03-04,CBE,negative,-0.9997376799583435,negative,-0.3252,UI & Customer Experience
501,The most important app in Ethiopia,5,2025-03-04,CBE,positive,0.9990851879119873,positive,0.2716,Other / General Feedback
502,Thank you,5,2025-03-03,CBE,positive,0.9998352527618408,positive,0.3612,Other / General Feedback
503,Good,5,2025-03-03,CBE,positive,0.9998161196708679,positive,0.4404,Other / General Feedback
504,Very good 👏,5,2025-03-02,CBE,positive,0.999870777130127,positive,0.4927,Other / General Feedback
505,Nice,5,2025-03-01,CBE,positive,0.9998552799224854,positive,0.4215,UI & Customer Experience
506,best,5,2025-02-28,CBE,positive,0.9997941851615906,positive,0.6369,Other / General Feedback
507,Well app,4,2025-02-28,CBE,positive,0.9993765950202942,positive,0.2732,Other / General Feedback
508,Excellent app,5,2025-02-25,CBE,positive,0.9998356103897095,positive,0.5719,Other / General Feedback
509,It's good app,4,2025-02-24,CBE,positive,0.9998689889907837,positive,0.4404,Other / General Feedback
510,The worst app in the world ...,1,2025-02-24,CBE,negative,-0.9997945427894592,negative,-0.6249,Other / General Feedback
511,Great,5,2025-02-21,CBE,positive,0.9998630285263062,positive,0.6249,Other / General Feedback
512,Good 👍,5,2025-02-21,CBE,positive,0.9998576641082764,positive,0.4404,Other / General Feedback
513,Very good application,5,2025-02-19,CBE,positive,0.9998687505722046,positive,0.4927,Other / General Feedback
514,Very good 👍,5,2025-02-18,CBE,positive,0.999870777130127,positive,0.4927,Other / General Feedback
515,Best application at this time in our country Ethiopia in the financial sector best app🙏🙏,5,2025-02-15,CBE,positive,0.9983373880386353,positive,0.8555,Other / General Feedback
516,Best app,5,2025-02-14,CBE,positive,0.999686598777771,positive,0.6369,Other / General Feedback
517,To use cbe service through this application,5,2025-02-14,CBE,negative,-0.9522403478622437,neutral,0.0,Customer Support & Service
518,My acounty password blocked what happened please open model pin,1,2025-02-13,CBE,negative,-0.9996117949485779,positive,0.0516,Account Access & Authentication
519,why not work some sistem of unlimedt internet pakege,1,2025-02-13,CBE,negative,-0.9993651509284973,neutral,0.0,Other / General Feedback
520,Can you please fix the buy package issue,3,2025-02-12,CBE,negative,-0.9962159991264343,positive,0.3182,Other / General Feedback
521,Good,5,2025-02-12,CBE,positive,0.9998161196708679,positive,0.4404,Other / General Feedback
522,Best,5,2025-02-12,CBE,positive,0.9997941851615906,positive,0.6369,Other / General Feedback
523,I hope you will make happen digital Ethiopia and thanks for providing such play form,5,2025-02-11,CBE,positive,0.9993706345558167,positive,0.802,Other / General Feedback
524,very nice application,5,2025-02-10,CBE,positive,0.9998540878295898,positive,0.4754,UI & Customer Experience
525,"Good app,but cbe birr is especially it is free from any bias and expenese.",5,2025-02-10,CBE,positive,0.9951190948486328,positive,0.7239,Other / General Feedback
526,Good,5,2025-02-10,CBE,positive,0.9998161196708679,positive,0.4404,Other / General Feedback
527,Perfect,5,2025-02-09,CBE,positive,0.9998517036437988,positive,0.5719,UI & Customer Experience
528,Good,5,2025-02-09,CBE,positive,0.9998161196708679,positive,0.4404,Other / General Feedback
529,Pure less app in Ethiopia,4,2025-02-09,CBE,negative,-0.9867249727249146,neutral,0.0,Other / General Feedback
530,Good app,5,2025-02-08,CBE,positive,0.9998493194580078,positive,0.4404,Other / General Feedback
531,Thank you,5,2025-02-08,CBE,positive,0.9998352527618408,positive,0.3612,Other / General Feedback
532,The bank you always rely on!,5,2025-02-08,CBE,positive,0.9987932443618774,neutral,0.0,Other / General Feedback
533,Cbe birr plus isn't working...properly.,1,2025-02-07,CBE,negative,-0.9997950196266174,neutral,0.0,Other / General Feedback
534,Complete copy-paste of Telebirr's UI. How can't you develop your own app. 😭,1,2025-02-06,CBE,negative,-0.9994725584983826,negative,-0.4767,UI & Customer Experience
535,Best,5,2025-02-06,CBE,positive,0.9997941851615906,positive,0.6369,Other / General Feedback
536,Great app !,5,2025-02-04,CBE,positive,0.9998462200164795,positive,0.6588,Other / General Feedback
537,Good,5,2025-02-04,CBE,positive,0.9998161196708679,positive,0.4404,Other / General Feedback
538,Ok,5,2025-02-03,CBE,positive,0.9997851252555847,positive,0.296,Other / General Feedback
539,Best app&,5,2025-02-03,CBE,positive,0.9997530579566956,positive,0.6369,Other / General Feedback
540,Why not include Telebirr on wallet choice,3,2025-02-03,CBE,negative,-0.9977841973304749,neutral,0.0,Other / General Feedback
541,it's very good app,5,2025-02-02,CBE,positive,0.9998728036880493,positive,0.4927,Other / General Feedback
542,I wasn't able to pull money out of my account as of yesterday and today I suggest you fix that,1,2025-02-02,CBE,negative,-0.9988824725151062,neutral,0.0,Transaction & Payment Issues
543,How a useful app it is !,5,2025-02-02,CBE,positive,0.9992777705192566,positive,0.4926,Other / General Feedback
544,It is Best App,5,2025-02-01,CBE,positive,0.9997313618659973,positive,0.6369,Other / General Feedback
545,It’s a very nice app and well presented with improvements thank you,5,2025-02-01,CBE,positive,0.9998730421066284,positive,0.8399,UI & Customer Experience
546,Doesn't login with e-sim enabled phones. Gives the message. This SIM Number is not found in this phone or you have not enabled call permission for this app!,1,2025-01-30,CBE,negative,-0.9976880550384521,positive,0.1511,Account Access & Authentication
547,Please add (pay for merchant),4,2025-01-29,CBE,positive,0.5538857579231262,positive,0.2263,Transaction & Payment Issues
548,Thank You,5,2025-01-28,CBE,positive,0.9998352527618408,positive,0.3612,Other / General Feedback
549,Its the best app i,5,2025-01-28,CBE,positive,0.9998075366020203,positive,0.6369,Other / General Feedback
550,the app is very late to refund the pendig transaction it up to 7 day,1,2025-01-27,CBE,negative,-0.9996050000190735,neutral,0.0,Transaction & Payment Issues
551,it is better make cbe birr narrations shows on t24 acct,5,2025-01-27,CBE,negative,-0.9979864358901978,positive,0.4404,Other / General Feedback
552,Is it just me or anyone else has to search the app on play store everytime I want to use the app? It won't show up on the my apps list,4,2025-01-25,CBE,negative,-0.999545156955719,positive,0.4019,Other / General Feedback
553,"Exceptional app, fast, easy, reliable.👍",5,2025-01-24,CBE,positive,0.9997528195381165,positive,0.4877,UI & Customer Experience
554,Choice of every time,5,2025-01-23,CBE,positive,0.9979947805404663,neutral,0.0,Other / General Feedback
555,Who ever see this please don't updat it's not working after the update it keep says you phone is not working,1,2025-01-23,CBE,negative,-0.999724805355072,positive,0.3869,Other / General Feedback
556,Good,5,2025-01-21,CBE,positive,0.9998161196708679,positive,0.4404,Other / General Feedback
557,Best wallet in Ethiopia,5,2025-01-21,CBE,positive,0.9995620846748352,positive,0.6369,Other / General Feedback
558,Good,5,2025-01-20,CBE,positive,0.9998161196708679,positive,0.4404,Other / General Feedback
559,Great,5,2025-01-19,CBE,positive,0.9998630285263062,positive,0.6249,Other / General Feedback
560,Good app,5,2025-01-18,CBE,positive,0.9998493194580078,positive,0.4404,Other / General Feedback
561,Nice,5,2025-01-18,CBE,positive,0.9998552799224854,positive,0.4215,UI & Customer Experience
562,Hh. Hey,3,2025-01-17,CBE,positive,0.9625068306922913,neutral,0.0,Other / General Feedback
563,Chenge phone name A04e Samsung,5,2025-01-17,CBE,negative,-0.9679943323135376,neutral,0.0,Other / General Feedback
564,CBE birr app is awesome. But why not the Loan system is not functioning. But you introduced in the the app. Please verify.,5,2025-01-16,CBE,positive,0.9098698496818542,positive,0.6705,Other / General Feedback
565,"I have been using the CBEBirr app for a long time. Recently, I uninstalled the older one and installed the updated one on my device. However, the updated CBEBirr Plus (v 1.0.0) doesn't work. When I entered my phone number and clicked sign, it showed the warning message that says, ""This SIM number is not found in this phone, or you have not enabled call permission for this app,"" even if the SIM card is in the device and all required permissions were enabled. Plse show me how to solve this issue.",1,2025-01-16,CBE,negative,-0.9994609951972961,neutral,0.0,Transaction & Payment Issues
566,Mustakima abdusalami Tap on a clip to paste it in the text box.,5,2025-01-16,CBE,negative,-0.9982372522354126,neutral,0.0,Other / General Feedback
567,"Not worth using kind of app. The other day i was trying to transfer money to my mpessa account but it is impossible with this app having 0 option to transfer to wallets like mpessa, and telebirr.... and it doesn't show up name of the account owner upfront. Whenever i buy something it is making me untrust worthy.last week after making a transaction i didnt got to have the product.I guess cbe moblile banking is better than this if you want to stick to cbe. But i am done with cbe at all.",1,2025-01-16,CBE,negative,-0.998624324798584,positive,0.8029,Transaction & Payment Issues
568,Mystic Steps Task Pro for Android,4,2025-01-13,CBE,positive,0.5276798605918884,neutral,0.0,Other / General Feedback
569,Good,5,2025-01-12,CBE,positive,0.9998161196708679,positive,0.4404,Other / General Feedback
570,Useless app,5,2025-01-11,CBE,negative,-0.9997797608375549,negative,-0.4215,Other / General Feedback
571,"The OTP does not arrive within 60 seconds; instead, it is sent after a minute, by which time it has already expired. This makes the application incredibly frustrating to use. Additionally, there is no customer support available for assistance.",1,2025-01-10,CBE,negative,-0.9997417330741882,negative,-0.7685,Account Access & Authentication
572,CBEBirr Plus is a fantastic app that works ever time but please upgrade it to be compatible with android version 15,4,2025-01-09,CBE,positive,0.9961554408073425,positive,0.4497,Transaction & Payment Issues
573,Best Mobile money app,5,2025-01-08,CBE,positive,0.9996100068092346,positive,0.6369,Transaction & Payment Issues
574,Good,5,2025-01-08,CBE,positive,0.9998161196708679,positive,0.4404,Other / General Feedback
575,Very good,5,2025-01-08,CBE,positive,0.9998520612716675,positive,0.4927,Other / General Feedback
576,Top,5,2025-01-07,CBE,positive,0.9997069239616394,positive,0.2023,Other / General Feedback
577,Great,5,2025-01-07,CBE,positive,0.9998630285263062,positive,0.6249,Other / General Feedback
578,"The worst app ever ,its better to use telebirr cbebirr is a trash",1,2025-01-06,CBE,negative,-0.9998113512992859,negative,-0.296,Transaction & Payment Issues
579,Use full app,1,2025-01-06,CBE,positive,0.9545434713363647,neutral,0.0,Other / General Feedback
580,NICE,5,2025-01-06,CBE,positive,0.9998552799224854,positive,0.4215,UI & Customer Experience
581,Good get more,3,2025-01-05,CBE,positive,0.9997233748435974,positive,0.4404,Other / General Feedback
582,Good,5,2025-01-04,CBE,positive,0.9998161196708679,positive,0.4404,Other / General Feedback
583,Best app,5,2025-01-04,CBE,positive,0.999686598777771,positive,0.6369,Other / General Feedback
584,good,5,2025-01-04,CBE,positive,0.9998161196708679,positive,0.4404,Other / General Feedback
585,Best regards,5,2025-01-03,CBE,positive,0.998794436454773,positive,0.6369,Other / General Feedback
586,Good 👍,5,2025-01-03,CBE,positive,0.9998576641082764,positive,0.4404,Other / General Feedback
587,good apps,5,2025-01-02,CBE,positive,0.9998608827590942,positive,0.4404,Other / General Feedback
588,"The app works well for transactions but fails in a key area: downloading receipts. Despite multiple attempts, I couldn’t download my fuel payment receipt, which is frustrating when receipts are essential for record-keeping or reimbursements. The interface is user-friendly, but this recurring issue diminishes its reliability. A payment app must ensure smooth access to transaction details. I hope the developers fix this in future updates, as it’s a major drawback in an otherwise functional app.",2,2025-01-01,CBE,negative,-0.9986684322357178,positive,0.0644,Account Access & Authentication
589,Doesn't even send otp verification 👎,1,2025-01-01,CBE,negative,-0.9993717074394226,neutral,0.0,Account Access & Authentication
590,Surprised app,5,2024-12-31,CBE,positive,0.9992629885673523,positive,0.2263,Other / General Feedback
591,Good,5,2024-12-30,CBE,positive,0.9998161196708679,positive,0.4404,Other / General Feedback
592,Thank you CBE,5,2024-12-30,CBE,positive,0.9997555613517761,positive,0.3612,Other / General Feedback
593,Best app,5,2024-12-30,CBE,positive,0.999686598777771,positive,0.6369,Other / General Feedback
594,App not work in my dvic,5,2024-12-29,CBE,negative,-0.9996659755706787,neutral,0.0,Other / General Feedback
595,This is the greatest app I have ever seen guys just believe me and try it,5,2024-12-28,CBE,positive,0.9996743202209473,positive,0.6369,Other / General Feedback
596,Good Cbebirr,5,2024-12-25,CBE,positive,0.995515763759613,positive,0.4404,Transaction & Payment Issues
597,Ok,5,2024-12-23,CBE,positive,0.9997851252555847,positive,0.296,Other / General Feedback
598,I love it,5,2024-12-23,CBE,positive,0.9998799562454224,positive,0.6369,UI & Customer Experience
599,Thank you,5,2024-12-21,CBE,positive,0.9998352527618408,positive,0.3612,Other / General Feedback
600,The app is not true,1,2024-12-20,CBE,negative,-0.999790608882904,negative,-0.3252,Other / General Feedback
601,Yes yes yes the only choice,5,2024-12-19,CBE,positive,0.9856160879135132,positive,0.7964,Other / General Feedback
602,Good app,4,2024-12-18,CBE,positive,0.9998493194580078,positive,0.4404,Other / General Feedback
603,"What the hell, it has many futures but non of them works, cbe please leave our country or solve it.",1,2024-12-14,CBE,negative,-0.9986162185668945,positive,0.2617,Other / General Feedback
604,Very good,1,2024-12-14,CBE,positive,0.9998520612716675,positive,0.4927,Other / General Feedback
605,Waaw very good 👍 apps for cbirr only my using or ever ⏲️time to transaction successfully 😀 👍,5,2024-12-13,CBE,positive,0.9865294694900513,positive,0.8357,Transaction & Payment Issues
606,Its very nice app,5,2024-12-12,CBE,positive,0.9998563528060913,positive,0.4754,UI & Customer Experience
607,perfect platform,5,2024-12-11,CBE,positive,0.9998775720596313,positive,0.5719,UI & Customer Experience
608,W are Unable To pay Internet Package through cbebirrplus. 😓😓😓,1,2024-12-07,CBE,negative,-0.9989835619926453,negative,-0.8316,Transaction & Payment Issues
609,Nice,5,2024-12-06,CBE,positive,0.9998552799224854,positive,0.4215,UI & Customer Experience
610,Great app convenient for making payments and transactions. Tnxs CBE 👏👏👏,5,2024-12-06,CBE,positive,0.996038556098938,positive,0.6249,Transaction & Payment Issues
611,Easy and fast App I ever seen,5,2024-12-06,CBE,positive,0.998342752456665,positive,0.4404,UI & Customer Experience
612,good app,5,2024-12-06,CBE,positive,0.9998493194580078,positive,0.4404,Other / General Feedback
613,Nice,4,2024-12-06,CBE,positive,0.9998552799224854,positive,0.4215,UI & Customer Experience
614,Good,5,2024-12-06,CBE,positive,0.9998161196708679,positive,0.4404,Other / General Feedback
615,NO GOOD,3,2024-12-05,CBE,negative,-0.9996987581253052,negative,-0.3412,Other / General Feedback
616,Is nice pltform,5,2024-12-04,CBE,positive,0.9992403984069824,positive,0.4215,UI & Customer Experience
617,great,5,2024-12-03,CBE,positive,0.9998630285263062,positive,0.6249,Other / General Feedback
618,Good,4,2024-12-03,CBE,positive,0.9998161196708679,positive,0.4404,Other / General Feedback
619,Best,5,2024-12-02,CBE,positive,0.9997941851615906,positive,0.6369,Other / General Feedback
620,Ok,5,2024-12-01,CBE,positive,0.9997851252555847,positive,0.296,Other / General Feedback
621,Wow I like CBE birr,5,2024-12-01,CBE,positive,0.9984353184700012,positive,0.743,Other / General Feedback
622,You made a great agent app for us,5,2024-12-01,CBE,positive,0.9996871948242188,positive,0.6249,Customer Support & Service
623,Does the cbebirr app micro loan micro saving start working? How do I upgraded to level 3?,5,2024-11-29,CBE,negative,-0.9984329342842102,neutral,0.0,Transaction & Payment Issues
624,"CBE birr plus We respect you who are brave for great change we your customers work with you and we want to grow in technological change But we always rely on your service but the protection of your service is also beautiful I have a question? -the question is CBE We want to use this birr but why during the transfer or the Executor leaves the money hanging, the money we transfer to care about is cut off and stay off the air.",5,2024-11-27,CBE,positive,0.9048624634742737,positive,0.9371,Transaction & Payment Issues
625,it is not exited as it said,3,2024-11-27,CBE,positive,0.9850136637687683,neutral,0.0,Other / General Feedback
626,It so very simple to use,5,2024-11-27,CBE,positive,0.9902695417404175,neutral,0.0,Other / General Feedback
627,"hello,my name is asefa bekele bassa.i was update centeral bank of egypt to centeral bank of ethiopia in spet.5.2023....in digital money transaction system.....this is our big way to develope our country economy,social and prosperty......and to make good trading way with global country.............etc.... ethiopia has exellente educated perone in all particpant.......this is good luck for our country..to transfer money in digital system in short period of time ..we are going with new innovetion.",5,2024-11-26,CBE,positive,0.9960189461708069,positive,0.8316,Transaction & Payment Issues
628,"its Best app, now I am Very Happy to Use Cbebirr simply",5,2024-11-25,CBE,positive,0.9994481205940247,positive,0.8479,Transaction & Payment Issues
629,Good app,5,2024-11-25,CBE,positive,0.9998493194580078,positive,0.4404,Other / General Feedback
630,I have not more experinc on phone,5,2024-11-24,CBE,negative,-0.9748240113258362,neutral,0.0,Other / General Feedback
631,Awesome,5,2024-11-24,CBE,positive,0.9998682737350464,positive,0.6249,Other / General Feedback
632,Ok,5,2024-11-23,CBE,positive,0.9997851252555847,positive,0.296,Other / General Feedback
633,Good review,4,2024-11-22,CBE,positive,0.99982750415802,positive,0.4404,Other / General Feedback
634,Good,4,2024-11-21,CBE,positive,0.9998161196708679,positive,0.4404,Other / General Feedback
635,Best,5,2024-11-20,CBE,positive,0.9997941851615906,positive,0.6369,Other / General Feedback
636,good,5,2024-11-19,CBE,positive,0.9998161196708679,positive,0.4404,Other / General Feedback
637,it is smart application,5,2024-11-17,CBE,positive,0.9997946619987488,positive,0.4019,Other / General Feedback
638,nice,5,2024-11-16,CBE,positive,0.9998552799224854,positive,0.4215,UI & Customer Experience
639,It is very important app,5,2024-11-16,CBE,positive,0.9997503161430359,positive,0.2716,Other / General Feedback
640,Good,3,2024-11-13,CBE,positive,0.9998161196708679,positive,0.4404,Other / General Feedback
641,Best Digital App,1,2024-11-12,CBE,positive,0.9997699856758118,positive,0.6369,Other / General Feedback
642,Good app,5,2024-11-12,CBE,positive,0.9998493194580078,positive,0.4404,Other / General Feedback
643,Best app,5,2024-11-12,CBE,positive,0.999686598777771,positive,0.6369,Other / General Feedback
644,CBE,2,2024-11-07,CBE,positive,0.9966009855270386,neutral,0.0,Other / General Feedback
645,Neseroaliye,5,2024-11-07,CBE,negative,-0.9879670739173889,neutral,0.0,Other / General Feedback
646,This app very nice and easy to use,5,2024-11-06,CBE,positive,0.9997797608375549,positive,0.7397,UI & Customer Experience
647,Ok,2,2024-11-06,CBE,positive,0.9997851252555847,positive,0.296,Other / General Feedback
648,Most favorable app to do everything in marketing system of Ethiopia now,5,2024-11-04,CBE,positive,0.9996466636657715,positive,0.5256,Other / General Feedback
649,Good app,4,2024-11-03,CBE,positive,0.9998493194580078,positive,0.4404,Other / General Feedback
650,Good,5,2024-11-01,CBE,positive,0.9998161196708679,positive,0.4404,Other / General Feedback
651,This is nice app help us easy to transfer money to all bank work in low network but buying mobile packages not working,5,2024-10-31,CBE,positive,0.9022274017333984,positive,0.4854,Transaction & Payment Issues
652,The bast,5,2024-10-29,CBE,positive,0.9994997978210449,neutral,0.0,Other / General Feedback
653,"The new cbebirr plus app is Amazing.It contains different features,graphics and make life simple.This shows how CBE is ever leading and Technology Adopting bank.Keep it up as CBE is ever great bank.......",5,2024-10-25,CBE,positive,0.9996848106384277,positive,0.6249,Transaction & Payment Issues
654,What a wonderful APP Tnxs CBE,5,2024-10-23,CBE,positive,0.9997268319129944,positive,0.5719,Other / General Feedback
655,Nice aplj ation,5,2024-10-23,CBE,positive,0.9994091987609863,positive,0.4215,UI & Customer Experience
656,I love this app,5,2024-10-23,CBE,positive,0.9998608827590942,positive,0.6369,UI & Customer Experience
657,CAN'T TRANSFER TO FRIENDS,5,2024-10-22,CBE,negative,-0.9865917563438416,negative,-0.3724,Transaction & Payment Issues
658,Mobile airtime package is it's not updated the system.why because This is a big institution why not update with the times,5,2024-10-19,CBE,negative,-0.9989417195320129,neutral,0.0,Other / General Feedback
659,good,5,2024-10-17,CBE,positive,0.9998161196708679,positive,0.4404,Other / General Feedback
660,Nice app and very useful finance app for wallet saving account android and apple usage,5,2024-10-16,CBE,positive,0.9994414448738098,positive,0.7178,UI & Customer Experience
661,Can I pay for google products using this app or any other things in Ethiopia? I'm so tried I need to buy products and apps😭😭😭 I'll give you 5 Stars after you respond to me.,1,2024-10-14,CBE,negative,-0.9669719934463501,negative,-0.8658,Transaction & Payment Issues
662,"They charge us 5 birr monthly for ""mobile banking"" but the app doesn't work properly. Can't pay bills, purchasing mobile card is impossible. You need to do better",1,2024-10-14,CBE,negative,-0.9993859529495239,positive,0.6479,Transaction & Payment Issues
663,Am happy for your service,5,2024-10-13,CBE,positive,0.9998608827590942,positive,0.5719,Customer Support & Service
664,This app better,5,2024-10-12,CBE,positive,0.9848430156707764,positive,0.4404,Other / General Feedback
665,Best app,5,2024-10-12,CBE,positive,0.999686598777771,positive,0.6369,Other / General Feedback
666,Best app,5,2024-10-12,CBE,positive,0.999686598777771,positive,0.6369,Other / General Feedback
667,Good,5,2024-10-11,CBE,positive,0.9998161196708679,positive,0.4404,Other / General Feedback
668,Latest version of CBE Birr Application,5,2024-10-11,CBE,positive,0.7715489864349365,neutral,0.0,Other / General Feedback
669,Loved it,5,2024-10-11,CBE,positive,0.9998797178268433,positive,0.5994,UI & Customer Experience
670,The most usefull app,5,2024-10-10,CBE,positive,0.997901201248169,neutral,0.0,Other / General Feedback
671,I prefer this app for any payment transaction with a nice network,4,2024-10-07,CBE,positive,0.9489550590515137,positive,0.4215,Transaction & Payment Issues
672,I admire you so much But I urge you to work hard!,5,2024-10-05,CBE,positive,0.9993982315063477,positive,0.1882,Other / General Feedback
673,I am retired old staff of CBE and like any people I use CBE birr even though transaction limited due to activities difference not involved in business. The same way experience to get rehearse and have more knowledge to use digital service has got its on part to have side effects. Please give me chance to get reserved balance where EEU failed to collect the month June consumption maybe on weekends not able to reach it.,5,2024-10-04,CBE,negative,-0.9987240433692932,positive,0.1346,Transaction & Payment Issues
674,"I find it very useful, I can access my main account, and especially the condominium repayment opportunity is superb, Thanks CBE!!!",5,2024-09-28,CBE,positive,0.999219536781311,positive,0.9309,Account Access & Authentication
675,Best,5,2024-09-27,CBE,positive,0.9997941851615906,positive,0.6369,Other / General Feedback
676,Ok,5,2024-09-27,CBE,positive,0.9997851252555847,positive,0.296,Other / General Feedback
677,Iwent to dowload CPE,1,2024-09-26,CBE,negative,-0.991986870765686,neutral,0.0,Other / General Feedback
678,is good,5,2024-09-26,CBE,positive,0.9998394250869751,positive,0.4404,Other / General Feedback
679,Ok,5,2024-09-25,CBE,positive,0.9997851252555847,positive,0.296,Other / General Feedback
680,very easy and useful,5,2024-09-24,CBE,positive,0.9998341798782349,positive,0.7474,UI & Customer Experience
681,Nice,4,2024-09-23,CBE,positive,0.9998552799224854,positive,0.4215,UI & Customer Experience
682,It is a helping app.,5,2024-09-22,CBE,positive,0.9985700845718384,positive,0.296,Customer Support & Service
683,#1 app good job,5,2024-09-21,CBE,positive,0.9997761845588684,positive,0.4404,Other / General Feedback
684,Thanks to cbe a great application,5,2024-09-21,CBE,positive,0.99977046251297,positive,0.7906,Other / General Feedback
685,Good,5,2024-09-18,CBE,positive,0.9998161196708679,positive,0.4404,Other / General Feedback
686,Best,5,2024-09-17,CBE,positive,0.9997941851615906,positive,0.6369,Other / General Feedback
687,Best,5,2024-09-16,CBE,positive,0.9997941851615906,positive,0.6369,Other / General Feedback
688,Good,5,2024-09-16,CBE,positive,0.9998161196708679,positive,0.4404,Other / General Feedback
689,Good,5,2024-09-14,CBE,positive,0.9998161196708679,positive,0.4404,Other / General Feedback
690,Good app tanks CBE,5,2024-09-14,CBE,positive,0.9980413913726807,positive,0.4404,Other / General Feedback
691,It's a great App,5,2024-09-13,CBE,positive,0.999862790107727,positive,0.6249,Other / General Feedback
692,Voucher number message is too let,5,2024-09-13,CBE,negative,-0.9994716048240662,positive,0.0772,Other / General Feedback
693,I m using cbe birr and in addition + is coming i think z service was big,4,2024-09-13,CBE,negative,-0.722521185874939,neutral,0.0,Customer Support & Service
694,Amazing app and best steam,2,2024-09-12,CBE,positive,0.9998657703399658,positive,0.8402,Other / General Feedback
695,Very nice qpp,5,2024-09-12,CBE,positive,0.9998669624328613,positive,0.4754,UI & Customer Experience
696,Good application,5,2024-09-12,CBE,positive,0.999854564666748,positive,0.4404,Other / General Feedback
697,Nice,5,2024-09-11,CBE,positive,0.9998552799224854,positive,0.4215,UI & Customer Experience
698,Wow this Cbe app is simple to use and very helpful thank you for making such a wonderful app for me & all of your cbe customers,5,2024-09-10,CBE,positive,0.999839186668396,positive,0.9242,Customer Support & Service
699,It is most important apps,5,2024-09-10,CBE,positive,0.999500036239624,positive,0.2716,Other / General Feedback
700,Deseabling to operate unless internernet connections so far,5,2024-09-10,CBE,negative,-0.999392032623291,neutral,0.0,App Performance & Stability
701,"Cbe birr app one of the change of cbe bank civilization it is modernized,secure and rely",5,2024-09-10,CBE,positive,0.9672785401344299,neutral,0.0,Other / General Feedback
702,Very much pleased with it.,5,2024-09-10,CBE,positive,0.9998646974563599,positive,0.4902,Other / General Feedback
703,its nice but why not start loan?,5,2024-09-09,CBE,negative,-0.9389205574989319,positive,0.2263,UI & Customer Experience
704,İt's good,5,2024-09-09,CBE,positive,0.9998360872268677,positive,0.4404,Other / General Feedback
705,Nice,5,2024-09-09,CBE,positive,0.9998552799224854,positive,0.4215,UI & Customer Experience
706,"Very nice update, I like the app",2,2024-09-09,CBE,positive,0.9998325109481812,positive,0.6801,UI & Customer Experience
707,I found it fantastic!,5,2024-09-09,CBE,positive,0.999882698059082,positive,0.5983,Other / General Feedback
708,Best,5,2024-09-09,CBE,positive,0.9997941851615906,positive,0.6369,Other / General Feedback
709,Very nice,1,2024-09-09,CBE,positive,0.9998563528060913,positive,0.4754,UI & Customer Experience
710,I'm just downloading it for the 25 birr gift,4,2024-09-09,CBE,negative,-0.973339319229126,positive,0.4404,App Performance & Stability
711,Good,5,2024-09-08,CBE,positive,0.9998161196708679,positive,0.4404,Other / General Feedback
712,It is time saver,5,2024-09-08,CBE,positive,0.9361149072647095,neutral,0.0,Other / General Feedback
713,Very good 👍,5,2024-09-08,CBE,positive,0.999870777130127,positive,0.4927,Other / General Feedback
714,Best App,4,2024-09-08,CBE,positive,0.999686598777771,positive,0.6369,Other / General Feedback
715,good,5,2024-09-08,CBE,positive,0.9998161196708679,positive,0.4404,Other / General Feedback
716,I using this app for a long time it is better to time consumption and easy to use,5,2024-09-08,CBE,negative,-0.9892386198043823,positive,0.7003,UI & Customer Experience
717,Esy to the way of life,3,2024-09-08,CBE,positive,0.9963194131851196,neutral,0.0,Other / General Feedback
718,"The system doesn't allowed members to download CBE BIRR Plus,it says your device SAMSUNG 6EDGE doesn't compatible to app...please solve it.",3,2024-09-08,CBE,negative,-0.9995380640029907,positive,0.2023,Other / General Feedback
719,I updated the application but i didn't get 25 birr reward!,1,2024-09-08,CBE,negative,-0.9968501925468445,positive,0.7463,Other / General Feedback
720,Excellent,5,2024-09-08,CBE,positive,0.9998434782028198,positive,0.5719,Other / General Feedback
721,"New version is nice , never give up",4,2024-09-08,CBE,positive,0.9998218417167664,positive,0.4215,UI & Customer Experience
722,It is known that there are a large number of users who own this application. But I found an error that shouldn't be high and extreme. I would like to prepare the application and report the error to CBE Birr only.,3,2024-09-08,CBE,negative,-0.9976412057876587,negative,-0.5113,App Performance & Stability
723,Good,5,2024-09-08,CBE,positive,0.9998161196708679,positive,0.4404,Other / General Feedback
724,Honestly it is customer friendly& it involves multiple options but there still the problem of recipient contents like beneficiaries name&address . pls fix it,5,2024-09-08,CBE,negative,-0.9789416790008545,positive,0.7876,Other / General Feedback
725,Fast and easy to use it,5,2024-09-07,CBE,positive,0.9993777275085449,positive,0.4404,UI & Customer Experience
726,"The app is cool,the problem is that you guys are still sticking to the old ways.since the app is to reduce time wastage due to going to branch offices why don't we register,activate ourselves this way it is all the way super coollll!!!",4,2024-09-07,CBE,positive,0.6185755133628845,positive,0.4724,Account Access & Authentication
727,App is for goodwork,1,2024-09-07,CBE,positive,0.9965772032737732,neutral,0.0,Other / General Feedback
728,Nice,5,2024-09-07,CBE,positive,0.9998552799224854,positive,0.4215,UI & Customer Experience
729,nice,1,2024-09-07,CBE,positive,0.9998552799224854,positive,0.4215,UI & Customer Experience
730,Best,3,2024-09-07,CBE,positive,0.9997941851615906,positive,0.6369,Other / General Feedback
731,Nice,3,2024-09-07,CBE,positive,0.9998552799224854,positive,0.4215,UI & Customer Experience
732,very best app,4,2024-09-07,CBE,positive,0.9998177886009216,positive,0.6697,Other / General Feedback
733,Nothing different,1,2024-09-07,CBE,negative,-0.996961772441864,neutral,0.0,Other / General Feedback
734,Most Useful Application,5,2024-09-07,CBE,positive,0.9988136291503906,positive,0.4927,Other / General Feedback
735,Amazing app,5,2024-09-07,CBE,positive,0.9998670816421509,positive,0.5859,Other / General Feedback
736,Nice,5,2024-09-07,CBE,positive,0.9998552799224854,positive,0.4215,UI & Customer Experience
737,Good,5,2024-09-07,CBE,positive,0.9998161196708679,positive,0.4404,Other / General Feedback
738,Very interesting finance platform👏,5,2024-09-07,CBE,positive,0.9994012117385864,positive,0.4576,Other / General Feedback
739,This is great,5,2024-09-07,CBE,positive,0.9998785257339478,positive,0.6249,Other / General Feedback
740,It's nice,5,2024-09-07,CBE,positive,0.9998672008514404,positive,0.4215,UI & Customer Experience
741,Good,5,2024-09-07,CBE,positive,0.9998161196708679,positive,0.4404,Other / General Feedback
742,Good app,5,2024-09-07,CBE,positive,0.9998493194580078,positive,0.4404,Other / General Feedback
743,nice and easy to use,5,2024-09-07,CBE,positive,0.9998689889907837,positive,0.6908,UI & Customer Experience
744,Effective and Efficiency app,5,2024-09-07,CBE,positive,0.999850869178772,positive,0.6808,Other / General Feedback
745,"Really there is great improvement,but also it needs more additional development as to be cbe birr Super application",5,2024-09-07,CBE,negative,-0.9978992938995361,positive,0.8505,Other / General Feedback
746,So good,5,2024-09-07,CBE,positive,0.999841570854187,positive,0.4927,Other / General Feedback
747,I have liked this CBE App exactly because it the most fantastic way of financing,5,2024-09-07,CBE,positive,0.9997506737709045,positive,0.7713,Other / General Feedback
748,Why don't you give The reward of 25 ETB for those who downloaded the application through the link you have informed?,1,2024-09-07,CBE,negative,-0.9980064034461975,positive,0.5719,Other / General Feedback
749,Excellent,5,2024-09-07,CBE,positive,0.9998434782028198,positive,0.5719,Other / General Feedback
750,"Though I am ur custemer, and Long time admirer of CBE, Recently I fail to cup up with the new features of CBEPluss... I fail to swith between my accounts, in the previous CBEBirr switching is allowed. due to this, although I got 10s of thousands of money coupled with in my previous logged in phone, I am not using the money",3,2024-09-07,CBE,negative,-0.9991291165351868,negative,-0.6369,Transaction & Payment Issues
751,"This app is very useful for digital banking,the reason for this everyone can use this app for this purpose",5,2024-09-07,CBE,negative,-0.791652262210846,positive,0.4927,Other / General Feedback
752,What amusing,5,2024-09-07,CBE,positive,0.9998173117637634,positive,0.3818,Other / General Feedback
753,Execlent app,5,2024-09-07,CBE,negative,-0.9906221032142639,neutral,0.0,Other / General Feedback
754,Happy to use it!,5,2024-09-07,CBE,positive,0.9998704195022583,positive,0.6114,Other / General Feedback
755,You are the best one,5,2024-09-07,CBE,positive,0.999868631362915,positive,0.6369,Other / General Feedback
756,Good,5,2024-09-07,CBE,positive,0.9998161196708679,positive,0.4404,Other / General Feedback
757,Very good,5,2024-09-07,CBE,positive,0.9998520612716675,positive,0.4927,Other / General Feedback
758,Good app,4,2024-09-07,CBE,positive,0.9998493194580078,positive,0.4404,Other / General Feedback
759,nice,5,2024-09-07,CBE,positive,0.9998552799224854,positive,0.4215,UI & Customer Experience
760,Nice,5,2024-09-07,CBE,positive,0.9998552799224854,positive,0.4215,UI & Customer Experience
761,Among best apps in the world!,5,2024-09-07,CBE,positive,0.9998235106468201,positive,0.6696,Other / General Feedback
762,WOW GOOD JOB,5,2024-09-07,CBE,positive,0.9998632669448853,positive,0.7717,Other / General Feedback
763,Excellent condition,5,2024-09-07,CBE,positive,0.9998388290405273,positive,0.5719,Other / General Feedback
764,Fast one,5,2024-09-07,CBE,positive,0.9994491934776306,neutral,0.0,Other / General Feedback
765,It is great,5,2024-09-07,CBE,positive,0.9998801946640015,positive,0.6249,Other / General Feedback
766,simple and good app.,4,2024-09-06,CBE,positive,0.9998735189437866,positive,0.4404,Other / General Feedback
767,#1 it's good,5,2024-09-06,CBE,positive,0.9998550415039062,positive,0.4404,Other / General Feedback
768,Good,5,2024-09-06,CBE,positive,0.9998161196708679,positive,0.4404,Other / General Feedback
769,Without atm out cash,1,2024-09-06,CBE,positive,0.7451504468917847,neutral,0.0,Other / General Feedback
770,This is Best app,5,2024-09-06,CBE,positive,0.9996013045310974,positive,0.6369,Other / General Feedback
771,"Great beginning,keep up the good work as a leading financial institution.",5,2024-09-06,CBE,positive,0.9998608827590942,positive,0.7906,Other / General Feedback
772,It is nice application .,5,2024-09-06,CBE,positive,0.9998440742492676,positive,0.4215,UI & Customer Experience
773,it is fast and good app,5,2024-09-06,CBE,positive,0.9998674392700195,positive,0.4404,Other / General Feedback
774,Good features are added. Tnx.,5,2024-09-06,CBE,positive,0.9991525411605835,positive,0.6124,Other / General Feedback
775,Good really interms of bankingsystem.,3,2024-09-06,CBE,positive,0.9992886781692505,positive,0.4404,Other / General Feedback
776,I like the app it's easy to use and convenient and got everything I need.,5,2024-09-06,CBE,positive,0.9992713332176208,positive,0.6597,UI & Customer Experience
777,good,5,2024-09-06,CBE,positive,0.9998161196708679,positive,0.4404,Other / General Feedback
778,I will be used,5,2024-09-06,CBE,positive,0.9814949631690979,neutral,0.0,Other / General Feedback
779,Yes I am interested,5,2024-09-06,CBE,positive,0.9996819496154785,positive,0.6597,Other / General Feedback
780,Good but,5,2024-09-05,CBE,positive,0.9998321533203125,positive,0.2382,Other / General Feedback
781,Nice,5,2024-09-05,CBE,positive,0.9998552799224854,positive,0.4215,UI & Customer Experience
782,Nice Apply,5,2024-09-05,CBE,positive,0.9997522234916687,positive,0.4215,UI & Customer Experience
783,Hello I'm Abdelahi Mohammed and I have a good interests of applications for using this applications so I want to thanks for the applications,5,2024-09-04,CBE,positive,0.9991551637649536,positive,0.8115,Other / General Feedback
784,Perfect Wow,5,2024-09-04,CBE,positive,0.9998375177383423,positive,0.8176,UI & Customer Experience
785,This App is the most secured and easily to use for anyone whom want to winn the 2024 BWIDI new produced reward for Ethiopian new year up coming as staff i wanna wish for all of you 👍good luck guys.......,5,2024-09-04,CBE,positive,0.9983888864517212,positive,0.9366,Other / General Feedback
786,Fast and reliable,4,2024-09-03,CBE,positive,0.9998595714569092,neutral,0.0,Other / General Feedback
787,The fastest one,1,2024-09-03,CBE,positive,0.9996482133865356,neutral,0.0,Other / General Feedback
788,Interesting,5,2024-09-03,CBE,positive,0.9998446702957153,positive,0.4019,Other / General Feedback
789,Ok,5,2024-09-02,CBE,positive,0.9997851252555847,positive,0.296,Other / General Feedback
790,a good app,5,2024-09-02,CBE,positive,0.999866247177124,positive,0.4404,Other / General Feedback
791,Thanks for,5,2024-09-01,CBE,positive,0.9997487664222717,positive,0.4404,Other / General Feedback
792,Nice one for transaction and withdraw. In addition for markets,5,2024-09-01,CBE,positive,0.9867739677429199,positive,0.4215,Transaction & Payment Issues
793,The new update on cbe birr it is amaizing i am really enjoining the app it's wonderful🙏,5,2024-09-01,CBE,positive,0.9969393014907837,positive,0.5719,Other / General Feedback
794,So amazing app 🙏,5,2024-08-30,CBE,positive,0.9998062252998352,positive,0.624,Other / General Feedback
795,It's just that the one-time full-year feel like it is not the best to do with it but payment with you is not,5,2024-08-30,CBE,negative,-0.9942517280578613,negative,-0.1114,Transaction & Payment Issues
796,I love it🙏🙏,5,2024-08-30,CBE,positive,0.9998080134391785,positive,0.6369,UI & Customer Experience
797,Love ❤️💕💕💕💕💕💕💕💕💕💕,5,2024-08-30,CBE,positive,0.9997313618659973,positive,0.9943,UI & Customer Experience
798,"The Application of cbe is so glad I'm very satisfied for use this Application b/c it can help u at any time and save u r energy,time and etc so please don't hesitate tu use our neighbours bank cbe",5,2024-08-29,CBE,positive,0.9745154976844788,positive,0.9511,Customer Support & Service
799,Wow CBE Birr,5,2024-08-28,CBE,positive,0.9948492646217346,positive,0.5859,Other / General Feedback
800,"Very smart , easy and highily essenitial platform for the current community of Ethiopia.",5,2024-08-28,CBE,positive,0.9998030066490173,positive,0.7316,UI & Customer Experience
801,Excellent,5,2024-08-27,CBE,positive,0.9998434782028198,positive,0.5719,Other / General Feedback
802,Cbe app best cbe,4,2024-08-27,CBE,positive,0.9641075134277344,positive,0.6369,Other / General Feedback
803,Nice app,5,2024-08-27,CBE,positive,0.9998061060905457,positive,0.4215,UI & Customer Experience
804,The greatest app of all time,5,2024-08-27,CBE,positive,0.9998282194137573,positive,0.6369,Other / General Feedback
805,Nice to see this upgraded version.,5,2024-08-26,CBE,positive,0.9996626377105713,positive,0.4215,UI & Customer Experience
806,"The app is very good as compared to the other mobile money, but take this comment as input for the next version multiple account login should be created currently we are clearing storage to login and better to add transfer to telebirr thank you",4,2024-08-25,CBE,negative,-0.9895600080490112,positive,0.8933,Account Access & Authentication
807,Good,5,2024-08-25,CBE,positive,0.9998161196708679,positive,0.4404,Other / General Feedback
808,👍 excellent 👌,4,2024-08-24,CBE,positive,0.9997386336326599,positive,0.87,Other / General Feedback
809,Exited,5,2024-08-24,CBE,negative,-0.9945141077041626,neutral,0.0,Other / General Feedback
810,Im really happy thanks 👍👍👍👍👍,5,2024-08-23,CBE,positive,0.9998483657836914,positive,0.8004,Other / General Feedback
811,Good,5,2024-08-22,CBE,positive,0.9998161196708679,positive,0.4404,Other / General Feedback
812,Good,5,2024-08-22,CBE,positive,0.9998161196708679,positive,0.4404,Other / General Feedback
813,I am using CBEBirr and CBE mobile banking. They are very good for transfering money without the need to go to bank.,5,2024-08-22,CBE,positive,0.9981060028076172,positive,0.4927,Transaction & Payment Issues
814,Oh it is best app,5,2024-08-22,CBE,positive,0.9996484518051147,positive,0.6369,Other / General Feedback
815,Best,2,2024-08-22,CBE,positive,0.9997941851615906,positive,0.6369,Other / General Feedback
816,Great experiance,5,2024-08-22,CBE,positive,0.999472439289093,positive,0.6249,Other / General Feedback
817,Ok 👍,5,2024-08-21,CBE,positive,0.9981088638305664,positive,0.296,Other / General Feedback
818,Good app,5,2024-08-21,CBE,positive,0.9998493194580078,positive,0.4404,Other / General Feedback
819,It's a good app especially in small data can use it but still can't work micro debit ..why?,5,2024-08-21,CBE,negative,-0.9920180439949036,positive,0.2382,Other / General Feedback
820,This app is saying your phone is rooted 🤬,1,2024-08-21,CBE,negative,-0.972515881061554,neutral,0.0,Other / General Feedback
821,ok,2,2024-08-21,CBE,positive,0.9997851252555847,positive,0.296,Other / General Feedback
822,Very good app.,5,2024-08-20,CBE,positive,0.9998669624328613,positive,0.4927,Other / General Feedback
823,App Size is 50MB. Why ? As example Telegram app size is under<50MB. Why CBEbirr app so big?,3,2024-08-19,CBE,negative,-0.9980937838554382,neutral,0.0,Transaction & Payment Issues
824,It's good,3,2024-08-19,CBE,positive,0.9998360872268677,positive,0.4404,Other / General Feedback
825,It's very important app for me,5,2024-08-19,CBE,positive,0.9995311498641968,positive,0.2716,Other / General Feedback
826,Good App.,5,2024-08-19,CBE,positive,0.9998503923416138,positive,0.4404,Other / General Feedback
827,Exceptional App!!,5,2024-08-19,CBE,positive,0.9998396635055542,neutral,0.0,Other / General Feedback
828,good App,5,2024-08-19,CBE,positive,0.9998493194580078,positive,0.4404,Other / General Feedback
829,Best app,5,2024-08-18,CBE,positive,0.999686598777771,positive,0.6369,Other / General Feedback
830,CBE Birr plus is the best of best in Ethiopia,5,2024-08-18,CBE,positive,0.9997754693031311,positive,0.8555,Other / General Feedback
831,It Is Easy To Use.,5,2024-08-18,CBE,positive,0.9993453621864319,positive,0.4404,UI & Customer Experience
832,Great 👍,4,2024-08-18,CBE,positive,0.9997692704200745,positive,0.6249,Other / General Feedback
833,Excellent,5,2024-08-18,CBE,positive,0.9998434782028198,positive,0.5719,Other / General Feedback
834,"it,so good",3,2024-08-18,CBE,positive,0.999850869178772,positive,0.4404,Other / General Feedback
835,it good,2,2024-08-17,CBE,positive,0.9998427629470825,positive,0.4404,Other / General Feedback
836,best,5,2024-08-17,CBE,positive,0.9997941851615906,positive,0.6369,Other / General Feedback
837,"Wow Great App,I like it.",5,2024-08-17,CBE,positive,0.9998583793640137,positive,0.886,Other / General Feedback
838,I loved it very much!!!!!,5,2024-08-17,CBE,positive,0.9998766183853149,positive,0.7243,UI & Customer Experience
839,Fast and secure app Also I liked additional feutures incorporated,5,2024-08-17,CBE,positive,0.9978050589561462,positive,0.6369,Other / General Feedback
840,Best apps,5,2024-08-17,CBE,positive,0.999784529209137,positive,0.6369,Other / General Feedback
841,"The Commercial Bank of Ethiopia stands out for its exceptional convenience, surpassing others I've encountered. I deeply appreciate their relentless efforts in bridging cutting-edge technology with real-world applications. Their dedication is truly commendable. 💪💪💪",5,2024-08-17,CBE,positive,0.9998433589935303,positive,0.7474,Other / General Feedback
842,"it's very amazing app we can sign in simply by using phone number,we can pay bills, electricity,traffic penality and so on.I named it ""Mobile FAYDA card"" means it has many service!☺️",5,2024-08-17,CBE,positive,0.9990664124488831,positive,0.7897,Account Access & Authentication
843,"Fast, secure and safest way to over hand",5,2024-08-17,CBE,positive,0.9992256164550781,positive,0.8074,Other / General Feedback
844,Relly it is beast app for banking,5,2024-08-17,CBE,positive,0.7475730180740356,neutral,0.0,Other / General Feedback
845,Best,1,2024-08-16,CBE,positive,0.9997941851615906,positive,0.6369,Other / General Feedback
846,CBE Birr plus the best choice,5,2024-08-16,CBE,positive,0.9995916485786438,positive,0.6369,Other / General Feedback
847,Good,2,2024-08-16,CBE,positive,0.9998161196708679,positive,0.4404,Other / General Feedback
848,It need to help be voice of blocked the code!,1,2024-08-16,CBE,negative,-0.9994275569915771,positive,0.2244,Account Access & Authentication
849,This app is the best there is no defeculte,4,2024-08-16,CBE,positive,0.9913594126701355,positive,0.4588,Other / General Feedback
850,"An excellent cbe birr app 100%, just go ahead.",5,2024-08-15,CBE,positive,0.999294638633728,positive,0.5719,Other / General Feedback
851,How can I download national id pdf on cbe birr?,5,2024-08-15,CBE,negative,-0.9982805252075195,neutral,0.0,Other / General Feedback
852,Excellent,5,2024-08-15,CBE,positive,0.9998434782028198,positive,0.5719,Other / General Feedback
853,Excellent user,5,2024-08-15,CBE,positive,0.9998536109924316,positive,0.5719,Other / General Feedback
854,Good,5,2024-08-12,CBE,positive,0.9998161196708679,positive,0.4404,Other / General Feedback
855,Actually is good app,5,2024-08-12,CBE,positive,0.9998452663421631,positive,0.4404,Other / General Feedback
856,This app is very good to me I appreciate it,5,2024-08-12,CBE,positive,0.9998726844787598,positive,0.7089,Other / General Feedback
857,Cbe Nur,5,2024-08-11,CBE,positive,0.9895508885383606,neutral,0.0,Other / General Feedback
858,Very best and fast app,5,2024-08-11,CBE,positive,0.9998538494110107,positive,0.6697,Other / General Feedback
859,OK this is,5,2024-08-10,CBE,positive,0.999656081199646,positive,0.4466,Other / General Feedback
860,Well built app,5,2024-08-10,CBE,positive,0.9997805953025818,positive,0.2732,UI & Customer Experience
861,tanks for easy everything,5,2024-08-10,CBE,negative,-0.9961417317390442,positive,0.4404,UI & Customer Experience
862,Better than cbe mobile banking,5,2024-08-09,CBE,positive,0.9991666078567505,positive,0.4404,Other / General Feedback
863,Ok,5,2024-08-08,CBE,positive,0.9997851252555847,positive,0.296,Other / General Feedback
864,nice app,5,2024-08-08,CBE,positive,0.9998061060905457,positive,0.4215,UI & Customer Experience
865,Good 👍,5,2024-08-08,CBE,positive,0.9998576641082764,positive,0.4404,Other / General Feedback
866,Satisfied in your work,5,2024-08-07,CBE,positive,0.999840497970581,positive,0.4215,Other / General Feedback
867,Amezing and very fast app for use,5,2024-08-06,CBE,positive,0.9989161491394043,neutral,0.0,Other / General Feedback
868,good,5,2024-08-05,CBE,positive,0.9998161196708679,positive,0.4404,Other / General Feedback
869,"CBEBirr is a fantastic app! With its user-friendly interface and expanded range of services, it has made my financial transactions so much easier. I love that I can process payments for various services, including BeU Delivery, Ethiopian Airlines tickets, and DSTV subscriptions. The recent upgrade has definitely enhanced my experience. Kudos to the team at CBE for their strategic move in Ethiopia’s digital payment landscape!",5,2024-08-05,CBE,positive,0.9997512698173523,positive,0.9549,Transaction & Payment Issues
870,MLS not as stated as on application. How score solution given is not clear. Terms and conditions are not approved for CBE BIRR costumer except CBE employees. You should act atleast as telebirr,3,2024-08-05,CBE,negative,-0.9994304776191711,negative,-0.2996,Other / General Feedback
871,Excellent feature.,5,2024-08-05,CBE,positive,0.9998606443405151,positive,0.5719,Other / General Feedback
872,So amazing one,5,2024-08-04,CBE,positive,0.999876856803894,positive,0.624,Other / General Feedback
873,Excellent app user,5,2024-08-04,CBE,positive,0.9998379945755005,positive,0.5719,Other / General Feedback
874,very good apps.,4,2024-08-03,CBE,positive,0.9998767375946045,positive,0.4927,Other / General Feedback
875,Perfect,5,2024-08-03,CBE,positive,0.9998517036437988,positive,0.5719,UI & Customer Experience
876,Best,1,2024-08-03,CBE,positive,0.9997941851615906,positive,0.6369,Other / General Feedback
877,Good application to help finance app and Internet access to use wallet cbebirr plus app store and online store to store it and buy and sell business in android phone 📱 and then use the same work with mobile banking privacy crppod.cbe and Microsoft Office will also provide you with latest app versions and features that you can use to make money online for free and free online and map view zipcode for sure and save you in this company and country financial services app browser exchange rate,5,2024-08-02,CBE,positive,0.9854759573936462,positive,0.9493,Account Access & Authentication
878,I have a long time experience of using this app. It's the most helpful application i ever encountered,5,2024-08-02,CBE,positive,0.9994588494300842,positive,0.4754,Customer Support & Service
879,Vary good app,5,2024-08-02,CBE,positive,0.9998146891593933,positive,0.4404,Other / General Feedback
880,Best,1,2024-08-02,CBE,positive,0.9997941851615906,positive,0.6369,Other / General Feedback
881,commercial bank of Ethiopia thanks very nice app keep improving it with future technology,5,2024-08-01,CBE,positive,0.9996411800384521,positive,0.8313,UI & Customer Experience
882,This app has a great rating I hold trustworthy Thanks so much,5,2024-08-01,CBE,positive,0.9995834231376648,positive,0.891,Other / General Feedback
883,Nice,4,2024-08-01,CBE,positive,0.9998552799224854,positive,0.4215,UI & Customer Experience
884,I love the application it is user friendly Perfect,5,2024-08-01,CBE,positive,0.9998273849487305,positive,0.9022,UI & Customer Experience
885,Nice,5,2024-07-31,CBE,positive,0.9998552799224854,positive,0.4215,UI & Customer Experience
886,"Am Asegid Batu I,was born 1951 eth.calender",5,2024-07-31,CBE,positive,0.9664531946182251,neutral,0.0,Other / General Feedback
887,Very good,5,2024-07-30,CBE,positive,0.9998520612716675,positive,0.4927,Other / General Feedback
888,Situation with rooted mobile phone now solved!,5,2024-07-29,CBE,negative,-0.930882453918457,positive,0.3382,Other / General Feedback
889,I got extra ordinary user experience with the app.,5,2024-07-29,CBE,negative,-0.6467675566673279,neutral,0.0,Other / General Feedback
890,Great,5,2024-07-29,CBE,positive,0.9998630285263062,positive,0.6249,Other / General Feedback
891,Good,5,2024-07-27,CBE,positive,0.9998161196708679,positive,0.4404,Other / General Feedback
892,It is too bad don't install it. It displays Network erorr,1,2024-07-27,CBE,negative,-0.9981593489646912,negative,-0.5423,App Performance & Stability
893,"Loan provider for month,week and daily,up to 30,000birr I live it!",5,2024-07-27,CBE,negative,-0.9422731995582581,neutral,0.0,Other / General Feedback
894,Fine,5,2024-07-26,CBE,positive,0.9998335838317871,positive,0.2023,Other / General Feedback
895,Best app,5,2024-07-26,CBE,positive,0.999686598777771,positive,0.6369,Other / General Feedback
896,good for use,5,2024-07-26,CBE,positive,0.9996644258499146,positive,0.4404,Other / General Feedback
897,"I loved the new version of CBE birr app. it's easier to use and has a lot of options to make payments, lons with less interest rate compared to other related applications",5,2024-07-26,CBE,positive,0.8495532870292664,positive,0.8558,Transaction & Payment Issues
898,It is good in many aspects but when transfer made from cbebirr to cbe account it does not show from whom the money is received.,4,2024-07-26,CBE,negative,-0.9924736022949219,positive,0.2382,Transaction & Payment Issues
899,Best,5,2024-07-26,CBE,positive,0.9997941851615906,positive,0.6369,Other / General Feedback
900,WOW amazing.,5,2024-07-26,CBE,positive,0.9998679161071777,positive,0.8531,Other / General Feedback
901,Cbe Birr just got much much improved thanks for the update. CBE The Bank We Can Always Rely On😍,5,2024-07-26,CBE,positive,0.9970282912254333,positive,0.8402,Other / General Feedback
902,Best apps,5,2024-07-26,CBE,positive,0.999784529209137,positive,0.6369,Other / General Feedback
903,"Very exceptional app used ever. Various features are added to the app makes life easy,saves both money and time. Link your account to your cbebirr and you can transact on both accounts through this app.",5,2024-07-26,CBE,positive,0.9986911416053772,neutral,0.0,Transaction & Payment Issues
904,"The app has some good new features, but I'm having trouble changing between accounts. If I'm logged in, it saves my phone number and I can't remove it. The only option seems to be to uninstall the app and install it again, which is inconvenient.",4,2024-07-26,CBE,negative,-0.9993334412574768,negative,-0.6428,Other / General Feedback
905,Nice,4,2024-07-25,CBE,positive,0.9998552799224854,positive,0.4215,UI & Customer Experience
906,Good,3,2024-07-25,CBE,positive,0.9998161196708679,positive,0.4404,Other / General Feedback
907,It is easy and comfortable app,5,2024-07-25,CBE,positive,0.9997861981391907,positive,0.7351,UI & Customer Experience
908,It's very Nice app I like it and I recommend everyone to use this solution app for everything,1,2024-07-25,CBE,positive,0.99981290102005,positive,0.8663,UI & Customer Experience
909,Good jobs keep it up This type of Apps,5,2024-07-25,CBE,positive,0.9997606873512268,positive,0.4404,Other / General Feedback
910,It's simple and flexible app,5,2024-07-25,CBE,positive,0.999806821346283,positive,0.2263,Other / General Feedback
911,"Good update, USSD service removed, and works well with Internet connection, pls add login/logout option for 2 SIM service support to get my *****was my comment 2 years back. Login/Logout option added and then removed. Annoying 😞",1,2024-07-25,CBE,negative,-0.9868230819702148,positive,0.296,Account Access & Authentication
912,Easy and nice app,4,2024-07-25,CBE,positive,0.9998552799224854,positive,0.6908,UI & Customer Experience
913,Nice,5,2024-07-25,CBE,positive,0.9998552799224854,positive,0.4215,UI & Customer Experience
914,Best and safe,5,2024-07-25,CBE,positive,0.9998127818107605,positive,0.7964,Other / General Feedback
915,am so hope full,5,2024-07-25,CBE,positive,0.9994669556617737,positive,0.4927,Other / General Feedback
916,it is very easy and suitable app,5,2024-07-25,CBE,positive,0.9997684359550476,positive,0.4927,UI & Customer Experience
917,Good and User friend application !!!⭐⭐⭐⭐⭐,5,2024-07-25,CBE,positive,0.9991378784179688,positive,0.7891,Other / General Feedback
918,Quality products with multiple services,5,2024-07-25,CBE,positive,0.9987319111824036,neutral,0.0,Customer Support & Service
919,Great app for finance,4,2024-07-25,CBE,positive,0.9996523857116699,positive,0.6249,Other / General Feedback
920,Good app,5,2024-07-25,CBE,positive,0.9998493194580078,positive,0.4404,Other / General Feedback
921,Wow! I like all updates,5,2024-07-25,CBE,positive,0.999778687953949,positive,0.7644,Other / General Feedback
922,It's good. It will become very great if the apk gives transaction information in a more Detailed way.,4,2024-07-25,CBE,positive,0.9998564720153809,positive,0.807,Transaction & Payment Issues
923,There is not enough superlatives to describe this app. I never seen like this app fast and safe.keep it up.,5,2024-07-25,CBE,positive,0.8161813020706177,negative,-0.2755,Other / General Feedback
924,"I am really enjoying the app! the new features and graphics are great. Suggesting that the bank develop an app for agents is a valuable idea, as it could enhance their efficiency and service.",5,2024-07-25,CBE,positive,0.9998586177825928,positive,0.9285,Customer Support & Service
925,I'm Abraham moges worku can I youths this app as my wallet to receive money online from anywhere digital paying services?,5,2024-07-23,CBE,negative,-0.9964233040809631,neutral,0.0,Transaction & Payment Issues
926,Good,5,2024-07-23,CBE,positive,0.9998161196708679,positive,0.4404,Other / General Feedback
927,Best app,5,2024-07-20,CBE,positive,0.999686598777771,positive,0.6369,Other / General Feedback
928,good application,5,2024-07-19,CBE,positive,0.999854564666748,positive,0.4404,Other / General Feedback
929,Nice app,5,2024-07-19,CBE,positive,0.9998061060905457,positive,0.4215,UI & Customer Experience
930,It is unique app specially after updating the app,5,2024-07-19,CBE,positive,0.9980990290641785,neutral,0.0,Other / General Feedback
931,More thank you,5,2024-07-18,CBE,positive,0.999854326248169,positive,0.4201,Other / General Feedback
932,Nice!,4,2024-07-18,CBE,positive,0.999863862991333,positive,0.4753,UI & Customer Experience
933,It is veryvery nice app realy,5,2024-07-18,CBE,positive,0.9998030066490173,positive,0.4215,UI & Customer Experience
934,Good,5,2024-07-15,CBE,positive,0.9998161196708679,positive,0.4404,Other / General Feedback
935,Good,5,2024-07-14,CBE,positive,0.9998161196708679,positive,0.4404,Other / General Feedback
936,Nice,5,2024-07-14,CBE,positive,0.9998552799224854,positive,0.4215,UI & Customer Experience
937,Number one stay updated ever,5,2024-07-14,CBE,positive,0.9996452331542969,positive,0.0772,Other / General Feedback
938,LOVE CBE!!!!!,5,2024-07-12,CBE,positive,0.9994966983795166,positive,0.7482,UI & Customer Experience
939,OK,5,2024-07-12,CBE,positive,0.9997851252555847,positive,0.296,Other / General Feedback
940,It is nice app.,5,2024-07-11,CBE,positive,0.9998434782028198,positive,0.4215,UI & Customer Experience
941,really nice application!,5,2024-07-10,CBE,positive,0.999842643737793,positive,0.5244,UI & Customer Experience
942,Very nice update !! I love it really super app #Specifically account link option makes it unique which enables user to directly deduct from their Account !!!,5,2024-07-10,CBE,positive,0.9997015595436096,positive,0.9281,UI & Customer Experience
943,Best,5,2024-07-10,CBE,positive,0.9997941851615906,positive,0.6369,Other / General Feedback
944,Good,5,2024-07-10,CBE,positive,0.9998161196708679,positive,0.4404,Other / General Feedback
945,Wow its amazing 💪,5,2024-07-10,CBE,positive,0.999803364276886,positive,0.8225,Other / General Feedback
946,"Simple ,easy app",5,2024-07-10,CBE,positive,0.9988605976104736,positive,0.4404,UI & Customer Experience
947,Best app easy to use tnx cbe,5,2024-07-10,CBE,positive,0.9917731881141663,positive,0.8481,UI & Customer Experience
948,Excellent,5,2024-07-10,CBE,positive,0.9998434782028198,positive,0.5719,Other / General Feedback
949,Number one!!!!,5,2024-07-10,CBE,positive,0.9997459053993225,positive,0.3544,Other / General Feedback
950,Amazing experience,5,2024-07-10,CBE,positive,0.9998812675476074,positive,0.5859,Other / General Feedback
951,What an amazing app of mobile money keep up Our Bank CBE The bank always relay on😍😍😍,5,2024-07-09,CBE,positive,0.9993003606796265,positive,0.9153,Transaction & Payment Issues
952,Stupid and took my money could not return it,1,2024-07-09,CBE,negative,-0.9997431635856628,negative,-0.5267,Transaction & Payment Issues
953,I like this app but it doesn't work on national id properly you have to look that,4,2024-07-08,CBE,negative,-0.9991148114204407,positive,0.1901,UI & Customer Experience
954,Good,5,2024-07-06,CBE,positive,0.9998161196708679,positive,0.4404,Other / General Feedback
955,Good,5,2024-07-06,CBE,positive,0.9998161196708679,positive,0.4404,Other / General Feedback
956,Thank you there are app very uselly,1,2024-07-06,CBE,positive,0.9971039891242981,positive,0.3612,Other / General Feedback
957,Ok,5,2024-07-04,CBE,positive,0.9997851252555847,positive,0.296,Other / General Feedback
958,Fast,5,2024-07-03,CBE,positive,0.9989494681358337,neutral,0.0,Other / General Feedback
959,Very poor and incompetent application I ever see. You should do something to improve the network.,1,2024-07-03,CBE,negative,-0.9991552829742432,negative,-0.5936,App Performance & Stability
960,Ok,5,2024-07-03,CBE,positive,0.9997851252555847,positive,0.296,Other / General Feedback
961,"The best bank has always kept the faith, keep it up",5,2024-07-01,CBE,positive,0.9998101592063904,positive,0.7906,Other / General Feedback
962,Top,5,2024-06-30,CBE,positive,0.9997069239616394,positive,0.2023,Other / General Feedback
963,Great,5,2024-06-29,CBE,positive,0.9998630285263062,positive,0.6249,Other / General Feedback
964,This app version block/ lock pin codes.,1,2024-06-28,CBE,negative,-0.9897387623786926,negative,-0.4404,Account Access & Authentication
965,Vary happy ok,5,2024-06-28,CBE,positive,0.9998594522476196,positive,0.7096,Other / General Feedback
966,It is a Great app,4,2024-06-28,CBE,positive,0.9998348951339722,positive,0.6249,Other / General Feedback
967,Best,5,2024-06-28,CBE,positive,0.9997941851615906,positive,0.6369,Other / General Feedback
968,Best,5,2024-06-28,CBE,positive,0.9997941851615906,positive,0.6369,Other / General Feedback
969,Its great am very happy to use this valuable app,5,2024-06-28,CBE,positive,0.999835729598999,positive,0.9139,Other / General Feedback
970,This application is made my life better and take simple life,5,2024-06-26,CBE,positive,0.950644850730896,positive,0.4404,Other / General Feedback
971,Really very amazing app. User friendly enough,5,2024-06-26,CBE,positive,0.9998739957809448,positive,0.8211,UI & Customer Experience
972,"This app is very important for everyone, to simplify the life. So I love it.",2,2024-06-26,CBE,positive,0.9998528957366943,positive,0.763,UI & Customer Experience
973,Cbe,5,2024-06-26,CBE,positive,0.9966009855270386,neutral,0.0,Other / General Feedback
974,I Love cbe for everything. Because the Mather of Ethiopian finance.,5,2024-06-26,CBE,positive,0.9992437362670898,positive,0.6369,UI & Customer Experience
975,"It has been updated nicely but the receipts didn't including the receivers name and account or phone number. In addition it frequently say ""internal system error"". Fix it again.",4,2024-06-26,CBE,negative,-0.9974919557571411,negative,-0.2846,App Performance & Stability
976,"Good program ,",5,2024-06-26,CBE,positive,0.9998540878295898,positive,0.4404,Other / General Feedback
977,It's nice,4,2024-06-26,CBE,positive,0.9998672008514404,positive,0.4215,UI & Customer Experience
978,Good,5,2024-06-25,CBE,positive,0.9998161196708679,positive,0.4404,Other / General Feedback
979,Good Experience,5,2024-06-25,CBE,positive,0.9998599290847778,positive,0.4404,Other / General Feedback
980,I wish you all the best!!!,5,2024-06-25,CBE,positive,0.9997362494468689,positive,0.8306,Other / General Feedback
981,Best application really,5,2024-06-25,CBE,positive,0.9997977614402771,positive,0.6369,Other / General Feedback
982,Best,5,2024-06-25,CBE,positive,0.9997941851615906,positive,0.6369,Other / General Feedback
983,Ok,5,2024-06-25,CBE,positive,0.9997851252555847,positive,0.296,Other / General Feedback
984,Good Mobile app.narration problem.,5,2024-06-25,CBE,positive,0.996703565120697,positive,0.0516,Other / General Feedback
985,My #1 app for any digital transactions.,5,2024-06-25,CBE,positive,0.816651463508606,neutral,0.0,Transaction & Payment Issues
986,Good,5,2024-06-25,CBE,positive,0.9998161196708679,positive,0.4404,Other / General Feedback
987,Nice app,5,2024-06-25,CBE,positive,0.9998061060905457,positive,0.4215,UI & Customer Experience
988,Good,5,2024-06-24,CBE,positive,0.9998161196708679,positive,0.4404,Other / General Feedback
989,Easy to use,5,2024-06-24,CBE,positive,0.9988542795181274,positive,0.4404,UI & Customer Experience
990,No working,1,2024-06-24,CBE,negative,-0.99951171875,negative,-0.296,Other / General Feedback
991,Woow it is so amaizing app,5,2024-06-24,CBE,negative,-0.9418540596961975,neutral,0.0,Other / General Feedback
992,Appe is important for us about,4,2024-06-23,CBE,positive,0.9991781115531921,positive,0.2023,Other / General Feedback
993,"It is good because of additional services like Micro saving, loan and others many services.On another hand,it was working in different languages(Afaan Oromoo, Af Somali, Affar,Tigre language....etc.But now you omitted them.Why?",5,2024-06-22,CBE,negative,-0.974837601184845,positive,0.6597,Customer Support & Service
994,Great! Great! Great! Other unseen things can be improved based on our beloved customers feedback and comment.,5,2024-06-22,CBE,positive,0.9996823072433472,positive,0.9665,UI & Customer Experience
995,Good,3,2024-06-22,CBE,positive,0.9998161196708679,positive,0.4404,Other / General Feedback
996,Good where is transfer to telebirr 🙄🙄,5,2024-06-22,CBE,positive,0.9402896761894226,positive,0.4404,Transaction & Payment Issues
997,Good apps,5,2024-06-21,CBE,positive,0.9998608827590942,positive,0.4404,Other / General Feedback
998,Says rooted device falsely. Doesnt work,1,2024-06-21,CBE,negative,-0.9997456669807434,neutral,0.0,Other / General Feedback
999,Good,5,2024-06-20,CBE,positive,0.9998161196708679,positive,0.4404,Other / General Feedback
1000,The recent update is amazing.Keep updated and thank you.,4,2024-06-20,CBE,positive,0.9998846054077148,positive,0.3612,Other / General Feedback
1001,"My Last comment was ""Please add search menu on water utility payment column ,since it has a lot of option."" And the updated oneis amazing.",5,2024-06-19,CBE,positive,0.9996572732925415,positive,0.7269,Transaction & Payment Issues
1002,Best App,5,2024-06-18,CBE,positive,0.999686598777771,positive,0.6369,Other / General Feedback
1003,The new apedate cbe is to much steps problems ⚠️,1,2024-06-18,CBE,negative,-0.9969472289085388,negative,-0.4019,Other / General Feedback
1004,Very nice,5,2024-06-17,CBE,positive,0.9998563528060913,positive,0.4754,UI & Customer Experience
1005,Good,5,2024-06-10,CBE,positive,0.9998161196708679,positive,0.4404,Other / General Feedback
1006,Wonderful Wow,5,2024-06-08,CBE,positive,0.9998801946640015,positive,0.8176,Other / General Feedback
1007,Interested,3,2024-06-07,CBE,positive,0.9997398257255554,positive,0.4019,Other / General Feedback
1008,It's,5,2024-06-04,CBE,positive,0.9988478422164917,neutral,0.0,Other / General Feedback
1009,Great app,5,2024-06-03,CBE,positive,0.999821126461029,positive,0.6249,Other / General Feedback
1010,Crippled app.,1,2024-06-02,CBE,negative,-0.9997907280921936,neutral,0.0,Other / General Feedback
1011,As I see the review it has good feedback from former users.,5,2024-05-31,CBE,positive,0.9996731281280518,positive,0.4404,Other / General Feedback
1012,so easy,5,2024-05-28,CBE,positive,0.995724081993103,positive,0.4927,UI & Customer Experience
1013,Best,5,2024-05-27,CBE,positive,0.9997941851615906,positive,0.6369,Other / General Feedback
1014,Why this app donot worked on this device or phone?,5,2024-05-21,CBE,negative,-0.9992905855178833,neutral,0.0,Other / General Feedback
1015,Best apo,5,2024-05-20,CBE,positive,0.9997413754463196,positive,0.6369,Other / General Feedback
1016,Good app,5,2024-05-18,CBE,positive,0.9998493194580078,positive,0.4404,Other / General Feedback
1017,Good app,5,2024-05-17,CBE,positive,0.9998493194580078,positive,0.4404,Other / General Feedback
1018,I am interested this application is very important easy transfer and withdraw from each other.,5,2024-05-16,CBE,negative,-0.932858407497406,positive,0.7889,Transaction & Payment Issues
1019,I Love it CBE and The technologies for cbe apps and mobile banking !,5,2024-05-15,CBE,positive,0.9998388290405273,positive,0.6696,UI & Customer Experience
1020,Excellent,5,2024-05-14,CBE,positive,0.9998434782028198,positive,0.5719,Other / General Feedback
1021,International worker,5,2024-05-12,CBE,positive,0.9971997737884521,neutral,0.0,Other / General Feedback
1022,It's good.,4,2024-05-10,CBE,positive,0.9998331069946289,positive,0.4404,Other / General Feedback
1023,Best,5,2024-05-09,CBE,positive,0.9997941851615906,positive,0.6369,Other / General Feedback
1024,Best to use,5,2024-05-09,CBE,negative,-0.8899887204170227,positive,0.6369,Other / General Feedback
1025,Ok,5,2024-05-08,CBE,positive,0.9997851252555847,positive,0.296,Other / General Feedback
1026,Cbe,5,2024-05-08,CBE,positive,0.9966009855270386,neutral,0.0,Other / General Feedback
1027,"What a supper app, excellent one!",5,2024-05-07,CBE,positive,0.999834418296814,positive,0.6114,Other / General Feedback
1028,"It,s very good",5,2024-05-06,CBE,positive,0.9998542070388794,positive,0.4927,Other / General Feedback
1029,How can i tramsfer cbe birr to telebirr?,4,2024-05-04,CBE,negative,-0.9988031387329102,neutral,0.0,Other / General Feedback
1030,Its good app for our generation.,5,2024-05-03,CBE,positive,0.9998482465744019,positive,0.4404,Other / General Feedback
1031,Nice App 👍,4,2024-05-03,CBE,positive,0.9996724128723145,positive,0.4215,UI & Customer Experience
1032,It's best apps for All,5,2024-05-02,CBE,positive,0.9998390674591064,positive,0.6369,Other / General Feedback
1033,Its very good app,5,2024-05-02,CBE,positive,0.9998615980148315,positive,0.4927,Other / General Feedback
1034,It is very nice application but it needs little improvement like it takes long time to proceed transactions,5,2024-04-30,CBE,negative,-0.9953389167785645,positive,0.8146,Transaction & Payment Issues
1035,Not bad,3,2024-04-29,CBE,positive,0.9995881915092468,positive,0.431,Other / General Feedback
1036,#1 app,5,2024-04-27,CBE,positive,0.9963251948356628,neutral,0.0,Other / General Feedback
1037,Please work this application everything is doing,5,2024-04-24,CBE,positive,0.9983006119728088,positive,0.3182,Other / General Feedback
1038,Thank you 🙏,5,2024-04-23,CBE,positive,0.9998127818107605,positive,0.3612,Other / General Feedback
1039,OK,5,2024-04-23,CBE,positive,0.9997851252555847,positive,0.296,Other / General Feedback
1040,Ok,5,2024-04-23,CBE,positive,0.9997851252555847,positive,0.296,Other / General Feedback
1041,Excellent,5,2024-04-23,CBE,positive,0.9998434782028198,positive,0.5719,Other / General Feedback
1042,Excellent,5,2024-04-23,CBE,positive,0.9998434782028198,positive,0.5719,Other / General Feedback
1043,Best,5,2024-04-19,CBE,positive,0.9997941851615906,positive,0.6369,Other / General Feedback
1044,Tank you,5,2024-04-18,CBE,negative,-0.9831244945526123,neutral,0.0,Other / General Feedback
1045,CBEBIRR IS NETWORK IS GOOD,5,2024-04-14,CBE,positive,0.9998244643211365,positive,0.4404,Transaction & Payment Issues
1046,Best,3,2024-04-12,CBE,positive,0.9997941851615906,positive,0.6369,Other / General Feedback
1047,Thank you like to the anther apps I very interested with team work on this one.,5,2024-04-12,CBE,positive,0.999645471572876,positive,0.7902,Other / General Feedback
1048,Cbe birr app is good but sometime it's not functional,5,2024-04-10,CBE,negative,-0.9989965558052063,positive,0.2382,Other / General Feedback
1049,"Feed back this app & my taired, pleace .",5,2024-04-09,CBE,negative,-0.9889475107192993,neutral,0.0,Other / General Feedback
1050,Please,5,2024-04-09,CBE,positive,0.9995015859603882,positive,0.3182,Other / General Feedback
1051,"Best mobile money but needs improvement by,send money and transfer doesn't show narration or no space to write the reason",3,2024-04-09,CBE,negative,-0.9993762373924255,positive,0.5859,Transaction & Payment Issues
1052,"It is latest ,easy and very faster than any other financial apps",5,2024-04-03,CBE,positive,0.9995231628417969,positive,0.4404,UI & Customer Experience
1053,Ok,5,2024-04-03,CBE,positive,0.9997851252555847,positive,0.296,Other / General Feedback
1054,Excellent,5,2024-04-01,CBE,positive,0.9998434782028198,positive,0.5719,Other / General Feedback
1055,The worst mobile banking app in the entire world. So many problems when u try to transact through this app. Very faulty system they use. Not just the app the entire system is faulty. To fix one problem they take about a week or two weeks. By problem I mean ur money hangs and to get it back it takes 1 to 2 weeks. And that is why I recommend not to use this app or *847# system. It is the worst!!!!,1,2024-03-31,CBE,negative,-0.9998149275779724,negative,-0.9645,Transaction & Payment Issues
1056,Wow nice app & new version abdet,1,2024-03-30,CBE,positive,0.9992431402206421,positive,0.765,UI & Customer Experience
1057,"Better application should be improved more than harshly the previous versions. Specifically, it has to differentiate services from competitors, eg, the probability of buying data packages with low prices",5,2024-03-30,CBE,negative,-0.9949400424957275,positive,0.5994,Customer Support & Service
1058,"CBE Gigantic mighty Bank in Ethiopia, Thank you for Your Service. But please Expand Your ICT Infrastructure frequently for Reliable Service. And Thankful about Call center 951 Staff's.",4,2024-03-25,CBE,positive,0.999202311038971,positive,0.9136,Customer Support & Service
1059,"Nice, but it has no agent application",5,2024-03-23,CBE,negative,-0.926423966884613,negative,-0.2263,UI & Customer Experience
1060,I love it but doesn't logedin sometimes,5,2024-03-21,CBE,positive,0.9752184748649597,positive,0.3818,UI & Customer Experience
1061,It is good but the transaction option is limited and the transaction fee is so costy,3,2024-03-20,CBE,negative,-0.9824001789093018,negative,-0.1027,Transaction & Payment Issues
1062,Best of the best apps,5,2024-03-20,CBE,positive,0.9998268485069275,positive,0.8555,Other / General Feedback
1063,Thank you for your email,5,2024-03-19,CBE,positive,0.9997658133506775,positive,0.3612,Other / General Feedback
1064,Very reliable app,5,2024-03-19,CBE,positive,0.9998217225074768,neutral,0.0,Other / General Feedback
1065,Nice App👍,5,2024-03-16,CBE,positive,0.9998424053192139,positive,0.4215,UI & Customer Experience
1066,I wish what is says is true!!!?,5,2024-03-13,CBE,negative,-0.9849798083305359,positive,0.7488,Other / General Feedback
1067,It was different services digital with apps easy to using technology of IT. when the app conditions active it was smart... will seen soon ...?,5,2024-03-13,CBE,positive,0.9202086329460144,positive,0.8074,UI & Customer Experience
1068,When I borrowed It says repay even I payed 3 times and cannot adjust within month,1,2024-03-13,CBE,negative,-0.9953609108924866,neutral,0.0,Transaction & Payment Issues
1069,"It is a very good App, but it needs a little improvement, for example, when we buy goods and transfer to the merchant, it does not show the name of the merchant. If you work on these, it will be a better application.",5,2024-03-10,CBE,negative,-0.997060239315033,positive,0.8593,Transaction & Payment Issues
1070,Functional,5,2024-03-08,CBE,positive,0.9993332028388977,neutral,0.0,Other / General Feedback
1071,CBE STAFF,5,2024-03-07,CBE,positive,0.9919643402099609,neutral,0.0,Other / General Feedback
1072,Amazing... Thank you CBE for such Wonderfull Application,5,2024-03-06,CBE,positive,0.9998819828033447,positive,0.743,Other / General Feedback
1073,Good,1,2024-03-06,CBE,positive,0.9998161196708679,positive,0.4404,Other / General Feedback
1074,Good app....please add micro saving,4,2024-03-05,CBE,positive,0.9997667670249939,positive,0.4404,Other / General Feedback
1075,Google account,5,2024-03-05,CBE,positive,0.9400166273117065,neutral,0.0,Other / General Feedback
1076,nice,5,2024-03-03,CBE,positive,0.9998552799224854,positive,0.4215,UI & Customer Experience
1077,Exactly,1,2024-03-03,CBE,positive,0.999032735824585,neutral,0.0,Other / General Feedback
1078,I appreciate your service quality 👌 Thank you CBE,5,2024-03-01,CBE,positive,0.9997289776802063,positive,0.8842,Customer Support & Service
1079,Best for me,5,2024-03-01,CBE,positive,0.9993775486946106,positive,0.6369,Other / General Feedback
1080,The reason why I gave you half a star is because the app doesn't have dark mode. It hurts my Eyes. Please add that feature and adding dark mode with simple code is so easy to do. So please I'm begging you 😭🙏,3,2024-02-28,CBE,negative,-0.9685336947441101,positive,0.4277,Account Access & Authentication
1081,"But we expect withdrawal money to be increased, at least 20,000birr.",5,2024-02-26,CBE,negative,-0.9963719844818115,positive,0.4215,Transaction & Payment Issues
1082,The keyboard you use is not good! please use stndard keyboard like mobile banking!,2,2024-02-26,CBE,negative,-0.9997667670249939,negative,-0.351,Other / General Feedback
1083,"Can't even instal the app,",1,2024-02-25,CBE,negative,-0.9995918869972229,neutral,0.0,Other / General Feedback
1084,For me it is very bad since I changed phone number because of deactivation requested ;once it worked then it displays error 'cbebirr app stopped please try again' every single time i try to use it.what is the last solution ?,1,2024-02-25,CBE,negative,-0.9997851252555847,negative,-0.5413,Transaction & Payment Issues
1085,good application,1,2024-02-24,CBE,positive,0.999854564666748,positive,0.4404,Other / General Feedback
1086,Good app,4,2024-02-23,CBE,positive,0.9998493194580078,positive,0.4404,Other / General Feedback
1087,Good one than the last version,5,2024-02-21,CBE,positive,0.9998039603233337,positive,0.4404,Other / General Feedback
1088,Good,5,2024-02-21,CBE,positive,0.9998161196708679,positive,0.4404,Other / General Feedback
1089,Best of best app!!!,5,2024-02-21,CBE,positive,0.9993588328361511,positive,0.8827,Other / General Feedback
1090,Realy good application especially for bill payment and card less transaction at atm.,5,2024-02-20,CBE,positive,0.9992759823799133,positive,0.4404,Transaction & Payment Issues
1091,Exceptional app on time,5,2024-02-20,CBE,positive,0.9996558427810669,neutral,0.0,Other / General Feedback
1092,"Best app. But when sending to another cbe birr acc, it doesn't display the name of the receiver.",5,2024-02-19,CBE,negative,-0.9961721301078796,positive,0.3818,Transaction & Payment Issues
1093,"After the new update its not working, I cant login from my number ""Service not available, request faild,"" its not my wifi is slow or I'm not using vpn, it just dont work, fix it pls",1,2024-02-19,CBE,negative,-0.9995719790458679,positive,0.1531,Account Access & Authentication
1094,Not working,1,2024-02-18,CBE,negative,-0.9997778534889221,neutral,0.0,Other / General Feedback
1095,only credit services is retarded,5,2024-02-17,CBE,negative,-0.9925367832183838,negative,-0.2732,Customer Support & Service
1096,The updated version is not working at all,1,2024-02-16,CBE,negative,-0.9997817873954773,neutral,0.0,Other / General Feedback
1097,Awesome,5,2024-02-15,CBE,positive,0.9998682737350464,positive,0.6249,Other / General Feedback
1098,Nice app,2,2024-02-15,CBE,positive,0.9998061060905457,positive,0.4215,UI & Customer Experience
1099,This application is impotent to exchange money easily at any time and any place,5,2024-02-15,CBE,negative,-0.9965586066246033,positive,0.0772,Transaction & Payment Issues
1100,In current update it have no CBE in choise of Bank selection and have no payment bilI. I improve my rate when you update such drawbacks.,2,2024-02-15,CBE,negative,-0.9972094893455505,negative,-0.128,Transaction & Payment Issues
1101,Bad I can't open the app,1,2024-02-14,CBE,negative,-0.9997760653495789,negative,-0.5423,App Performance & Stability
1102,"Why did u develop this app? always push notification '' failed request"" when i try to use it",1,2024-02-14,CBE,negative,-0.9997156262397766,negative,-0.5106,Transaction & Payment Issues
1103,Ok,1,2024-02-14,CBE,positive,0.9997851252555847,positive,0.296,Other / General Feedback
1104,Beat app,5,2024-02-14,CBE,positive,0.9263904094696045,neutral,0.0,Other / General Feedback
1105,Best of all time,5,2024-02-13,CBE,positive,0.9998364448547363,positive,0.6369,Other / General Feedback
1106,Best application. Thank u cbe,5,2024-02-13,CBE,positive,0.9997518658638,positive,0.7717,Other / General Feedback
1107,Best,5,2024-02-13,CBE,positive,0.9997941851615906,positive,0.6369,Other / General Feedback
1108,Great App forever👏👏👏👏👏,5,2024-02-13,CBE,positive,0.9993553757667542,positive,0.6249,Other / General Feedback
1109,Very good,5,2024-02-12,CBE,positive,0.9998520612716675,positive,0.4927,Other / General Feedback
1110,Best,5,2024-02-11,CBE,positive,0.9997941851615906,positive,0.6369,Other / General Feedback
1111,it is more useful we are free from matter due to availability of this app,5,2024-02-09,CBE,negative,-0.5869296789169312,positive,0.7645,Other / General Feedback
1112,"Cbe Birr is the best app, it updates so I'm comfortable with it. Thank you for your creativity Bring us the good.",1,2024-02-09,CBE,positive,0.9998781681060791,positive,0.9411,Other / General Feedback
1113,CBE,5,2024-02-08,CBE,positive,0.9966009855270386,neutral,0.0,Other / General Feedback
1114,Very good,5,2024-02-08,CBE,positive,0.9998520612716675,positive,0.4927,Other / General Feedback
1115,"The app's self registration never works. It says ""Request failed"" everytime no matter how many times you repeat, please fix this it's serious.",1,2024-02-06,CBE,negative,-0.9996084570884705,negative,-0.3343,Transaction & Payment Issues
1116,not active,1,2024-02-05,CBE,negative,-0.999765932559967,negative,-0.3089,Other / General Feedback
1117,keeps Stopping not Compatable for all phones.,1,2024-02-04,CBE,negative,-0.9983062744140625,negative,-0.1531,Other / General Feedback
1118,Good,5,2024-02-03,CBE,positive,0.9998161196708679,positive,0.4404,Other / General Feedback
1119,very very good,5,2024-02-02,CBE,positive,0.9998621940612793,positive,0.5379,Other / General Feedback
1120,Why my cbe birr app not credit micro loan?,1,2024-02-01,CBE,negative,-0.9989940524101257,negative,-0.2924,Other / General Feedback
1121,Very good,5,2024-01-31,CBE,positive,0.9998520612716675,positive,0.4927,Other / General Feedback
1122,"Its good app for finance, but it cannot transfer money to telebirr wallet, that's some has to be serve",3,2024-01-28,CBE,negative,-0.9882864356040955,positive,0.2382,Transaction & Payment Issues
1123,Best,5,2024-01-28,CBE,positive,0.9997941851615906,positive,0.6369,Other / General Feedback
1124,Very good app for mobile banking realy appreciated,5,2024-01-26,CBE,positive,0.9997982382774353,positive,0.7574,Other / General Feedback
1125,Good ap,5,2024-01-26,CBE,positive,0.9998272061347961,positive,0.4404,Other / General Feedback
1126,it is good,5,2024-01-25,CBE,positive,0.9998494386672974,positive,0.4404,Other / General Feedback
1127,Wow amazing it's so interesting and full functions,5,2024-01-25,CBE,positive,0.999879002571106,positive,0.8908,Other / General Feedback
1128,It is a great app,1,2024-01-25,CBE,positive,0.9998348951339722,positive,0.6249,Other / General Feedback
1129,I like this app more of other its best,5,2024-01-22,CBE,positive,0.9992309808731079,positive,0.7717,Other / General Feedback
1130,"Its a good wallet, time efficient simple and easy",5,2024-01-22,CBE,positive,0.999763548374176,positive,0.8225,UI & Customer Experience
1131,Good,5,2024-01-20,CBE,positive,0.9998161196708679,positive,0.4404,Other / General Feedback
1132,Please add loan payment period upto three months ...,3,2024-01-20,CBE,negative,-0.9089816212654114,positive,0.3182,Transaction & Payment Issues
1133,"This app is not active on one device with two sim card please, correct this problem",1,2024-01-20,CBE,negative,-0.9988238215446472,negative,-0.3935,Other / General Feedback
1134,I love it,5,2024-01-18,CBE,positive,0.9998799562454224,positive,0.6369,UI & Customer Experience
1135,Perfect,5,2024-01-18,CBE,positive,0.9998517036437988,positive,0.5719,UI & Customer Experience
1136,Waw it's fantastic,5,2024-01-18,CBE,positive,0.9998877048492432,positive,0.5574,Other / General Feedback
1137,Make life easy for its users,4,2024-01-15,CBE,positive,0.9976964592933655,positive,0.4404,UI & Customer Experience
1138,When we change phone it say duplicate active device and it's not working as on both devices.,4,2024-01-15,CBE,negative,-0.9996687173843384,positive,0.4019,Other / General Feedback
1139,Good app,5,2024-01-15,CBE,positive,0.9998493194580078,positive,0.4404,Other / General Feedback
1140,Nice,5,2024-01-15,CBE,positive,0.9998552799224854,positive,0.4215,UI & Customer Experience
1141,Why bank not allow customer to re-activate cbe birr application by duplicate manner funcitionalize the system to let customer to do so?,5,2024-01-13,CBE,negative,-0.9980560541152954,negative,-0.1695,Other / General Feedback
1142,Very good apo,5,2024-01-12,CBE,positive,0.9998636245727539,positive,0.4927,Other / General Feedback
1143,It is good. But I can't see trxn detail on advice. It didn't show credit person and acct to hom I sent.,3,2024-01-12,CBE,negative,-0.9456818103790283,negative,-0.2086,Other / General Feedback
1144,"The app has a good look, but how can i deactivate my previous installation? I don't think this is necessary, even 951 contact centers are not helping on this issue. Please correct the system or make another solution to protect multiple login.",3,2024-01-11,CBE,negative,-0.9989539384841919,positive,0.8367,Account Access & Authentication
1145,Nice and easy app to user's 👌👌,5,2024-01-10,CBE,positive,0.9994379878044128,positive,0.9514,UI & Customer Experience
1146,Good job,5,2024-01-10,CBE,positive,0.999835729598999,positive,0.4404,Other / General Feedback
1147,Best,5,2024-01-10,CBE,positive,0.9997941851615906,positive,0.6369,Other / General Feedback
1148,we are still waiting to have Cbe birr app for Agents.,4,2024-01-10,CBE,negative,-0.9951158761978149,neutral,0.0,Customer Support & Service
1149,It is good,5,2024-01-07,CBE,positive,0.9998494386672974,positive,0.4404,Other / General Feedback
1150,I love this app,5,2024-01-06,CBE,positive,0.9998608827590942,positive,0.6369,UI & Customer Experience
1151,The fundamental basic aps.,5,2024-01-05,CBE,positive,0.9886117577552795,neutral,0.0,Other / General Feedback
1152,Please send me the recent verification number,5,2024-01-05,CBE,negative,-0.9724735021591187,positive,0.3818,Account Access & Authentication
1153,Great improvement,5,2024-01-05,CBE,positive,0.9997223019599915,positive,0.7964,Other / General Feedback
1154,"It is extremely excellent apps so far....but, it should be done on time before the excessive entertainment of telebirr aps. CBE always discover something new, but other upgraded what CBE discovered then go beyond it.....Please before introducing something think all possible ways for effective usability of the things that you did....otherwise it brings shame on the employees who try to sale for customers with all drawbacks.....Thanks for the new updates.👍👍👍👍",5,2024-01-03,CBE,negative,-0.9561030268669128,positive,0.5262,Other / General Feedback
1155,Very good,5,2026-05-15,BOA,positive,0.9998520612716675,positive,0.4927,Other / General Feedback
1156,Very poor implementation.,1,2026-05-13,BOA,negative,-0.9998100399971008,negative,-0.5256,Other / General Feedback
1157,this app didn't work properly,2,2026-05-11,BOA,negative,-0.999790370464325,neutral,0.0,Other / General Feedback
1158,"Frustrating app! If you receive money and send it back using Local remits, it won't work. Fix it please.",2,2026-05-08,BOA,negative,-0.999764621257782,negative,-0.2244,Transaction & Payment Issues
1159,Everyone knows that abyssinia bank has the worst experience in terms of mobile banking platform. And this one will take the cake. I already stopped using boa mobile for same reason. This is the most terrible finance app I've ever used. I can say it doesn't work at all. You should fire your whole team responsible for your mobile application and database development. Very disappointed. - 10/10,1,2026-05-05,BOA,negative,-0.9998014569282532,negative,-0.9167,Other / General Feedback
1160,very slow and battery consuming apo. but it is good in delivery of loan🙏,2,2026-05-02,BOA,positive,0.9980119466781616,positive,0.5927,App Performance & Stability
1161,fantastic,5,2026-04-29,BOA,positive,0.9998743534088135,positive,0.5574,Other / General Feedback
1162,"sth is wrong with 'Login' , i tried to login but it keeps saying 'u're successfully logged out ' this is funny 😁",2,2026-04-27,BOA,positive,0.9964040517807007,positive,0.9022,Account Access & Authentication
1163,"""We are experiencing technical delay. Please try again later."" How many times do you ACTUALLY experience a technical delay? Is it even one technical delay? I have been on this app for more than a year. I couldn't open an international visa card you claimed to give. The app constantly gives the above error message every time I try to open an international card. What is going on? Also... your app has an awful UI/UX. Absolutely terrible considering competitors like Dashen Bank have nailed this.",1,2026-04-25,BOA,negative,-0.9991626739501953,negative,-0.8941,App Performance & Stability
1164,Your app doesn't even open. just loads on the launch screen. I've tried the app before too it has too many feature that don't work or coming soon. you should hire a proper team to fix your app.,1,2026-04-24,BOA,negative,-0.9993875026702881,neutral,0.0,App Performance & Stability
1165,not upto now,5,2026-04-23,BOA,negative,-0.9979144930839539,neutral,0.0,Other / General Feedback
1166,best app ever,5,2026-04-22,BOA,positive,0.9997491240501404,positive,0.6369,Other / General Feedback
1167,"The user interface of the app is very disappointing and low quality. It looks like it was made by a child. You wouldn’t expect this from an institution as large as a bank. You can do better, Abyssinia. Please add more functionality—make the account number easy to copy, and include the SWIFT code and other essential details. Take inspiration from foreign banks. Look at ING, Millennium, Revolut—there are many good examples to follow. This UI makes me feel embarrassed as someone living in Ethiop",1,2026-04-22,BOA,negative,-0.9992183446884155,positive,0.8854,Account Access & Authentication
1168,using cbe with 2G is faster than using Apollo with 4G. this is the most slow and frustrating app I've ever seen.,1,2026-04-21,BOA,negative,-0.998456597328186,negative,-0.4877,Transaction & Payment Issues
1169,the worest app I have seen in banking industries!!,1,2026-04-21,BOA,positive,0.8110440969467163,neutral,0.0,Other / General Feedback
1170,"Very very bad experience. i couldn't login, i couldn't reset the password i couldn't even click the login button the worest banking application that i have ever seen. i don't recommend any one to use it.",1,2026-04-21,BOA,negative,-0.9996373653411865,negative,-0.7336,Account Access & Authentication
1171,good,5,2026-04-20,BOA,positive,0.9998161196708679,positive,0.4404,Other / General Feedback
1172,do you know the app has become useless ... yet you show your ad everywhere 🤔,1,2026-04-20,BOA,negative,-0.9985994696617126,negative,-0.4215,Other / General Feedback
1173,"It is not working on my phone. It is slow, plus sending money always says error",3,2026-04-18,BOA,negative,-0.9995965361595154,negative,-0.4019,Transaction & Payment Issues
1174,It has improved,3,2026-04-18,BOA,positive,0.9998399019241333,positive,0.4767,Other / General Feedback
1175,"the worst app ever, I stack at the new pin code setting and never passes that page",1,2026-04-17,BOA,negative,-0.9997991919517517,negative,-0.6249,Account Access & Authentication
1176,"Whoever made this app should be fired. Bad experience. You can't request the FCA it fails everytime. This much inconvenience to get a card you pay for. Look for better international alternatives. To name a few: Rizon, Bybit, Grey and more. Don't waste your time here.",1,2026-04-17,BOA,negative,-0.9995762705802917,negative,-0.7958,Transaction & Payment Issues
1177,"the application is buggy, it asks for OTP Verification but the keyboard doesn't Pop Up to submit the received OTP Code. please fix it",1,2026-04-16,BOA,negative,-0.998871386051178,positive,0.4497,Account Access & Authentication
1178,you haven't addressed any lssues so far now this app is sitting as a wasted potential,1,2026-04-16,BOA,negative,-0.9996788501739502,negative,-0.4939,Other / General Feedback
1179,best,1,2026-04-14,BOA,positive,0.9997941851615906,positive,0.6369,Other / General Feedback
1180,"worst app I ever used in my life, useless",1,2026-04-13,BOA,negative,-0.9997850060462952,negative,-0.7845,Other / General Feedback
1181,Apollo is good app,5,2026-04-12,BOA,positive,0.9998581409454346,positive,0.4404,Transaction & Payment Issues
1182,good,5,2026-04-12,BOA,positive,0.9998161196708679,positive,0.4404,Other / General Feedback
1183,This is the buggiest app on the Play Store. It's like they haven't tested a single thing before releasing. I don't know how someone building this app looks at it and says let's release it. 🤦‍♂️🤦‍♂️🤦‍♂️,1,2026-04-12,BOA,negative,-0.9993857145309448,positive,0.5994,App Performance & Stability
1184,fast transaction,5,2026-04-12,BOA,positive,0.9984105825424194,neutral,0.0,Transaction & Payment Issues
1185,this app is very difficult to use. it have many problems. please don't send any exaggerated messages (SMS) to my phone. it's a big shame and not acceptable totally.,1,2026-04-11,BOA,negative,-0.9997466206550598,negative,-0.7881,Transaction & Payment Issues
1186,"I'm a developer my self but I tried 5-10 times filling same information to register. But I ended app not being able to register. It crashes multiple times, It doesn't retain information I entered, it logs me out in the middle of using the app. You need a dedicated testing department. For now I've uninstalled the app. Will try it after 5 month",1,2026-04-08,BOA,negative,-0.9991632699966431,positive,0.6124,Account Access & Authentication
1187,Describe Your Experience Oppositional Done.,5,2026-04-08,BOA,negative,-0.8548647165298462,neutral,0.0,Other / General Feedback
1188,very bad after you login you do anything it says service unavailable,1,2026-04-08,BOA,negative,-0.9998030066490173,negative,-0.5849,Account Access & Authentication
1189,"I was very hopeful when Abyssinia Bank announced the launch of the International Virtual Visa Card through the Apollo app. However, the system is proving to be very frustrating. After many attempts, I finally managed to open a Visa card, but whenever I try to view the CVC and Expiry Date, it fails to display them. Instead, it continuously shows a 'We are experiencing technical delay. Please try again' error message. I strongly suggest that the bank properly updates the app;",1,2026-04-07,BOA,negative,-0.9977614879608154,negative,-0.6597,Transaction & Payment Issues
1190,"Apollo digital bank makes the dream of Neobank come true indeed, creating and managing one's bank account without the need to visit a physical branch easily from the comfort of my home is indeed invaluable feature which everyone in this era of busy job life needs!! But i found some missing promises that the Abyssinia Bank has offered to all users of the Apollo App, which is about the minimum required balance for transaction! I can't transfer money below 50 ETB, can you improve this feature??",4,2026-04-07,BOA,positive,0.9673563838005066,positive,0.9029,Transaction & Payment Issues
1191,Nothing works properly on this app. And they don't even try to fix the issues for years.,1,2026-04-07,BOA,negative,-0.9995587468147278,neutral,0.0,Other / General Feedback
1192,Good Transaction Apps,5,2026-04-07,BOA,positive,0.999833345413208,positive,0.4404,Transaction & Payment Issues
1193,i love it.,5,2026-04-06,BOA,positive,0.9998767375946045,positive,0.6369,UI & Customer Experience
1194,it's not working it says disable developer options what is that,1,2026-04-06,BOA,negative,-0.9997448325157166,neutral,0.0,Other / General Feedback
1195,Sluggish and Extremely slow app! Ui looks very bad and UX is very terrible.,1,2026-04-06,BOA,negative,-0.9998179078102112,negative,-0.8801,App Performance & Stability
1196,good app,5,2026-04-05,BOA,positive,0.9998493194580078,positive,0.4404,Other / General Feedback
1197,very good,5,2026-04-03,BOA,positive,0.9998520612716675,positive,0.4927,Other / General Feedback
1198,amazing,5,2026-04-03,BOA,positive,0.999875545501709,positive,0.5859,Other / General Feedback
1199,Apollo app is the best for transaction even it provides loan option and I love it may be you need some improvement.,5,2026-04-03,BOA,positive,0.9947587847709656,positive,0.9081,Transaction & Payment Issues
1200,it freezes now and then and trying to login is very bad experience totally the application will stacked,1,2026-04-03,BOA,negative,-0.9998095631599426,negative,-0.5984,Account Access & Authentication
1201,Appolo is comfortable and simple App,5,2026-04-03,BOA,positive,0.9997468590736389,positive,0.5106,Other / General Feedback
1202,its easy to use,5,2026-04-03,BOA,positive,0.99817955493927,positive,0.4404,UI & Customer Experience
1203,there is a problem in fcy account opening,3,2026-04-02,BOA,negative,-0.998670220375061,negative,-0.4019,App Performance & Stability
1204,good,5,2026-04-02,BOA,positive,0.9998161196708679,positive,0.4404,Other / General Feedback
1205,this app is very useful and the fastest from all and can provide and transaction that is connected with Abyssinia bank an d I really appreciate this app download all of you 💞,5,2026-04-01,BOA,positive,0.9991751313209534,positive,0.8882,Transaction & Payment Issues
1206,wow seamless mobile app ever made in ethiopia,5,2026-04-01,BOA,positive,0.9990154504776001,positive,0.5859,Other / General Feedback
1207,on old android version it does not work well. crash many times.,2,2026-04-01,BOA,negative,-0.9997939467430115,positive,0.1139,App Performance & Stability
1208,amazing,5,2026-04-01,BOA,positive,0.999875545501709,positive,0.5859,Other / General Feedback
1209,the best app,4,2026-03-31,BOA,positive,0.9998469352722168,positive,0.6369,Other / General Feedback
1210,great App i ever downloaded and used permanently due to its comfort and simplicity,4,2026-03-31,BOA,positive,0.9998106360435486,positive,0.765,Other / General Feedback
1211,"I am very disappointed with the app's performance. It crashes consistently, and despite waiting over a year for updates, no improvements have been made. It feels more like a prototype than a functional banking service. I would not recommend using it in its current state.",1,2026-03-31,BOA,negative,-0.9995881915092468,negative,-0.5679,App Performance & Stability
1212,very good system,5,2026-03-31,BOA,positive,0.9998642206192017,positive,0.4927,Other / General Feedback
1213,perfect,5,2026-03-31,BOA,positive,0.9998517036437988,positive,0.5719,UI & Customer Experience
1214,good,5,2026-03-30,BOA,positive,0.9998161196708679,positive,0.4404,Other / General Feedback
1215,boa is an amazing bank in Ethiopia thanks you for launching this platform,5,2026-03-30,BOA,positive,0.9998098015785217,positive,0.7717,Other / General Feedback
1216,thank you very much,5,2026-03-29,BOA,positive,0.9998409748077393,positive,0.3612,Other / General Feedback
1217,Best app,5,2026-03-28,BOA,positive,0.999686598777771,positive,0.6369,Other / General Feedback
1218,this app is great 👍👍👍👍👍👍👍,5,2026-03-28,BOA,positive,0.9995102882385254,positive,0.6249,Other / General Feedback
1219,good,3,2026-03-27,BOA,positive,0.9998161196708679,positive,0.4404,Other / General Feedback
1220,this apps is very nice to use.,5,2026-03-25,BOA,positive,0.9997656941413879,positive,0.4754,UI & Customer Experience
1221,Apollo is best mobile banking app,4,2026-03-24,BOA,positive,0.9994875192642212,positive,0.6369,Transaction & Payment Issues
1222,yes please,5,2026-03-23,BOA,positive,0.9996914863586426,positive,0.6124,Other / General Feedback
1223,good,5,2026-03-22,BOA,positive,0.9998161196708679,positive,0.4404,Other / General Feedback
1224,bulky app,1,2026-03-22,BOA,negative,-0.9987251162528992,neutral,0.0,Other / General Feedback
1225,apolo is the best and suitable app for customer,5,2026-03-20,BOA,positive,0.9996248483657837,positive,0.6369,UI & Customer Experience
1226,very good app I opened my Apollo account my self without any support but the app requires strong network BOA is Great bank... Abyssinia 👐👐💪,5,2026-03-20,BOA,positive,0.7274121642112732,positive,0.9112,Transaction & Payment Issues
1227,good job,5,2026-03-19,BOA,positive,0.999835729598999,positive,0.4404,Other / General Feedback
1228,best app,5,2026-03-18,BOA,positive,0.999686598777771,positive,0.6369,Other / General Feedback
1229,nice,3,2026-03-16,BOA,positive,0.9998552799224854,positive,0.4215,UI & Customer Experience
1230,i have this application& plate form are very moderate systematic account systems. you're used to this application more enjoyed .,5,2026-03-16,BOA,positive,0.9988999366760254,positive,0.5563,Other / General Feedback
1231,"It doesn't work all the time, it stack frequently. I can't even send to telebirr.",1,2026-03-16,BOA,negative,-0.9990296363830566,neutral,0.0,Transaction & Payment Issues
1232,"It doesn't work on my phone. It shows the startup screen and closes. My device is Android 10. Update: Even after 2 years, it still doesn't work",1,2026-03-13,BOA,negative,-0.9990442395210266,neutral,0.0,App Performance & Stability
1233,awesome,4,2026-03-13,BOA,positive,0.9998682737350464,positive,0.6249,Other / General Feedback
1234,usefull APP,5,2026-03-09,BOA,positive,0.9953721165657043,neutral,0.0,Other / General Feedback
1235,amazing app,5,2026-03-05,BOA,positive,0.9998670816421509,positive,0.5859,Other / General Feedback
1236,This Apps can't doing for me,1,2026-03-05,BOA,negative,-0.997775137424469,neutral,0.0,Other / General Feedback
1237,good to open new account but not fast enough to,4,2026-03-02,BOA,positive,0.7629929184913635,positive,0.2382,App Performance & Stability
1238,transfer,5,2026-03-02,BOA,positive,0.9731263518333435,neutral,0.0,Transaction & Payment Issues
1239,"Good app, but can get better. work on it to make it faster like telebirr and fix crashing issues",4,2026-03-01,BOA,negative,-0.9248103499412537,positive,0.8422,App Performance & Stability
1240,Appilication keeps crashing and you even couldn't see the comment. Choose Zemen Bank!!,1,2026-02-27,BOA,negative,-0.9771381616592407,neutral,0.0,App Performance & Stability
1241,"Good but didn't update profile details,upload profile photo,Scan Id and so on",3,2026-02-27,BOA,negative,-0.9584609866142273,positive,0.2382,Other / General Feedback
1242,thankful,4,2026-02-25,BOA,positive,0.9997518658638,positive,0.5719,Other / General Feedback
1243,"Sometimes error,it has so many problems",2,2026-02-25,BOA,negative,-0.9979655742645264,negative,-0.4549,App Performance & Stability
1244,this app is easy to use and fast i Have seen ever for buying air time for friends to yeah,5,2026-02-25,BOA,positive,0.9986525774002075,positive,0.802,UI & Customer Experience
1245,good app,5,2026-02-25,BOA,positive,0.9998493194580078,positive,0.4404,Other / General Feedback
1246,"very nice ,",1,2026-02-24,BOA,positive,0.9998561143875122,positive,0.4754,UI & Customer Experience
1247,Ok,5,2026-02-24,BOA,positive,0.9997851252555847,positive,0.296,Other / General Feedback
1248,excellent,5,2026-02-24,BOA,positive,0.9998434782028198,positive,0.5719,Other / General Feedback
1249,bad app,1,2026-02-22,BOA,negative,-0.9997212290763855,negative,-0.5423,Other / General Feedback
1250,it's easy and understandable,5,2026-02-21,BOA,positive,0.999464213848114,positive,0.4404,UI & Customer Experience
1251,worst app👎👎,1,2026-02-21,BOA,negative,-0.9998087286949158,negative,-0.6249,Other / General Feedback
1252,"Apollo and bank of Abyssina mobile banking both are the worst mobile banking applications i have ever seen in my life. Like a juinior programmer can even build a better app than yours! it always glitch, crush, full of bugs and errors. They say they are going to digital world while not fulfilling the bare minimum! Just stop mobile banking i don't think you guys have a hope. how can a bank like BoA can't have a good app? I've been writing feed back since 2013 E. C thats 5 years ago. shame!",1,2026-02-20,BOA,negative,-0.9998024106025696,negative,-0.7079,Transaction & Payment Issues
1253,best,5,2026-02-19,BOA,positive,0.9997941851615906,positive,0.6369,Other / General Feedback
1254,good,4,2026-02-19,BOA,positive,0.9998161196708679,positive,0.4404,Other / General Feedback
1255,the app was good over all but so many unnecessary updates now and then without anything new,3,2026-02-18,BOA,negative,-0.9991846680641174,positive,0.2382,Other / General Feedback
1256,This is very nice apps #1 to all,5,2026-02-18,BOA,positive,0.9998158812522888,positive,0.4754,UI & Customer Experience
1257,The most useless and nasty app,1,2026-02-18,BOA,negative,-0.9996476173400879,negative,-0.788,Other / General Feedback
1258,Apollo is the best apps for me,5,2026-02-17,BOA,positive,0.9998525381088257,positive,0.6369,Transaction & Payment Issues
1259,The best one.,4,2026-02-17,BOA,positive,0.999825656414032,positive,0.6369,Other / General Feedback
1260,It's Good,5,2026-02-17,BOA,positive,0.9998360872268677,positive,0.4404,Other / General Feedback
1261,"The most Clumsy application i have ever seen even am unable to verify my account,please try your best.",1,2026-02-17,BOA,negative,-0.9990594983100891,positive,0.6369,Other / General Feedback
1262,best app,5,2026-02-15,BOA,positive,0.999686598777771,positive,0.6369,Other / General Feedback
1263,the worst app they send txt saying you can have a Loan but it's all fake just so you will install the app very bad app,1,2026-02-13,BOA,negative,-0.9997926354408264,negative,-0.9168,Transaction & Payment Issues
1264,The app is has bugs nothing works u can't transfer money to other banks after a certain hours. worst app ever,1,2026-02-11,BOA,negative,-0.9997028708457947,negative,-0.4588,Transaction & Payment Issues
1265,it is good app ....but make it UI better just like dashen superapp. ....,4,2026-02-11,BOA,positive,0.9982510209083557,positive,0.8422,UI & Customer Experience
1266,"The worst mobile banking app I have seen until now, it has a lot off bugs it crush alot I couldn't even verify my account, please do better",1,2026-02-11,BOA,negative,-0.9997350573539734,negative,-0.128,App Performance & Stability
1267,iam always ricivd,5,2026-02-10,BOA,negative,-0.9850443601608276,neutral,0.0,Other / General Feedback
1268,Abyssinia best of the best,5,2026-02-09,BOA,positive,0.9997690320014954,positive,0.8555,Other / General Feedback
1269,OK,5,2026-02-08,BOA,positive,0.9997851252555847,positive,0.296,Other / General Feedback
1270,"this app doesn't open , it say ,disable developer option",2,2026-02-06,BOA,negative,-0.9997119307518005,neutral,0.0,App Performance & Stability
1271,best app,5,2026-02-05,BOA,positive,0.999686598777771,positive,0.6369,Other / General Feedback
1272,that bast app and they have70%safty,4,2026-02-05,BOA,positive,0.9908488988876343,neutral,0.0,Other / General Feedback
1273,this app work only in strong connection and some featured doesn't work like card digitizing,2,2026-02-04,BOA,negative,-0.881173312664032,positive,0.2937,App Performance & Stability
1274,it's good future,3,2026-02-04,BOA,positive,0.9998719692230225,positive,0.4404,Other / General Feedback
1275,good,3,2026-02-03,BOA,positive,0.9998161196708679,positive,0.4404,Other / General Feedback
1276,waw that's so amazing👍👍👍😍😍😍😍😍🤩🤩🤩🤩🤩,5,2026-02-03,BOA,negative,-0.9673541784286499,positive,0.9631,Other / General Feedback
1277,I have never seen a worst banking app like this; very slow and crashed frequently.,1,2026-02-03,BOA,negative,-0.9989834427833557,positive,0.6998,App Performance & Stability
1278,good,4,2026-02-03,BOA,positive,0.9998161196708679,positive,0.4404,Other / General Feedback
1279,just nice,5,2026-02-03,BOA,positive,0.9998681545257568,positive,0.4215,UI & Customer Experience
1280,This app has never satisfied me. It never was going well after step 2. It's use less.,1,2026-02-02,BOA,negative,-0.9996843338012695,negative,-0.4847,Other / General Feedback
1281,it's used not easy,5,2026-02-02,BOA,negative,-0.9973526000976562,negative,-0.3412,UI & Customer Experience
1282,"It is not working for me. when I opened it, it started and closed immediately.",1,2026-01-31,BOA,negative,-0.9994845390319824,neutral,0.0,App Performance & Stability
1283,Intersting,5,2026-01-31,BOA,positive,0.9056976437568665,neutral,0.0,Other / General Feedback
1284,good but Bank of abesinya mobile banking matching,5,2026-01-30,BOA,positive,0.9718692898750305,positive,0.2382,Other / General Feedback
1285,Slow to log in! Some features are not even working like digitizing ATM cards,1,2026-01-29,BOA,negative,-0.9997417330741882,negative,-0.3404,App Performance & Stability
1286,good,5,2026-01-29,BOA,positive,0.9998161196708679,positive,0.4404,Other / General Feedback
1287,It Didnt Work,5,2026-01-28,BOA,negative,-0.9996193647384644,neutral,0.0,Other / General Feedback
1288,good. but some times is not work,4,2026-01-28,BOA,negative,-0.9780305624008179,positive,0.2382,Other / General Feedback
1289,aside from some bug issues ... the app is good. but you need to have updates frequently.,3,2026-01-27,BOA,positive,0.9901214838027954,positive,0.2382,App Performance & Stability
1290,"This app needs a serious fixing. It's doesn't respond and always laggs, has issues during usage like random disconnecting and abrupt logout. Plis fix it.",3,2026-01-26,BOA,negative,-0.9996283054351807,positive,0.296,App Performance & Stability
1291,best,4,2026-01-22,BOA,positive,0.9997941851615906,positive,0.6369,Other / General Feedback
1292,the idea of the app was good but it does have many issues alot of bugs and the app crashes every time and you guys are not even making upgrading and bug fixes,1,2026-01-22,BOA,negative,-0.9993062019348145,positive,0.2382,App Performance & Stability
1293,this app is not working well...its have some bugs and even you cant sign up/in it total stuck after some steps.. if in a chance you passes the registration it slows too.. developers pleas can you fix this bugs 👌,2,2026-01-19,BOA,negative,-0.9997902512550354,positive,0.7041,App Performance & Stability
1294,love best one,2,2026-01-18,BOA,positive,0.9998544454574585,positive,0.8555,UI & Customer Experience
1295,arif app nw,1,2026-01-17,BOA,negative,-0.9437893033027649,neutral,0.0,Other / General Feedback
1296,"Easily the most disappointing banking app in the sector. Unfortunately, zero stars isn't an option, otherwise that's what it would get.",1,2026-01-17,BOA,negative,-0.9995700716972351,negative,-0.5413,Other / General Feedback
1297,the worst banking app.,1,2026-01-13,BOA,negative,-0.9998056292533875,negative,-0.6249,Other / General Feedback
1298,the greatest idea the worset execution. forget everything and make it fast.,1,2026-01-12,BOA,negative,-0.9995455145835876,positive,0.5106,Other / General Feedback
1299,Didn't know why people avoided using it until i try it my self. 😔,1,2026-01-11,BOA,negative,-0.9964015483856201,negative,-0.2732,Other / General Feedback
1300,too many crash and error,1,2026-01-10,BOA,negative,-0.999356210231781,negative,-0.6597,App Performance & Stability
1301,good service,5,2026-01-01,BOA,positive,0.9998499155044556,positive,0.4404,Customer Support & Service
1302,"It was an app that I really liked, but there is a trend that requires you to have an Abyssinian bank account number.",5,2026-01-01,BOA,negative,-0.9420273900032043,positive,0.3604,UI & Customer Experience
1303,always an error message. the worst app ever.,1,2025-12-31,BOA,negative,-0.9998038411140442,negative,-0.7783,App Performance & Stability
1304,The best Financial App!,5,2025-12-26,BOA,positive,0.9998582601547241,positive,0.6696,Other / General Feedback
1305,"I receive credit and payed always from banks such as CBE and Sinke, that's my expiereces",5,2025-12-26,BOA,negative,-0.6039682626724243,positive,0.3818,Transaction & Payment Issues
1306,best app,5,2025-12-25,BOA,positive,0.999686598777771,positive,0.6369,Other / General Feedback
1307,The most trash app I ever seen and it's not even qualified for mini microfinances. shame on you who develop this and who approved this trash.,1,2025-12-25,BOA,negative,-0.9997894167900085,negative,-0.0772,Other / General Feedback
1308,"the worst banking app in ethiopia.. even shame on you BOA, this app doesn't match with your grace ..",1,2025-12-21,BOA,negative,-0.9998037219047546,negative,-0.6597,Other / General Feedback
1309,it's not bad,5,2025-12-19,BOA,positive,0.9997679591178894,positive,0.431,Other / General Feedback
1310,very good app,3,2025-12-19,BOA,positive,0.9998675584793091,positive,0.4927,Other / General Feedback
1311,great bank,5,2025-12-18,BOA,positive,0.9988124370574951,positive,0.6249,Other / General Feedback
1312,Good luck,4,2025-12-18,BOA,positive,0.9998250603675842,positive,0.7096,Other / General Feedback
1313,beset lone service,5,2025-12-16,BOA,negative,-0.9948691129684448,negative,-0.2732,Customer Support & Service
1314,It Crashes a lot,1,2025-12-14,BOA,negative,-0.9990550875663757,neutral,0.0,App Performance & Stability
1315,Best,1,2025-12-13,BOA,positive,0.9997941851615906,positive,0.6369,Other / General Feedback
1316,Application is not working pleas fix it,5,2025-12-10,BOA,negative,-0.9996675252914429,neutral,0.0,Other / General Feedback
1317,My phone is reminding to put Apollo in deep sleep because it's crushing frequently and affecting the performance of the phone.,1,2025-12-09,BOA,negative,-0.9927788376808167,negative,-0.3612,Transaction & Payment Issues
1318,good,5,2025-12-09,BOA,positive,0.9998161196708679,positive,0.4404,Other / General Feedback
1319,good,5,2025-12-09,BOA,positive,0.9998161196708679,positive,0.4404,Other / General Feedback
1320,the developer must fix the app it has the worst design the system does not work,3,2025-12-08,BOA,negative,-0.9998021721839905,negative,-0.6249,UI & Customer Experience
1321,"I have this application. if you can see very good platforms service. so I am very happy. but,we can to enjoy like me. now download this app and enjoy into this platform. be happy and enjoy every time!!👌👌👍👍",5,2025-12-05,BOA,positive,0.9997435212135315,positive,0.9881,Customer Support & Service
1322,good app,2,2025-12-05,BOA,positive,0.9998493194580078,positive,0.4404,Other / General Feedback
1323,ok,5,2025-12-04,BOA,positive,0.9997851252555847,positive,0.296,Other / General Feedback
1324,good,5,2025-12-03,BOA,positive,0.9998161196708679,positive,0.4404,Other / General Feedback
1325,I used this app to borrow many times. It is effective,5,2025-12-03,BOA,positive,0.9996887445449829,positive,0.4767,Other / General Feedback
1326,oh very ugly app pls minimize the Space that takes time and it's not processes easly why ???,1,2025-12-02,BOA,negative,-0.9997146725654602,negative,-0.5528,Other / General Feedback
1327,the App doesn't log in,1,2025-12-02,BOA,negative,-0.9909464120864868,neutral,0.0,Other / General Feedback
1328,very good,5,2025-12-02,BOA,positive,0.9998520612716675,positive,0.4927,Other / General Feedback
1329,the grat apk,5,2025-11-29,BOA,negative,-0.9949339032173157,neutral,0.0,Other / General Feedback
1330,"with out a doubt, the worst app you could ever download in 2025. awful. i could have given them 0 stars, exactly what they truly deserve",1,2025-11-29,BOA,negative,-0.9997714161872864,negative,-0.7717,Other / General Feedback
1331,Absolutely Trash app,1,2025-11-27,BOA,negative,-0.9994321465492249,neutral,0.0,Other / General Feedback
1332,what an amazing app,5,2025-11-27,BOA,positive,0.9998735189437866,positive,0.5859,Other / General Feedback
1333,busy not functional,1,2025-11-27,BOA,negative,-0.9997606873512268,neutral,0.0,Other / General Feedback
1334,"Completely useless. Nothing works the way it claims. It’s fake, unreliable, and an absolute waste of time. Don’t bother with it.",1,2025-11-27,BOA,negative,-0.9998018145561218,negative,-0.8858,Other / General Feedback
1335,it's better app,4,2025-11-26,BOA,positive,0.9972319006919861,positive,0.4404,Other / General Feedback
1336,it is a good app,5,2025-11-25,BOA,positive,0.9998643398284912,positive,0.4404,Other / General Feedback
1337,"I Recommend the Apollo Digital banking service Because lt is Easy to use, suitable ,and safe .I am Proud of BoA for Always working Hard to Provide Its users with Modern And Complets Digital Banking Services.",1,2025-11-25,BOA,positive,0.9993911981582642,positive,0.875,Transaction & Payment Issues
1338,Best App,1,2025-11-24,BOA,positive,0.999686598777771,positive,0.6369,Other / General Feedback
1339,best app,5,2025-11-24,BOA,positive,0.999686598777771,positive,0.6369,Other / General Feedback
1340,"This is a phenomenal app from the Bank of Abyssinia! It delivers a vast array of specialized services, most notably a user-friendly digital loan with fair and appropriate interest. Kudos to the Bank of Abyssinia!""",5,2025-11-22,BOA,positive,0.9995602965354919,positive,0.8475,Customer Support & Service
1341,Good app,5,2025-11-21,BOA,positive,0.9998493194580078,positive,0.4404,Other / General Feedback
1342,The most Buggy app I have ever used.,1,2025-11-21,BOA,negative,-0.9312625527381897,neutral,0.0,App Performance & Stability
1343,Crashes every time I need to do anything,1,2025-11-17,BOA,negative,-0.9991810917854309,neutral,0.0,App Performance & Stability
1344,"Don't Waste Your time, crashes frequently! ! uninsall it! ! Useless generally .",1,2025-11-15,BOA,negative,-0.9989250302314758,negative,-0.3891,App Performance & Stability
1345,i couldn't register online. it says system error every time,1,2025-11-15,BOA,negative,-0.9996902942657471,negative,-0.4019,Account Access & Authentication
1346,ok,5,2025-11-14,BOA,positive,0.9997851252555847,positive,0.296,Other / General Feedback
1347,one of the worst app while it's features are really good but the app always crash what I can say is please at least make it like the BOA mobile banking app I thought the crush was due to my network or phone but everyone I asked about the app tell me the same thing please fix this thing,3,2025-11-14,BOA,negative,-0.9994696974754333,positive,0.5017,App Performance & Stability
1348,great,5,2025-11-14,BOA,positive,0.9998630285263062,positive,0.6249,Other / General Feedback
1349,"The app is not opening after I updated it, but it has the best features I've ever seen, especially when they add a digitized ATM card.",1,2025-11-14,BOA,positive,0.9997929930686951,positive,0.7783,App Performance & Stability
1350,good for neo Banking,5,2025-11-05,BOA,positive,0.9995866417884827,positive,0.4404,Other / General Feedback
1351,Nice one thanks,5,2025-11-03,BOA,positive,0.9998559951782227,positive,0.6908,UI & Customer Experience
1352,its kind of bug it stucks all the time and starts over,1,2025-11-01,BOA,negative,-0.9993903636932373,neutral,0.0,App Performance & Stability
1353,it is very fast transfer app,5,2025-10-29,BOA,positive,0.9919679760932922,neutral,0.0,Transaction & Payment Issues
1354,its God Bank,5,2025-10-27,BOA,negative,-0.6149424910545349,positive,0.2732,Other / General Feedback
1355,good jop for .,2,2025-10-22,BOA,positive,0.9998468160629272,positive,0.4404,Other / General Feedback
1356,the worst banking app in Ethiopia. it's very slow and never work. it works once then stops. it held my money for a year. and when you go to banks they say we can't fix the issue call the no. when you call them they say we can't fix the issue over the phone go to the bank they are very uneducated and low minded people and structure.,1,2025-10-20,BOA,negative,-0.9996969699859619,negative,-0.7943,Transaction & Payment Issues
1357,must use this app very useful,5,2025-10-13,BOA,positive,0.8601275682449341,positive,0.4927,Other / General Feedback
1358,"Worst application i have used ever, it has bugs everywhere, stuck everywhere, does not respond and visually bad",1,2025-10-08,BOA,negative,-0.9997197985649109,negative,-0.8625,App Performance & Stability
1359,that is boring app✋✋,1,2025-10-04,BOA,negative,-0.9997660517692566,positive,0.6249,Other / General Feedback
1360,app is. slow download more. time give as please. app fast. time download app. more. better.,5,2025-09-20,BOA,negative,-0.9936708211898804,positive,0.6697,App Performance & Stability
1361,it looks good but on the system part it got many problems..,1,2025-09-13,BOA,negative,-0.9994649291038513,negative,-0.3818,UI & Customer Experience
1362,lam waiting for a long time this app from BOA and l like it too much to introduce for others,5,2025-09-13,BOA,negative,-0.9982215762138367,positive,0.6705,Other / General Feedback
1363,Best,5,2025-09-12,BOA,positive,0.9997941851615906,positive,0.6369,Other / General Feedback
1364,it's useless app.it have a big problem with internet .simply west our time .i'm so sorry,1,2025-08-30,BOA,negative,-0.99969482421875,negative,-0.7384,Other / General Feedback
1365,"When we transfer more than 5000 birr, we are asked for an OTP.",1,2025-08-29,BOA,negative,-0.9966391324996948,neutral,0.0,Account Access & Authentication
1366,happy bad,5,2025-08-25,BOA,positive,0.9907981157302856,positive,0.0516,Other / General Feedback
1367,The worst app I ever seen in banking history. It accepts only credit while not allowed to withdraw money.,1,2025-08-23,BOA,negative,-0.9997488856315613,negative,-0.0516,Transaction & Payment Issues
1368,good 👍,5,2025-08-22,BOA,positive,0.9998576641082764,positive,0.4404,Other / General Feedback
1369,"work on it, everything on the app is glitchy,late just worst experience",1,2025-08-20,BOA,negative,-0.999816358089447,negative,-0.6249,Other / General Feedback
1370,very good,5,2025-08-14,BOA,positive,0.9998520612716675,positive,0.4927,Other / General Feedback
1371,good luck,5,2025-08-14,BOA,positive,0.9998250603675842,positive,0.7096,Other / General Feedback
1372,keep up the great work!,5,2025-08-13,BOA,positive,0.9998812675476074,positive,0.6588,Other / General Feedback
1373,Disgusting app I have ever used.,1,2025-08-13,BOA,negative,-0.9988604784011841,negative,-0.5267,Other / General Feedback
1374,a dump app!!!,1,2025-08-09,BOA,negative,-0.9997413754463196,negative,-0.5386,Other / General Feedback
1375,Best app. Apollo,3,2025-08-05,BOA,positive,0.9997245669364929,positive,0.6369,Transaction & Payment Issues
1376,"The app crashes when not even using it, doesn't open sometimes and not easy to use at all, especially if you're not using ethiotel cellular data.",1,2025-08-04,BOA,negative,-0.9995521903038025,negative,-0.3412,App Performance & Stability
1377,nice apollo woow!!,4,2025-08-03,BOA,positive,0.9992122650146484,positive,0.5242,Transaction & Payment Issues
1378,Needs so much improvement,1,2025-07-31,BOA,negative,-0.9987290501594543,positive,0.507,Other / General Feedback
1379,good,3,2025-07-30,BOA,positive,0.9998161196708679,positive,0.4404,Other / General Feedback
1380,my best with high interest rate,5,2025-07-29,BOA,positive,0.9967349171638489,positive,0.802,Other / General Feedback
1381,good,5,2025-07-28,BOA,positive,0.9998161196708679,positive,0.4404,Other / General Feedback
1382,worst app......,1,2025-07-26,BOA,negative,-0.9997848868370056,negative,-0.6249,Other / General Feedback
1383,sick is your appollo When you spend a lot of money it asks for an opt and we kids abroad are suffering,1,2025-07-25,BOA,negative,-0.9991641044616699,negative,-0.7506,Transaction & Payment Issues
1384,This app doesn't look to represent the tech centered Abyssinia bank. it fails transaction without sufficient explanation,2,2025-07-25,BOA,negative,-0.9996659755706787,negative,-0.4215,Transaction & Payment Issues
1385,the worst app! it crashes everytime it needs a lot of improvement and also login problems,1,2025-07-22,BOA,negative,-0.9998040795326233,negative,-0.6239,Account Access & Authentication
1386,its beta program is found full,5,2025-07-16,BOA,positive,0.9968284964561462,neutral,0.0,Other / General Feedback
1387,"I can't believe this made it through your testing team, what a disappointment of an app",1,2025-07-15,BOA,negative,-0.9998074173927307,negative,-0.5106,Other / General Feedback
1388,Unable tomake transaction now please try Again,1,2025-07-14,BOA,negative,-0.9825673699378967,positive,0.3182,Transaction & Payment Issues
1389,the worst app I've seen in my life u guys need to improve the app functionality.,1,2025-07-14,BOA,negative,-0.9998065829277039,negative,-0.296,Other / General Feedback
1390,"Frustrating experience. Crashes frequently, ask to enable internet connection despite having a good internet speed, unresponsive most of the times takes too long to process every action. You simply can't rely on it. Edit: one year since my last review and somehow they managed to make it even worse, why is it crashing without me even opening it?",1,2025-07-11,BOA,negative,-0.9977670907974243,negative,-0.8129,App Performance & Stability
1391,good app,5,2025-07-07,BOA,positive,0.9998493194580078,positive,0.4404,Other / General Feedback
1392,excellent user-friendly,5,2025-07-07,BOA,positive,0.9998366832733154,positive,0.5719,Other / General Feedback
1393,ok,5,2025-07-04,BOA,positive,0.9997851252555847,positive,0.296,Other / General Feedback
1394,cool,5,2025-07-04,BOA,positive,0.9998509883880615,positive,0.3182,Other / General Feedback
1395,very nice app,5,2025-07-01,BOA,positive,0.9998562335968018,positive,0.4754,UI & Customer Experience
1396,This is the most boring app ever I used,1,2025-06-28,BOA,negative,-0.9996930360794067,negative,-0.3804,Other / General Feedback
1397,Great Bank BoA,5,2025-06-28,BOA,negative,-0.5225278735160828,positive,0.6249,Other / General Feedback
1398,don't download this app they are scamers they took from me 1550 from me. play store have to ban this application this is not app it is scamming.,1,2025-06-28,BOA,negative,-0.993279755115509,negative,-0.296,Other / General Feedback
1399,"It is not allowed credit, false word of mouth.",1,2025-06-26,BOA,negative,-0.9996143579483032,negative,-0.2924,Other / General Feedback
1400,"Unfunctional app. I tried registering many times, but it doesn't even send an OTP.",1,2025-06-18,BOA,negative,-0.9991915822029114,neutral,0.0,Account Access & Authentication
1401,the worst application does'nt work,1,2025-06-16,BOA,negative,-0.9998045563697815,negative,-0.6249,Other / General Feedback
1402,"the worst banking app. I have tried to forget pin, but the face recognition part is not working/loading. You kidding this is a business you have to do things better than others to compete in the market.",2,2025-06-16,BOA,negative,-0.9959754347801208,positive,0.1043,App Performance & Stability
1403,Good,5,2025-06-12,BOA,positive,0.9998161196708679,positive,0.4404,Other / General Feedback
1404,good,4,2025-06-12,BOA,positive,0.9998161196708679,positive,0.4404,Other / General Feedback
1405,good,5,2025-06-11,BOA,positive,0.9998161196708679,positive,0.4404,Other / General Feedback
1406,it stop while using it,4,2025-06-08,BOA,negative,-0.9990111589431763,negative,-0.296,Other / General Feedback
1407,Worst app I ever used,1,2025-06-07,BOA,negative,-0.9997842907905579,negative,-0.6249,Other / General Feedback
1408,good app,5,2025-05-31,BOA,positive,0.9998493194580078,positive,0.4404,Other / General Feedback
1409,ok,5,2025-05-30,BOA,positive,0.9997851252555847,positive,0.296,Other / General Feedback
1410,wonderful App you can open account from HOME,5,2025-05-28,BOA,positive,0.9998540878295898,positive,0.5719,App Performance & Stability
1411,Best Bank in African,5,2025-05-28,BOA,positive,0.9997435212135315,positive,0.6369,Other / General Feedback
1412,nice,5,2025-05-27,BOA,positive,0.9998552799224854,positive,0.4215,UI & Customer Experience
1413,excellent,5,2025-05-24,BOA,positive,0.9998434782028198,positive,0.5719,Other / General Feedback
1414,Very good,5,2025-05-24,BOA,positive,0.9998520612716675,positive,0.4927,Other / General Feedback
1415,Ok,5,2025-05-19,BOA,positive,0.9997851252555847,positive,0.296,Other / General Feedback
1416,Very good 👍,5,2025-05-16,BOA,positive,0.999870777130127,positive,0.4927,Other / General Feedback
1417,it is a great backup service when you need some cash .,5,2025-05-15,BOA,positive,0.9931858777999878,positive,0.6249,Customer Support & Service
1418,"I only use it to get a loan. I do not use any other service, because I might die of aging too fast. The patience it needs to load after each touch might kill some one. This app should be arrested for murder. Like I said I only use it to get a loan and repay it back, which ofcourse of there is no history of movement the loan amount provided will decrease significantly, so coming soon I'll quit using this app.",2,2025-05-13,BOA,negative,-0.9995569586753845,negative,-0.9524,Transaction & Payment Issues
1419,Good app,5,2025-05-13,BOA,positive,0.9998493194580078,positive,0.4404,Other / General Feedback
1420,"It's completely non-functional, even basic things like looking at your account details don't work. I was actually surprised by how a bank could rollout such a product to the public. such a failure.",1,2025-05-12,BOA,negative,-0.9997864365577698,neutral,0.0258,UI & Customer Experience
1421,"It doesn`t allow me to put otp; however, it sent me otp",1,2025-05-12,BOA,negative,-0.9964924454689026,positive,0.2263,Account Access & Authentication
1422,it's good idea so I have seen in my banking Experience.,5,2025-05-09,BOA,positive,0.9994522929191589,positive,0.4404,Other / General Feedback
1423,Good,5,2025-05-09,BOA,positive,0.9998161196708679,positive,0.4404,Other / General Feedback
1424,"The most weakest app really. I have been trying to make transaction 1001 times, but still says ""you can not make transaction now try again please"". i think it's nice to review your app again and correct such serious problem. Thank you for understanding🙏",2,2025-05-08,BOA,positive,0.9901549816131592,positive,0.5579,Transaction & Payment Issues
1425,nice,5,2025-05-07,BOA,positive,0.9998552799224854,positive,0.4215,UI & Customer Experience
1426,nice,5,2025-05-06,BOA,positive,0.9998552799224854,positive,0.4215,UI & Customer Experience
1427,nice app,5,2025-05-05,BOA,positive,0.9998061060905457,positive,0.4215,UI & Customer Experience
1428,how i open,2,2025-05-03,BOA,positive,0.99983811378479,neutral,0.0,App Performance & Stability
1429,best abesinia,5,2025-05-03,BOA,positive,0.9964459538459778,positive,0.6369,Other / General Feedback
1430,very important,5,2025-05-03,BOA,positive,0.9997726082801819,positive,0.2716,Other / General Feedback
1431,I'm very happy in this app.,5,2025-05-02,BOA,positive,0.9998524188995361,positive,0.6115,Other / General Feedback
1432,its non functional apps,5,2025-05-02,BOA,negative,-0.990849494934082,neutral,0.0,Other / General Feedback
1433,great,5,2025-05-02,BOA,positive,0.9998630285263062,positive,0.6249,Other / General Feedback
1434,very app,5,2025-05-01,BOA,positive,0.9941576719284058,neutral,0.0,Other / General Feedback
1435,oh tired !!!!!,1,2025-04-30,BOA,negative,-0.9996531009674072,negative,-0.6209,Other / General Feedback
1436,it's great but sometimes suddenly it crashes,4,2025-04-29,BOA,negative,-0.9936888217926025,positive,0.3716,App Performance & Stability
1437,good,5,2025-04-29,BOA,positive,0.9998161196708679,positive,0.4404,Other / General Feedback
1438,good,5,2025-04-26,BOA,positive,0.9998161196708679,positive,0.4404,Other / General Feedback
1439,naic and all,5,2025-04-25,BOA,positive,0.6164385676383972,neutral,0.0,Other / General Feedback
1440,"The application contains numerous bugs, resulting in inconvenient functionality.",1,2025-04-24,BOA,negative,-0.9997324347496033,negative,-0.34,App Performance & Stability
1441,nice but some corrections needs,4,2025-04-24,BOA,negative,-0.958076000213623,positive,0.2263,UI & Customer Experience
1442,best app,5,2025-04-24,BOA,positive,0.999686598777771,positive,0.6369,Other / General Feedback
1443,the worst financial app.,1,2025-04-23,BOA,negative,-0.9998050332069397,negative,-0.6249,Other / General Feedback
1444,Apollo is a better than other's,5,2025-04-23,BOA,positive,0.9997591376304626,positive,0.4404,Transaction & Payment Issues
1445,the app not working,1,2025-04-22,BOA,negative,-0.999764621257782,neutral,0.0,Other / General Feedback
1446,GOAT App 💪,5,2025-04-22,BOA,negative,-0.977754533290863,neutral,0.0,Other / General Feedback
1447,best application,5,2025-04-21,BOA,positive,0.9998098015785217,positive,0.6369,Other / General Feedback
1448,"The app has improved, nonetheless there is a long way to flawless functionality.",3,2025-04-21,BOA,positive,0.9988768696784973,positive,0.7506,Other / General Feedback
1449,how can i open Apollo app?,5,2025-04-21,BOA,negative,-0.9965355396270752,neutral,0.0,Transaction & Payment Issues
1450,it's very easy but makes crazy nice job. Bank of Abesina,5,2025-04-18,BOA,positive,0.9996827840805054,positive,0.4012,UI & Customer Experience
1451,I suggest more improvement and upgrading on it,2,2025-04-17,BOA,negative,-0.8046236038208008,positive,0.5095,Other / General Feedback
1452,"it's good,but apps not working properly especially login and during transaction time",2,2025-04-16,BOA,negative,-0.9987755417823792,neutral,0.0,Account Access & Authentication
1453,I am downloading the app😂 I will tell you after I use it,5,2025-04-16,BOA,negative,-0.8274645209312439,positive,0.4404,App Performance & Stability
1454,"disgusting app. please reconsider before installing. I even tried to contact the call center, but nothing fruitful. I can see that how much the advertising loudly speaks, on the ground it is not functional at all. they told me to uninstall and reinstall again, and i did it for 10 times but nothing improved. don't install this app.",1,2025-04-16,BOA,negative,-0.9997140765190125,negative,-0.5968,UI & Customer Experience
1455,I have no idea its very complicated 😕,1,2025-04-16,BOA,negative,-0.9902352690696716,negative,-0.5829,Other / General Feedback
1456,"I highly recommend not downloading this app. I can't see my balance, and it takes eternity to load. In my opinion, it doesn't deserve the hype on social media.",1,2025-04-16,BOA,negative,-0.9992081522941589,positive,0.4201,App Performance & Stability
1457,THIS IS THE WORST APP EVER...Please do not engage i advise you,1,2025-04-15,BOA,negative,-0.999790370464325,negative,-0.7826,Other / General Feedback
1458,why didn't worked correctly on my device,5,2025-04-15,BOA,negative,-0.9997393488883972,neutral,0.0,Other / General Feedback
1459,best,1,2025-04-15,BOA,positive,0.9997941851615906,positive,0.6369,Other / General Feedback
1460,There are too many troubles and issues while trying to login or using the app. You had better to re develop the software,1,2025-04-14,BOA,negative,-0.9997233748435974,neutral,-0.0258,Account Access & Authentication
1461,"This has been the most disappointing financial app I’ve ever used. It’s completely non-functional—I can’t even access the funds I entrusted to this platform. Despite numerous negative reviews and feedback, the bank's higher officials have taken no meaningful steps to resolve the issue. This lack of accountability is unacceptable. I would be happy to give it less than one star if that were possible.",1,2025-04-14,BOA,negative,-0.9998095631599426,neutral,0.0046,Account Access & Authentication
1462,to much complained about why still.,1,2025-04-13,BOA,negative,-0.9962210655212402,negative,-0.4019,Other / General Feedback
1463,isit true or not app,4,2025-04-13,BOA,negative,-0.9888581037521362,positive,0.4215,Other / General Feedback
1464,best of apollo nice,5,2025-04-12,BOA,positive,0.9997342228889465,positive,0.7906,Transaction & Payment Issues
1465,i have intrest for yoth thise app,5,2025-04-11,BOA,negative,-0.9343142509460449,neutral,0.0,Other / General Feedback
1466,This is by far the worst application I’ve ever downloaded on my phone. I strongly advise others not to install or use it. I believe the developers or concerned parties need to make significant improvements to enhance the user experience.,5,2025-04-11,BOA,negative,-0.999778687953949,positive,0.4215,Other / General Feedback
1467,"the app is user-friendly and I love the platform it contain usefull thing like loan,QR code, and digital card",5,2025-04-11,BOA,positive,0.9951825737953186,positive,0.7717,Account Access & Authentication
1468,it's not functional,2,2025-04-11,BOA,negative,-0.9997854828834534,neutral,0.0,Other / General Feedback
1469,very slow booting,3,2025-04-11,BOA,negative,-0.9993550181388855,neutral,0.0,App Performance & Stability
1470,"I've known this app for 4 years now, and it's still completely unusable. I can’t even create an account. When I try to sign up, it says “User already registered.” But when I try to log in with the same details, it says “User doesn’t exist.” What does that even mean? It makes no sense at all! The app feels broken and unreliable—even after all these years.Still waiting for it to actually work...",1,2025-04-10,BOA,negative,-0.9997735619544983,negative,-0.7712,Account Access & Authentication
1471,waw best app,5,2025-04-10,BOA,positive,0.9981854557991028,positive,0.6369,Other / General Feedback
1472,apollo app abisenya bank my 1choice,5,2025-04-10,BOA,negative,-0.9355577230453491,neutral,0.0,Transaction & Payment Issues
1473,it is nice for merchants,5,2025-04-09,BOA,positive,0.9998040795326233,positive,0.4215,UI & Customer Experience
1474,thise plat form is the best,5,2025-04-09,BOA,positive,0.9995735287666321,positive,0.6369,Other / General Feedback
1475,Otp does not arrive either via email or phone number.,2,2025-04-08,BOA,negative,-0.999652624130249,positive,0.0772,Account Access & Authentication
1476,good,5,2025-04-08,BOA,positive,0.9998161196708679,positive,0.4404,Other / General Feedback
1477,BoA Best,5,2025-04-05,BOA,positive,0.9997794032096863,positive,0.6369,Other / General Feedback
1478,"it is abest platform that i have seen in my banking experiance. its features are best and helpful. i injoy self account opening with out any needs of branchs, digital loan and card management(digital card). but i have seen some drawbacks like 1, card digitalization is not always active, 2 the system is not fast and needs strong network to login , 3 it is not work when we login with another phone.",5,2025-04-04,BOA,negative,-0.9580084085464478,positive,0.8524,Account Access & Authentication
1479,"I have been using apollo for about a year but they took all the money in my account. For some reason I don't know. When I asked them, they told me to come to Addis Ababa in person and ask, but I opened it online. They are very suspicious. Be careful 🙏",1,2025-04-04,BOA,negative,-0.9901269674301147,negative,-0.3386,Transaction & Payment Issues
1480,whay no work?,1,2025-04-03,BOA,negative,-0.9980589747428894,negative,-0.296,Other / General Feedback
1481,"great app for financial services,but why we pay?",5,2025-04-03,BOA,negative,-0.6856958270072937,positive,0.5719,Transaction & Payment Issues
1482,most of the time it doesn't even work at all. It just freezes over. BOA should seriously consider improving it or discontinuing it. This is embarrassing!,1,2025-04-03,BOA,negative,-0.9997217059135437,negative,-0.2244,App Performance & Stability
1483,it make annoyed every time I uses it.,1,2025-04-02,BOA,negative,-0.9977017045021057,negative,-0.3818,Other / General Feedback
1484,The app does not work existing account and creat new account what happen?,1,2025-04-02,BOA,negative,-0.9996896982192993,neutral,0.0,Other / General Feedback
1485,it's best mobile banking app,5,2025-04-02,BOA,positive,0.9998165965080261,positive,0.6369,Other / General Feedback
1486,good,5,2025-04-01,BOA,positive,0.9998161196708679,positive,0.4404,Other / General Feedback
1487,A very nice apk to have a bank account with out visiting branches.,5,2025-04-01,BOA,positive,0.9996979236602783,positive,0.4754,UI & Customer Experience
1488,good app,5,2025-04-01,BOA,positive,0.9998493194580078,positive,0.4404,Other / General Feedback
1489,"Its not opening, neither updates",1,2025-04-01,BOA,negative,-0.9993641972541809,neutral,0.0,App Performance & Stability
1490,its the worst app,1,2025-04-01,BOA,negative,-0.9997957348823547,negative,-0.6249,Other / General Feedback
1491,great and easily operated app,5,2025-03-31,BOA,positive,0.9995369911193848,positive,0.7579,Other / General Feedback
1492,it's fantastic application use it everybody.,5,2025-03-31,BOA,positive,0.9997890591621399,positive,0.5574,Other / General Feedback
1493,it is intersting,5,2025-03-31,BOA,positive,0.7520334124565125,neutral,0.0,Other / General Feedback
1494,ok,5,2025-03-30,BOA,positive,0.9997851252555847,positive,0.296,Other / General Feedback
1495,boa,5,2025-03-29,BOA,negative,-0.7410526871681213,neutral,0.0,Other / General Feedback
1496,improve my business,5,2025-03-29,BOA,positive,0.9996438026428223,positive,0.4404,Other / General Feedback
1497,the worst app I have ever used. It is disgusting even after update. make quick improvements before it is too little too late,2,2025-03-28,BOA,negative,-0.9997633099555969,negative,-0.7351,UI & Customer Experience
1498,what an app. You don't need to go to bank to open an account!!,5,2025-03-28,BOA,positive,0.9984678626060486,neutral,0.0,App Performance & Stability
1499,i used to like this app,1,2025-03-28,BOA,positive,0.997892439365387,positive,0.3612,Other / General Feedback
1500,it is not working just a black screen crashing many times,2,2025-03-28,BOA,negative,-0.9919955730438232,neutral,0.0,App Performance & Stability
1501,"hello,well come to new apollo app digital transaction...or appol app electronic money transaction system.....we are going to create new country .....with new innovetion....new future...new idea ......new technology.... with new app.......thanks",5,2025-03-27,BOA,positive,0.9722045660018921,positive,0.2732,Transaction & Payment Issues
1502,good,4,2025-03-27,BOA,positive,0.9998161196708679,positive,0.4404,Other / General Feedback
1503,good,5,2025-03-26,BOA,positive,0.9998161196708679,positive,0.4404,Other / General Feedback
1504,I think the App will help me in connecting with the financial institutions easily allows me to create and manage my bank accounts without having to visit a branch.,5,2025-03-25,BOA,positive,0.9957721829414368,positive,0.7351,Customer Support & Service
1505,whay not work?????,2,2025-03-25,BOA,negative,-0.9981973767280579,neutral,0.0,Other / General Feedback
1506,I can't open,5,2025-03-25,BOA,negative,-0.9996390342712402,neutral,0.0,App Performance & Stability
1507,good,5,2025-03-24,BOA,positive,0.9998161196708679,positive,0.4404,Other / General Feedback
1508,It is difficult to pay off our loan and borrow again,3,2025-03-24,BOA,negative,-0.9997367262840271,negative,-0.4404,Transaction & Payment Issues
1509,good apps,3,2025-03-23,BOA,positive,0.9998608827590942,positive,0.4404,Other / General Feedback
1510,the app doesn't work! it ranks at top useless apps created by BOA!,1,2025-03-22,BOA,negative,-0.999811589717865,neutral,0.0,Other / General Feedback
1511,it was good at first but now it keeps lagging and it crashes.,2,2025-03-21,BOA,negative,-0.9995543360710144,negative,-0.1779,App Performance & Stability
1512,good app,5,2025-03-21,BOA,positive,0.9998493194580078,positive,0.4404,Other / General Feedback
1513,good,5,2025-03-21,BOA,positive,0.9998161196708679,positive,0.4404,Other / General Feedback
1514,The app free during transaction and terminate by itself and become boring mobile app. It is good if work hard to fix bugs and errors occurred. BUT I LIKE THE APP.,4,2025-03-20,BOA,negative,-0.5734213590621948,positive,0.7095,Transaction & Payment Issues
1515,"just, compare with telebirr super app",1,2025-03-19,BOA,negative,-0.9370250701904297,positive,0.5994,Other / General Feedback
1516,nice 👍 one,5,2025-03-19,BOA,positive,0.9998326301574707,positive,0.4215,UI & Customer Experience
1517,Nice App Apollo,5,2025-03-19,BOA,positive,0.9996806383132935,positive,0.4215,Transaction & Payment Issues
1518,abbysinia bank 🏦 is faster than CBE,5,2025-03-18,BOA,positive,0.9905469417572021,neutral,0.0,Other / General Feedback
1519,cool,5,2025-03-18,BOA,positive,0.9998509883880615,positive,0.3182,Other / General Feedback
1520,The application doesn't work. Very slow 🐌 overall unusable,1,2025-03-18,BOA,negative,-0.9998125433921814,neutral,0.0,App Performance & Stability
1521,The Best and user friendly financial app I have ever Experienced! 👌 Thank you!,5,2025-03-18,BOA,positive,0.9997637867927551,positive,0.9487,UI & Customer Experience
1522,"The app is really frustrating. The OTP delivery is always delayed, causing a lot of inconvenience. Please check and enhance this feature for a smoother experience. Learn from the Telebirr app, which provides faster and more reliable OTP delivery.",1,2025-03-18,BOA,negative,-0.9905226826667786,negative,-0.6478,Account Access & Authentication
1523,I liked this app,5,2025-03-18,BOA,positive,0.9995848536491394,positive,0.4215,Other / General Feedback
1524,This app is very fast,5,2025-03-14,BOA,positive,0.998580813407898,neutral,0.0,Other / General Feedback
1525,Nice 👍,5,2025-03-10,BOA,positive,0.9998424053192139,positive,0.4215,UI & Customer Experience
1526,"It was working well when it got launched but it performing very badly in recent time. It would be helpful if the issue is resolved as soon as possible and from what i can see from other people review, no one took the time to consider the feed back customers gave about the issues.",1,2025-03-10,BOA,negative,-0.9993371367454529,negative,-0.2118,Customer Support & Service
1527,Its very good performance,5,2025-03-09,BOA,positive,0.9998655319213867,positive,0.4927,Other / General Feedback
1528,Nice,5,2025-03-06,BOA,positive,0.9998552799224854,positive,0.4215,UI & Customer Experience
1529,Awesome app,5,2025-03-04,BOA,positive,0.9998600482940674,positive,0.6249,Other / General Feedback
1530,"It's an interesting app, but the loan amount is low, and I would appreciate the BOA to make an interest rate fair and Others issues like the loans yearly, 9 months ,6 months, etc. with different options. Thank you.",3,2025-03-04,BOA,negative,-0.7624083161354065,positive,0.9451,Other / General Feedback
1531,App crashs when you go to loan option and try to open the camera to take a selfie for verification also clearing the cache isn't helping,3,2025-03-01,BOA,negative,-0.9997488856315613,negative,-0.2235,Account Access & Authentication
1532,Nice work of BOA and problem solving idea,5,2025-02-26,BOA,positive,0.9998180270195007,positive,0.3612,UI & Customer Experience
1533,best,5,2025-02-20,BOA,positive,0.9997941851615906,positive,0.6369,Other / General Feedback
1534,The worst mobile banking platform,1,2025-02-20,BOA,negative,-0.9998034834861755,negative,-0.6249,Other / General Feedback
1535,this app doesn't work and i cant access my account.why don't you fix it,1,2025-02-14,BOA,negative,-0.9996764659881592,neutral,0.0,Account Access & Authentication
1536,This app gives me more headache than solutions. I can't even log in,1,2025-02-14,BOA,negative,-0.9994551539421082,positive,0.2415,Other / General Feedback
1537,I like it this app but improve app Android,3,2025-02-12,BOA,positive,0.9854024648666382,positive,0.6808,Other / General Feedback
1538,Wow very good app,4,2025-02-10,BOA,positive,0.9998658895492554,positive,0.7902,Other / General Feedback
1539,The most useless financial app i have ever seen from the entire playstore. What is the purpose of this app if i can't even login to my account. I don't recommend to anyone this app. Please don't waste your time while downloading the app and try to login into it!! Please fix the issue ABYSSINIA BANK!! I haven't expected this kind of carelessness from you.,1,2025-02-09,BOA,negative,-0.9992830157279968,negative,-0.4822,Account Access & Authentication
1540,BEST,5,2025-02-09,BOA,positive,0.9997941851615906,positive,0.6369,Other / General Feedback
1541,Best but not.gooooood,4,2025-02-08,BOA,negative,-0.8273674249649048,positive,0.3818,Other / General Feedback
1542,The app is very unstable especially for a digital bank.,1,2025-02-08,BOA,negative,-0.9995554089546204,negative,-0.4201,Other / General Feedback
1543,Good,5,2025-02-07,BOA,positive,0.9998161196708679,positive,0.4404,Other / General Feedback
1544,"The only good thing is interest rate, it is fair and reasonable, but the app is very slow.",2,2025-02-04,BOA,negative,-0.9988890290260315,positive,0.5574,App Performance & Stability
1545,Very slow app,1,2025-02-04,BOA,negative,-0.9994951486587524,neutral,0.0,App Performance & Stability
1546,It takes many hours to open an account.,3,2025-02-03,BOA,negative,-0.99625563621521,neutral,0.0,App Performance & Stability
1547,Good,5,2025-02-02,BOA,positive,0.9998161196708679,positive,0.4404,Other / General Feedback
1548,"Bad User Experience overall, and has bugs... Show errors that developers can see which is an issue, which provides hints to hackers....allowed me to update my password but didn't update opened with past password. Its good idea that they have but, the app is just doesn't feel safe or premium which is what they advertising for! The Boa app is better than this",1,2025-01-30,BOA,negative,-0.9978017210960388,positive,0.4466,Account Access & Authentication
1549,Not functional,1,2025-01-29,BOA,negative,-0.999778687953949,neutral,0.0,Other / General Feedback
1550,The app doesn't installed for me. Also it doesn't work at all,1,2025-01-27,BOA,negative,-0.9996824264526367,neutral,0.0,Other / General Feedback
1551,Good app,5,2025-01-26,BOA,positive,0.9998493194580078,positive,0.4404,Other / General Feedback
1552,Nice page,5,2025-01-26,BOA,positive,0.9998399019241333,positive,0.4215,UI & Customer Experience
1553,Good,5,2025-01-24,BOA,positive,0.9998161196708679,positive,0.4404,Other / General Feedback
1554,Good,5,2025-01-21,BOA,positive,0.9998161196708679,positive,0.4404,Other / General Feedback
1555,Its good but doesn't give loan,5,2025-01-21,BOA,positive,0.95572429895401,positive,0.2382,Other / General Feedback
1556,Good,5,2025-01-21,BOA,positive,0.9998161196708679,positive,0.4404,Other / General Feedback
1557,"I have used this app more than 2 years but with its problem. This app need big update.Even now I can't login to the app, it resets my biometric by itself and asks me to enter password, when I entered password it stays unlogged in and no message.",1,2025-01-21,BOA,negative,-0.9977926015853882,negative,-0.7469,Account Access & Authentication
1558,Help is good,2,2025-01-20,BOA,positive,0.9998301267623901,positive,0.6808,Customer Support & Service
1559,Just keeps rejecting my face Id and reseted my credit limit which I built with so much effort.,1,2025-01-20,BOA,negative,-0.9947344064712524,negative,-0.1027,UI & Customer Experience
1560,The worst app. The first time it Couldn't even open from the beginning saying that it can't find internet connection even if i just downloaded it from playstore. Now it opens but won't let confirm the otp. The keyboard will not appear when i try to confirm the otp it sends me.,1,2025-01-19,BOA,negative,-0.9997655749320984,negative,-0.3716,Account Access & Authentication
1561,Amazing this application Please enjoys it i like it,5,2025-01-19,BOA,positive,0.999873161315918,positive,0.8979,Other / General Feedback
1562,your App Increased Our Darkness Life,1,2025-01-16,BOA,positive,0.9887378215789795,neutral,0.0258,Other / General Feedback
1563,Good,5,2025-01-15,BOA,positive,0.9998161196708679,positive,0.4404,Other / General Feedback
1564,It's not working fix it,1,2025-01-14,BOA,negative,-0.9997865557670593,neutral,0.0,Other / General Feedback
1565,Big bank with stupid stuff,1,2025-01-11,BOA,negative,-0.9993802309036255,negative,-0.5267,Other / General Feedback
1566,Best App of My Bank it is Best of Best,5,2025-01-11,BOA,positive,0.9996172189712524,positive,0.9274,Other / General Feedback
1567,Such a boring App i ever used!,1,2025-01-09,BOA,negative,-0.999669075012207,negative,-0.3802,Other / General Feedback
1568,The non instant option keeps declining The USSD virtion keeps asking for registration even i repeatedly reset it The app keeps freezing At all it is the worst financial app i have ever used,1,2025-01-09,BOA,negative,-0.9997879862785339,negative,-0.6705,Other / General Feedback
1569,I'm very happy with this bank. Because of your custamer service.,4,2025-01-05,BOA,positive,0.9998528957366943,positive,0.6115,Customer Support & Service
1570,"The app is doing well,but sometimes its so borried to open and not working properly.",1,2025-01-05,BOA,negative,-0.9992559552192688,neutral,0.0,App Performance & Stability
1571,I Have work,5,2025-01-04,BOA,positive,0.9994485974311829,neutral,0.0,Other / General Feedback
1572,good App,5,2025-01-03,BOA,positive,0.9998493194580078,positive,0.4404,Other / General Feedback
1573,Best application,5,2025-01-03,BOA,positive,0.9998098015785217,positive,0.6369,Other / General Feedback
1574,everyday need update,5,2025-01-01,BOA,positive,0.9402772188186646,neutral,0.0,Other / General Feedback
1575,The worst financial app in ethiopia... don't use it,1,2024-12-30,BOA,negative,-0.9998039603233337,negative,-0.6249,Other / General Feedback
1576,Very nice,5,2024-12-29,BOA,positive,0.9998563528060913,positive,0.4754,UI & Customer Experience
1577,It's not worked,1,2024-12-27,BOA,negative,-0.9997321963310242,neutral,0.0,Other / General Feedback
1578,Active,5,2024-12-27,BOA,positive,0.9998134970664978,positive,0.4019,Other / General Feedback
1579,For now I change my review keep it up,3,2024-12-27,BOA,negative,-0.8259869813919067,neutral,0.0,Other / General Feedback
1580,Good,5,2024-12-26,BOA,positive,0.9998161196708679,positive,0.4404,Other / General Feedback
1581,It is nice app.,5,2024-12-25,BOA,positive,0.9998434782028198,positive,0.4215,UI & Customer Experience
1582,Apolo is good app in terms of service types but the app is very passiveness. It is very boring and time consuming. Please make it easily accessible.,3,2024-12-25,BOA,negative,-0.98573237657547,positive,0.5589,Account Access & Authentication
1583,It is good app,5,2024-12-22,BOA,positive,0.9998652935028076,positive,0.4404,Other / General Feedback
1584,Bast app,5,2024-12-21,BOA,positive,0.9979962110519409,neutral,0.0,Other / General Feedback
1585,Nice,5,2024-12-20,BOA,positive,0.9998552799224854,positive,0.4215,UI & Customer Experience
1586,Its perfect,5,2024-12-20,BOA,positive,0.9998564720153809,positive,0.5719,UI & Customer Experience
1587,"The idea on this app was best, but there is some exceptions on the Apollo app please approve it if you need Us to use for prolonged.",3,2024-12-19,BOA,positive,0.9421173334121704,positive,0.6757,Transaction & Payment Issues
1588,Excellent service,5,2024-12-18,BOA,positive,0.9998576641082764,positive,0.5719,Customer Support & Service
1589,Great,4,2024-12-18,BOA,positive,0.9998630285263062,positive,0.6249,Other / General Feedback
1590,It's not functional for all Mobile phones. Only latest phones only.,1,2024-12-18,BOA,negative,-0.9995230436325073,neutral,0.0,Other / General Feedback
1591,"Very poorly developed application. Fails too many times, features on the interface doesn't work, looks like a trial version. Even can't manage the app personally!!",1,2024-12-18,BOA,negative,-0.9997770190238953,negative,-0.6698,UI & Customer Experience
1592,I have saved my money in this app a month ago but there is no 9% interest. and I can't also find any info or documentation online regarding this app to understand how the interest rate works,1,2024-12-18,BOA,negative,-0.9982913136482239,neutral,-0.031,Transaction & Payment Issues
1593,i don't know z reason but this app doesn't installed on my handset.,1,2024-12-17,BOA,negative,-0.997389018535614,neutral,0.0,Other / General Feedback
1594,The star app,2,2024-12-17,BOA,positive,0.9887549877166748,neutral,0.0,Other / General Feedback
1595,For all,5,2024-12-12,BOA,positive,0.9983256459236145,neutral,0.0,Other / General Feedback
1596,Not working,1,2024-12-12,BOA,negative,-0.9997778534889221,neutral,0.0,Other / General Feedback
1597,I cannot update my profile and due to that I can't make transaction.,2,2024-12-11,BOA,negative,-0.9991453886032104,neutral,0.0,Transaction & Payment Issues
1598,Ok,5,2024-12-11,BOA,positive,0.9997851252555847,positive,0.296,Other / General Feedback
1599,Best app,5,2024-12-10,BOA,positive,0.999686598777771,positive,0.6369,Other / General Feedback
1600,Great App,5,2024-12-10,BOA,positive,0.999821126461029,positive,0.6249,Other / General Feedback
1601,The loan area keeps crushing if you are no longer interested in doing loans please remove it. Don't confuse user. Thanks,2,2024-12-09,BOA,negative,-0.9866431951522827,negative,-0.6595,Other / General Feedback
1602,"The app bring good idea and one step go forward to the modern e-banking... But it's not working at all, so it needs some improvement please upgrade it...",2,2024-12-08,BOA,negative,-0.9981405735015869,positive,0.836,Other / General Feedback
1603,Good work experience,5,2024-12-08,BOA,positive,0.9998573064804077,positive,0.4404,Other / General Feedback
1604,Not working,1,2024-12-08,BOA,negative,-0.9997778534889221,neutral,0.0,Other / General Feedback
1605,They have do not rady not parfacte use app way?,5,2024-12-07,BOA,negative,-0.9902134537696838,neutral,0.0,Other / General Feedback
1606,Really it's a good application & accessible for loan opportunity!!,5,2024-12-07,BOA,positive,0.9997661709785461,positive,0.7613,Account Access & Authentication
1607,"They have improved since the start. For that progress, i have changed my review.",5,2024-12-04,BOA,positive,0.9960318207740784,positive,0.7096,Other / General Feedback
1608,"This is by far the worst financial app I've used. Most of the time, it doesn't work at all, and even logging in is a struggle. When I manage to get in, it constantly shows error messages, making it impossible to complete any tasks. For a financial app, reliability is crucial, but this app is nothing but a disappointment. I don't recommend it to anyone until these issues are resolved.",1,2024-12-04,BOA,negative,-0.9997424483299255,negative,-0.276,App Performance & Stability
1609,Transfer,5,2024-11-29,BOA,positive,0.9731263518333435,neutral,0.0,Transaction & Payment Issues
1610,"Wow! What a disappointment. I think you better take lessons from the other banks how banking system and mobile banking has to work. Nothing works at all. Just ""system error and please try again"" everytime trying to even complete basic tasks. Peoples should avoid this bank at all.",1,2024-11-29,BOA,negative,-0.9998036026954651,positive,0.2714,App Performance & Stability
1611,It takes too much time to upgrade loan amount.,3,2024-11-27,BOA,negative,-0.9996598958969116,neutral,0.0,Other / General Feedback
1612,Its good,5,2024-11-26,BOA,positive,0.9998385906219482,positive,0.4404,Other / General Feedback
1613,well done and Very good keep it up continue,5,2024-11-26,BOA,positive,0.9998704195022583,positive,0.6478,Other / General Feedback
1614,Best app,5,2024-11-26,BOA,positive,0.999686598777771,positive,0.6369,Other / General Feedback
1615,"""No account exists for this user"" What does this mean? I am already started to use and deposited some amount of money. It happened after I updated the new version. It has to be fixed! It needs to be fixed very quickly. I gave one star only for the idea that ""opening an account without going to the bank.""",1,2024-11-25,BOA,negative,-0.9995899796485901,neutral,0.0,Transaction & Payment Issues
1616,It is good app,5,2024-11-22,BOA,positive,0.9998652935028076,positive,0.4404,Other / General Feedback
1617,Apollo app is not active.,5,2024-11-22,BOA,negative,-0.9996289014816284,negative,-0.3089,Transaction & Payment Issues
1618,Ok,5,2024-11-19,BOA,positive,0.9997851252555847,positive,0.296,Other / General Feedback
1619,Why need astrong conection?,5,2024-11-19,BOA,negative,-0.993339478969574,neutral,0.0,Other / General Feedback
1620,No comment here,2,2024-11-19,BOA,negative,-0.9890053868293762,negative,-0.296,Other / General Feedback
1621,Ok,5,2024-11-18,BOA,positive,0.9997851252555847,positive,0.296,Other / General Feedback
1622,The app is a huge failure. Stop forcing apps that don't even pass as beta projects to your customers. We expect a better super app from your team just like cbe and telebirr. Shame!,1,2024-11-15,BOA,negative,-0.9998050332069397,positive,0.5093,Other / General Feedback
1623,"The app is getting worse and worse time to time. I mean what is the point of restricting screen shoot on a financial application? The UI, come on. Also can't use the app if I m on developer mode? The hell? Its load time😁 that is hellarious. I believe it can be done better. for reference the dsiegn team should refer some of the other apps. may be cbe birr and amole lite should be a good inspiration. I hope we ll get a better app on next updates.",1,2024-11-14,BOA,negative,-0.9991216063499451,positive,0.4098,Transaction & Payment Issues
1624,It's 👍👍👍👍Good,2,2024-11-13,BOA,positive,0.9126972556114197,neutral,0.0,Other / General Feedback
1625,Good,5,2024-11-13,BOA,positive,0.9998161196708679,positive,0.4404,Other / General Feedback
1626,This app Working 50/50 off/on,2,2024-11-13,BOA,negative,-0.9917228817939758,neutral,0.0,Other / General Feedback
1627,amazing,5,2024-11-12,BOA,positive,0.999875545501709,positive,0.5859,Other / General Feedback
1628,poor performance,1,2024-11-11,BOA,negative,-0.999767005443573,negative,-0.4767,Other / General Feedback
1629,ok,5,2024-11-11,BOA,positive,0.9997851252555847,positive,0.296,Other / General Feedback
1630,Good,5,2024-11-09,BOA,positive,0.9998161196708679,positive,0.4404,Other / General Feedback
1631,This is the worst mobile app I ever encountered. Frequent stuck and shutdown.,1,2024-11-09,BOA,negative,-0.9998055100440979,negative,-0.7269,Other / General Feedback
1632,Best,4,2024-11-08,BOA,positive,0.9997941851615906,positive,0.6369,Other / General Feedback
1633,May app no active?,2,2024-11-08,BOA,negative,-0.9993125200271606,negative,-0.3089,Other / General Feedback
1634,Nice Job,5,2024-11-06,BOA,positive,0.9998424053192139,positive,0.4215,UI & Customer Experience
1635,Excellent,5,2024-11-05,BOA,positive,0.9998434782028198,positive,0.5719,Other / General Feedback
1636,I want by my wage for month pay credit ?,5,2024-11-05,BOA,negative,-0.9983749389648438,positive,0.3612,Transaction & Payment Issues
1637,It does not working.How can i improve it,5,2024-11-03,BOA,negative,-0.9996675252914429,positive,0.4404,Other / General Feedback
1638,Thanks for serves,5,2024-11-03,BOA,positive,0.9997556805610657,positive,0.4404,Other / General Feedback
1639,It's good app but sometimes it's not working when i open loan option and he say take a selfie then he took me back to home,5,2024-11-02,BOA,negative,-0.986474335193634,positive,0.2382,App Performance & Stability
1640,Apollo is the app with it's Platform,5,2024-10-31,BOA,positive,0.9172843098640442,neutral,0.0,Transaction & Payment Issues
1641,Good,5,2024-10-31,BOA,positive,0.9998161196708679,positive,0.4404,Other / General Feedback
1642,this app is crushing frequently. and the application doesn't give a loading feedback and it looks like it is freezing.,2,2024-10-30,BOA,negative,-0.9992938041687012,negative,-0.1027,App Performance & Stability
1643,Ok,5,2024-10-29,BOA,positive,0.9997851252555847,positive,0.296,Other / General Feedback
1644,best,5,2024-10-28,BOA,positive,0.9997941851615906,positive,0.6369,Other / General Feedback
1645,I can't acces this app👎,1,2024-10-28,BOA,negative,-0.9943766593933105,neutral,0.0,Other / General Feedback
1646,"If I could give 0 stars or negative, I would, I recently transferred all my money in my bank to apollo its been months I cant access it back because of the app, this is the worst app I' ve en encountered to date,knowing this is the age of digital financing I suggest you stay far away from this app, it's unreliable waste of time , if I could sue BOA I would do that ASAP,this app should take down from playstore ASAP, cause it's a scam",1,2024-10-27,BOA,negative,-0.9998086094856262,negative,-0.936,Account Access & Authentication
1647,To many bugs and errors fix that asap,1,2024-10-26,BOA,negative,-0.998847484588623,negative,-0.34,App Performance & Stability
1648,It is Very good app thanks,5,2024-10-25,BOA,positive,0.9998583793640137,positive,0.7474,Other / General Feedback
1649,Its good,5,2024-10-25,BOA,positive,0.9998385906219482,positive,0.4404,Other / General Feedback
1650,Clear cach,1,2024-10-25,BOA,negative,-0.9424462914466858,positive,0.3818,Other / General Feedback
1651,This app didn work,5,2024-10-23,BOA,negative,-0.9919090867042542,neutral,0.0,Other / General Feedback
1652,best,5,2024-10-21,BOA,positive,0.9997941851615906,positive,0.6369,Other / General Feedback
1653,"When you ask for salary advance loan it says ""update you profile first"" when you press update profile it says ""profile already updated"" then when you try the loan ""update your profile"" its really annoying",2,2024-10-21,BOA,negative,-0.999495267868042,negative,-0.4576,Other / General Feedback
1654,good,4,2024-10-20,BOA,positive,0.9998161196708679,positive,0.4404,Other / General Feedback
1655,"Fake app, don't try it is wast of your time.",1,2024-10-20,BOA,negative,-0.9994094371795654,negative,-0.4767,Other / General Feedback
1656,Good,5,2024-10-19,BOA,positive,0.9998161196708679,positive,0.4404,Other / General Feedback
1657,It is good apps,4,2024-10-17,BOA,positive,0.999873161315918,positive,0.4404,Other / General Feedback
1658,Hello everyone I am Abraham moges worku from Ethiopia can this app working for me to receiving money from anywhere to Ethiopia to me by digital banking option please?,5,2024-10-16,BOA,negative,-0.9909710884094238,positive,0.3182,Transaction & Payment Issues
1659,Sory B/c my phone not use,5,2024-10-16,BOA,negative,-0.98479825258255,neutral,0.0,Other / General Feedback
1660,Apollo Good Apk,5,2024-10-16,BOA,positive,0.9998332262039185,positive,0.4404,Transaction & Payment Issues
1661,"I'm writing to express my disappointment with the underperformance of the Apollo app. The app freezing and crashing repeatedly has prevented me from completing urgent personal and business transactions, leading others to question my loyalty and reliability. Additionally, the microloan feature denied my requests without valid reasons. I request that you prioritize resolving these worst issues professionally. Hope to see a few improvements in the app's performance soon, as solutions.",1,2024-10-12,BOA,negative,-0.9997149109840393,positive,0.296,Transaction & Payment Issues
1662,Best of all. Abyssinia is the Best in all Digital products I appreciate. Thanks,5,2024-10-11,BOA,positive,0.9998656511306763,positive,0.9325,Other / General Feedback
1663,Ok,5,2024-10-09,BOA,positive,0.9997851252555847,positive,0.296,Other / General Feedback
1664,Uses more space and too delay to process any tap.,1,2024-10-09,BOA,negative,-0.9991493225097656,negative,-0.3182,Other / General Feedback
1665,Is this even an app..?? I am confused... doesn't Abyssinia pay for the developers... I am a junior developer but won't develop such a trash app,1,2024-10-05,BOA,negative,-0.9987857937812805,negative,-0.2173,Transaction & Payment Issues
1666,it doesn't work for android version below 10,1,2024-10-02,BOA,negative,-0.9950577020645142,neutral,0.0,Other / General Feedback
1667,It's very good application,5,2024-10-01,BOA,positive,0.9998705387115479,positive,0.4927,Other / General Feedback
1668,Best app,4,2024-09-28,BOA,positive,0.999686598777771,positive,0.6369,Other / General Feedback
1669,You Have great customer service as a bank I'm greatly appreciate it. when it comes to apollo the idea was good but it is not functioning at all so fix this asap.,3,2024-09-27,BOA,negative,-0.9952788352966309,positive,0.6701,Transaction & Payment Issues
1670,Not good not bad app,1,2024-09-27,BOA,positive,0.9966536164283752,negative,-0.5824,Other / General Feedback
1671,Good but delay to search,5,2024-09-26,BOA,negative,-0.9011006355285645,negative,-0.25,Other / General Feedback
1672,Does not open and work anything is inactive 🙁🙁🙁,1,2024-09-24,BOA,negative,-0.9996578693389893,negative,-0.6509,App Performance & Stability
1673,It needs further update,5,2024-09-24,BOA,negative,-0.9978436231613159,neutral,0.0,Other / General Feedback
1674,i am family i need loan ofbirr,5,2024-09-24,BOA,negative,-0.6846871376037598,neutral,0.0,Other / General Feedback
1675,nice app,5,2024-09-22,BOA,positive,0.9998061060905457,positive,0.4215,UI & Customer Experience
1676,Nice,5,2024-09-22,BOA,positive,0.9998552799224854,positive,0.4215,UI & Customer Experience
1677,Smart credit app and please allow credit as previous,5,2024-09-21,BOA,positive,0.9970738887786865,positive,0.8779,Other / General Feedback
1678,Very nice,5,2024-09-20,BOA,positive,0.9998563528060913,positive,0.4754,UI & Customer Experience
1679,Good,3,2024-09-20,BOA,positive,0.9998161196708679,positive,0.4404,Other / General Feedback
1680,it crashes everytime I try to pay or to make any transaction or even open it sometimes. I had high expectations but this is bad and it needs to be fixed,1,2024-09-20,BOA,negative,-0.999789297580719,negative,-0.714,Transaction & Payment Issues
1681,1 star is also much for this trash app,1,2024-09-20,BOA,negative,-0.9907838106155396,neutral,0.0,Other / General Feedback
1682,Good job,5,2024-09-19,BOA,positive,0.999835729598999,positive,0.4404,Other / General Feedback
1683,This is not work on my phone it says error and sometimes check device connectivity even data connection 4G,1,2024-09-18,BOA,negative,-0.998586893081665,negative,-0.4019,App Performance & Stability
1684,Excellent more,5,2024-09-17,BOA,positive,0.9998470544815063,positive,0.5719,Other / General Feedback
1685,This is useless abbsinya I don't know what happened before advertisement don't you have to check it work what it intended for as intended? There is no word to explain it as far as I see your IT experts what is their job? If they can't develop the app I didn't expect testing is this hard this app should not seen by customer it has a lot of bugs and it crashes,1,2024-09-17,BOA,negative,-0.9998040795326233,negative,-0.7059,App Performance & Stability
1686,It's very disgusting payment app I have ever had. It interrupts unexpectedly and the user have to reinstall it,3,2024-09-16,BOA,negative,-0.9993021488189697,negative,-0.7178,Transaction & Payment Issues
1687,Good,5,2024-09-16,BOA,positive,0.9998161196708679,positive,0.4404,Other / General Feedback
1688,"Apollo mobile banking is different, efficient, modern, wow, very convenient, it made my work easier.",5,2024-09-15,BOA,positive,0.9976089000701904,positive,0.8555,Transaction & Payment Issues
1689,Very bad app,5,2024-09-14,BOA,negative,-0.9997768998146057,negative,-0.5849,Other / General Feedback
1690,Good,5,2024-09-14,BOA,positive,0.9998161196708679,positive,0.4404,Other / General Feedback
1691,"I've never encountered an app this glitchy before. This app feels like a warehouse of bugs, pop-up errors, and constant crashes. Logging in is a nightmare, either the app freezes, or throws errors. The user interface is unresponsive, and basic features are buried under layers of unnecessary prompts. It's frustrating and unreliable, especially for something as important as banking. I expected a smooth, secure experience, but instead, I'm left dealing with one glitch after another.",1,2024-09-14,BOA,negative,-0.9997550845146179,negative,-0.1406,App Performance & Stability
1692,best,5,2024-09-13,BOA,positive,0.9997941851615906,positive,0.6369,Other / General Feedback
1693,I don't open this app for 2monthes then i teray to open it not work why?,2,2024-09-13,BOA,negative,-0.9994376301765442,neutral,0.0,App Performance & Stability
1694,Nice,4,2024-09-13,BOA,positive,0.9998552799224854,positive,0.4215,UI & Customer Experience
1695,Nice app,5,2024-09-12,BOA,positive,0.9998061060905457,positive,0.4215,UI & Customer Experience
1696,Good,4,2024-09-12,BOA,positive,0.9998161196708679,positive,0.4404,Other / General Feedback
1697,Very smart,5,2024-09-09,BOA,positive,0.9998599290847778,positive,0.4576,Other / General Feedback
1698,"This is the most disgusting and unresponsive app i have ever seen, imagin u deposit money and try use it and the app prevent u from using ur money😬",1,2024-09-08,BOA,negative,-0.9993069171905518,negative,-0.7178,Transaction & Payment Issues
1699,Shows error right when you try to open the app. This is the worst experience I've had yet with an app that's supposed to work with any android version.,1,2024-09-06,BOA,negative,-0.999788224697113,negative,-0.7783,App Performance & Stability
1700,Good,5,2024-09-06,BOA,positive,0.9998161196708679,positive,0.4404,Other / General Feedback
1701,good,5,2024-09-04,BOA,positive,0.9998161196708679,positive,0.4404,Other / General Feedback
1702,Nice,5,2024-09-03,BOA,positive,0.9998552799224854,positive,0.4215,UI & Customer Experience
1703,In my opinion this is the worst app created to handle money ever. It is glitching like it's life dependents on it and you can never I say never get a card even if you go to the closest bank forget about that you can't even send money properly unless you repeatedly ask it too.7 business days later and you will still see an error. I'm saying this for whomever manages this app scratch the whole app and make a new one.,1,2024-09-02,BOA,negative,-0.9998020529747009,negative,-0.6369,Transaction & Payment Issues
1704,Your new updates rejects or make out of service all your customers thous who have a phone android version less than 10 and this is so bad you have to fix it urgently if not.....you know that what you will los,1,2024-09-02,BOA,negative,-0.9998000264167786,negative,-0.8267,Customer Support & Service
1705,fake app,1,2024-09-01,BOA,negative,-0.9996628761291504,negative,-0.4767,Other / General Feedback
1706,Best app in etho,5,2024-08-31,BOA,positive,0.9995148181915283,positive,0.6369,Other / General Feedback
1707,"Extremely glitchy and cumbersome. The quality of the app is first draft, not a finished product. How did this get approval to be published? Please redirect some of the marketing budget to the app development.",1,2024-08-31,BOA,negative,-0.9994878768920898,positive,0.6597,Other / General Feedback
1708,The appp is not work,1,2024-08-30,BOA,negative,-0.9997777342796326,neutral,0.0,Other / General Feedback
1709,"The app crashes constantly, even when it's not open. I had to uninstall it because the crash pop-ups repeatedly disrupted my experience with other apps. It had cool ideas but didn't follow through on them. Also, there was a funny and kind of useless feature: OTP via email. Even if you receive the OTP, the section where you enter the OTP value can't accept user input. I don't understand the thinking behind this. Or sometimes it send you OTP to tell you that it is wrong, then why did it send it?",1,2024-08-30,BOA,negative,-0.9996715784072876,negative,-0.6503,Account Access & Authentication
1710,Not working,1,2024-08-30,BOA,negative,-0.9997778534889221,neutral,0.0,Other / General Feedback
1711,Good but not fastest,3,2024-08-29,BOA,positive,0.9989858269691467,positive,0.2382,Other / General Feedback
1712,I like Apollo app and invite all my friends and family,5,2024-08-29,BOA,positive,0.9996469020843506,positive,0.7351,Transaction & Payment Issues
1713,Very good appp,5,2024-08-29,BOA,positive,0.9998630285263062,positive,0.4927,Other / General Feedback
1714,It's very helpful,5,2024-08-29,BOA,positive,0.999813973903656,positive,0.4754,Customer Support & Service
1715,Good,5,2024-08-28,BOA,positive,0.9998161196708679,positive,0.4404,Other / General Feedback
1716,It doesn't work for me. The app really sucks,2,2024-08-28,BOA,negative,-0.9989689588546753,negative,-0.4201,Other / General Feedback
1717,Good,4,2024-08-28,BOA,positive,0.9998161196708679,positive,0.4404,Other / General Feedback
1718,It is bad app it fill phone,1,2024-08-28,BOA,negative,-0.9997991919517517,negative,-0.5423,Other / General Feedback
1719,Good,5,2024-08-27,BOA,positive,0.9998161196708679,positive,0.4404,Other / General Feedback
1720,Good app,2,2024-08-27,BOA,positive,0.9998493194580078,positive,0.4404,Other / General Feedback
1721,Nice,4,2024-08-27,BOA,positive,0.9998552799224854,positive,0.4215,UI & Customer Experience
1722,Nice job,5,2024-08-24,BOA,positive,0.9998424053192139,positive,0.4215,UI & Customer Experience
1723,I have 1 years by using appollo users so this application is very useful,4,2024-08-24,BOA,positive,0.9932057857513428,positive,0.4927,Other / General Feedback
1724,Fast amf trustworthy,4,2024-08-23,BOA,positive,0.9994674324989319,positive,0.5574,Other / General Feedback
1725,Best app,5,2024-08-23,BOA,positive,0.999686598777771,positive,0.6369,Other / General Feedback
1726,Good job,5,2024-08-22,BOA,positive,0.999835729598999,positive,0.4404,Other / General Feedback
1727,Good,5,2024-08-22,BOA,positive,0.9998161196708679,positive,0.4404,Other / General Feedback
1728,Nice,5,2024-08-22,BOA,positive,0.9998552799224854,positive,0.4215,UI & Customer Experience
1729,great job,5,2024-08-22,BOA,positive,0.9998588562011719,positive,0.6249,Other / General Feedback
1730,Is just difficult to open the account because it will ask boring question.if you start to open says sms unavailable just boring.,1,2024-08-21,BOA,negative,-0.999721348285675,negative,-0.7269,App Performance & Stability
1731,Wow this is very good,5,2024-08-21,BOA,positive,0.9998630285263062,positive,0.7902,Other / General Feedback
1732,The app know what setting you have on even when you install it at 1st This app ask me to turn off developers option when i install it. It spy my phone i don't like it,1,2024-08-21,BOA,negative,-0.9962258338928223,negative,-0.2755,Other / General Feedback
1733,"I wish there was a zero rate option Its useless app frequently crushed, and even after updating, I am unable to log in.",1,2024-08-21,BOA,negative,-0.999778687953949,negative,-0.4404,Other / General Feedback
1734,Horrible,1,2024-08-20,BOA,negative,-0.9997841715812683,negative,-0.5423,Other / General Feedback
1735,"totally useless app always there is problem even we can't access our account at branch I need my money ,pls check your competitors e.g telebirr",1,2024-08-20,BOA,negative,-0.9995123147964478,negative,-0.6697,Account Access & Authentication
1736,Need critical improvement. Had bad experiance.,1,2024-08-20,BOA,negative,-0.9997125267982483,negative,-0.4215,Other / General Feedback
1737,Good,5,2024-08-20,BOA,positive,0.9998161196708679,positive,0.4404,Other / General Feedback
1738,Not smart app,5,2024-08-19,BOA,negative,-0.9997410178184509,negative,-0.3089,Other / General Feedback
1739,Ok,5,2024-08-19,BOA,positive,0.9997851252555847,positive,0.296,Other / General Feedback
1740,Best,5,2024-08-18,BOA,positive,0.9997941851615906,positive,0.6369,Other / General Feedback
1741,The most nice digital financial application I ever used.,5,2024-08-17,BOA,positive,0.9996805191040039,positive,0.4754,UI & Customer Experience
1742,It don't work properly ypu have to fix ot i can't even created account,1,2024-08-17,BOA,negative,-0.9997524619102478,negative,-0.1877,Other / General Feedback
1743,Its very annoying app. It is not easy to use,1,2024-08-17,BOA,negative,-0.9996039271354675,negative,-0.6596,UI & Customer Experience
1744,"In my opinion, this app shouldn't be made available to the public yet. It was developed poorly; it can't even perform the basics well, and it has a bad UI. It was evident that Abyssinia Bank was experiencing problems with its digital services sincce its recent service update, but this app just took everything to a whole new low.",1,2024-08-17,BOA,negative,-0.9998019337654114,negative,-0.6369,UI & Customer Experience
1745,This app is very nice every customer,5,2024-08-17,BOA,positive,0.9997406601905823,positive,0.4754,UI & Customer Experience
1746,Excellent app.,5,2024-08-17,BOA,positive,0.9998461008071899,positive,0.5719,Other / General Feedback
1747,Bad. Does nothing. Only shows home screen. Deas not accept any command.,1,2024-08-17,BOA,negative,-0.9992570281028748,negative,-0.6892,Other / General Feedback
1748,Game-changer App!,5,2024-08-16,BOA,positive,0.9746222496032715,neutral,0.0,Other / General Feedback
1749,Not working,5,2024-08-16,BOA,negative,-0.9997778534889221,neutral,0.0,Other / General Feedback
1750,"Fake promise, its been more than one year since i installed it, but No Loan Provided, stop your Fake Promise",1,2024-08-16,BOA,negative,-0.9977983832359314,negative,-0.802,Other / General Feedback
1751,Good,5,2024-08-16,BOA,positive,0.9998161196708679,positive,0.4404,Other / General Feedback
1752,This app asks to turn off developer option inorder to use,1,2024-08-15,BOA,negative,-0.9938196539878845,neutral,0.0,Other / General Feedback
1753,It is fake app,1,2024-08-14,BOA,negative,-0.9996042847633362,negative,-0.4767,Other / General Feedback
1754,It's not working I install so many times it says login unsuccessful,1,2024-08-14,BOA,negative,-0.9996911287307739,negative,-0.3612,Account Access & Authentication
1755,Good service,5,2024-08-14,BOA,positive,0.9998499155044556,positive,0.4404,Customer Support & Service
1756,"The app is not open , i try to open the app but say '' The request is not was succefull'",5,2024-08-12,BOA,negative,-0.9994858503341675,neutral,0.0,App Performance & Stability
1757,High tech&good job,5,2024-08-12,BOA,positive,0.9998663663864136,neutral,0.0,Other / General Feedback
1758,good,5,2024-08-12,BOA,positive,0.9998161196708679,positive,0.4404,Other / General Feedback
1759,"It has not been working properly since your last update, which is more than 2 month ago. You are pushing me to change banks.",1,2024-08-12,BOA,negative,-0.9995632767677307,neutral,0.0,Other / General Feedback
1760,please update my profile,5,2024-08-11,BOA,positive,0.9419294595718384,positive,0.3182,Other / General Feedback
1761,why it doesnot open,1,2024-08-11,BOA,positive,0.7397207021713257,neutral,0.0,App Performance & Stability
1762,Excited,5,2024-08-10,BOA,positive,0.9997768998146057,positive,0.34,Other / General Feedback
1763,it says developer option why,1,2024-08-10,BOA,negative,-0.843747615814209,neutral,0.0,Other / General Feedback
1764,Great,5,2024-08-10,BOA,positive,0.9998630285263062,positive,0.6249,Other / General Feedback
1765,"I personally like the bank very much, always introducing some new feature. but the apollo app, come on! it has to be fixed the bugs, to many errors pops up",3,2024-08-10,BOA,negative,-0.9981557726860046,negative,-0.3903,Transaction & Payment Issues
1766,nice,5,2024-08-09,BOA,positive,0.9998552799224854,positive,0.4215,UI & Customer Experience
1767,Very good,5,2024-08-08,BOA,positive,0.9998520612716675,positive,0.4927,Other / General Feedback
1768,"It's not work functional and Does not give Loan,it says Loan origination is rejected.It's the worst financial app.",1,2024-08-08,BOA,negative,-0.9997928738594055,negative,-0.6249,Other / General Feedback
1769,Get my account,2,2024-08-08,BOA,negative,-0.9648478031158447,neutral,0.0,Other / General Feedback
1770,"Why would a financial app want me to disable the developer option in order to use it, are you trying to spy on your customers",1,2024-08-08,BOA,negative,-0.9991266131401062,positive,0.0772,Other / General Feedback
1771,"THE COMPLETE WORST! DON'T USE THIS APP UNLESS YOU WANT FRUSTRATION AND SUFFERING. A BEGINNER CODER COULD DO A BETTER JOB THAN THIS LET ALONE A BIG BANK AS BOA. I WOULD GIVE IT 0 RATING IF THERE WAS ONE! DEAR USERS, AVOID THIS APP AT ALL COSTS!",1,2024-08-08,BOA,negative,-0.9997904896736145,negative,-0.901,Account Access & Authentication
1772,Tnx so much❤,5,2024-08-08,BOA,negative,-0.9822790622711182,positive,0.7624,Other / General Feedback
1773,Good,5,2024-08-07,BOA,positive,0.9998161196708679,positive,0.4404,Other / General Feedback
1774,"The never-stopping crashing experience is, a cool and creative idea but only that, the app needs major modification...",1,2024-08-07,BOA,negative,-0.9965656399726868,positive,0.3818,App Performance & Stability
1775,It is very busy app.,5,2024-08-06,BOA,negative,-0.9994996786117554,neutral,0.0,Other / General Feedback
1776,the worest banking app,1,2024-08-06,BOA,positive,0.7165842652320862,neutral,0.0,Other / General Feedback
1777,Good,5,2024-08-06,BOA,positive,0.9998161196708679,positive,0.4404,Other / General Feedback
1778,This app not working on some android phone,1,2024-08-05,BOA,negative,-0.9989238381385803,neutral,0.0,Other / General Feedback
1779,Good,5,2024-08-04,BOA,positive,0.9998161196708679,positive,0.4404,Other / General Feedback
1780,Best 👌,5,2024-08-04,BOA,positive,0.9997019171714783,positive,0.8842,Other / General Feedback
1781,"The app doesn't work at all, whenever I try to send money or pay for things or even to buy a card it always shows an error msg which doesn make sense to users like bucket override bla bla I don't recommend it to anyone fr till the bug is fixed",1,2024-08-04,BOA,negative,-0.9996449947357178,negative,-0.4039,Transaction & Payment Issues
1782,Good,5,2024-08-03,BOA,positive,0.9998161196708679,positive,0.4404,Other / General Feedback
1783,Good,3,2024-08-03,BOA,positive,0.9998161196708679,positive,0.4404,Other / General Feedback
1784,Bank of Abyssinia never fails to fail it's users with it's dismal digital infrastructure and services.,1,2024-08-03,BOA,positive,0.5716692209243774,neutral,0.0469,Customer Support & Service
1785,Crash frequently!!,3,2024-08-03,BOA,negative,-0.9169948101043701,negative,-0.508,App Performance & Stability
1786,"Doesn't work properly and I can't even check my balance for consecutive days trying many times a day. Simply poor and trash, dont deserve to be named as mobile banking!",1,2024-08-03,BOA,negative,-0.9997636675834656,negative,-0.5255,Other / General Feedback
1787,Nice app,5,2024-08-02,BOA,positive,0.9998061060905457,positive,0.4215,UI & Customer Experience
1788,Good apps,5,2024-08-02,BOA,positive,0.9998608827590942,positive,0.4404,Other / General Feedback
1789,Its Keeps crashing,1,2024-08-01,BOA,negative,-0.9517727494239807,neutral,0.0,App Performance & Stability
1790,Good,5,2024-08-01,BOA,positive,0.9998161196708679,positive,0.4404,Other / General Feedback
1791,"Dear Sir,I would like to say thank you for the user account,I like this is the only fast and modern application tool for money transfer, borrowing and the like in mobile banking era, stay safe 💗",5,2024-08-01,BOA,positive,0.758140504360199,positive,0.9607,Transaction & Payment Issues
1792,Never worked it keeps crashing and crashing nonstop,1,2024-07-30,BOA,negative,-0.9615145921707153,neutral,0.0,App Performance & Stability
1793,Best app,5,2024-07-29,BOA,positive,0.999686598777771,positive,0.6369,Other / General Feedback
1794,Dosnt work at all. after reaching last step it states that try agin!,1,2024-07-29,BOA,negative,-0.9855307340621948,positive,0.2714,Other / General Feedback
1795,Great,3,2024-07-28,BOA,positive,0.9998630285263062,positive,0.6249,Other / General Feedback
1796,Nice,5,2024-07-28,BOA,positive,0.9998552799224854,positive,0.4215,UI & Customer Experience
1797,Nice app,3,2024-07-27,BOA,positive,0.9998061060905457,positive,0.4215,UI & Customer Experience
1798,"The Apollo App dosenot work most of the time, even if it work , it is very slow. 👎",1,2024-07-27,BOA,negative,-0.9970456957817078,neutral,0.0,Transaction & Payment Issues
1799,"Worst app. It works sometimes, sometimes it doesn't. don't recommend it just use others!",1,2024-07-27,BOA,negative,-0.9997391104698181,negative,-0.553,Other / General Feedback
1800,"I don't know where to start, but this app is the worst financial app in Ethiopia! It was convenient in creating an account and an Apollo card. But after that, it keeps crashing, and doesn't work at all!!!! Frustrating!",1,2024-07-27,BOA,negative,-0.9997981190681458,negative,-0.871,Transaction & Payment Issues
1801,Good app!,5,2024-07-26,BOA,positive,0.9998592138290405,positive,0.4926,Other / General Feedback
1802,"I had bad experience with this application. This app only active at onboarding stage after that not working, i can't process any transaction except deposit. The other week side of this app is if you Log on with out one device it automatically crashed and not functional. You would loose access your account even you have no chance to close your account.",1,2024-07-26,BOA,negative,-0.9994476437568665,negative,-0.5913,Account Access & Authentication
1803,Amazing this apps Please enjoys,5,2024-07-26,BOA,positive,0.9998764991760254,positive,0.8555,Other / General Feedback
1804,"The most overrated and disappointing mobile banking app ever. ""We are updating the app"" This is the only response you can get from their call center operators all year long.",1,2024-07-26,BOA,negative,-0.999711811542511,negative,-0.5367,Customer Support & Service
1805,It is very helpful thank you fot giving us a chances to use it,5,2024-07-25,BOA,positive,0.9998325109481812,positive,0.8431,Customer Support & Service
1806,It's not fully matched with what it intended,3,2024-07-24,BOA,negative,-0.9997876286506653,neutral,0.0,Other / General Feedback
1807,This app is nt working..,1,2024-07-24,BOA,positive,0.9181240200996399,neutral,0.0,Other / General Feedback
1808,Couldn't find zero stars. U made me hate boa thank you. Boa you guys don't have budget?? What's wrong its the laim I could make better app sleeping 😴,1,2024-07-23,BOA,negative,-0.9995684027671814,negative,-0.4137,Other / General Feedback
1809,As a programmer the app is very good and user friendly!,5,2024-07-23,BOA,positive,0.9998218417167664,positive,0.7707,UI & Customer Experience
1810,Connect network,5,2024-07-22,BOA,positive,0.9935570359230042,neutral,0.0,App Performance & Stability
1811,"it is the most worst app, i haven't ever seen such an app even you cannot withdraw your mony. i couldn't withdraw and it has passed 3 month since it denied me moy mony.",1,2024-07-21,BOA,negative,-0.9997169375419617,negative,-0.807,Transaction & Payment Issues
1812,Good,5,2024-07-20,BOA,positive,0.9998161196708679,positive,0.4404,Other / General Feedback
1813,"It used to work excellently but now doesn't work at all and responses ""check your connection"".",1,2024-07-20,BOA,negative,-0.995537519454956,positive,0.3716,App Performance & Stability
1814,I opend it using student id card and i cant move my money because i dont have an id card,1,2024-07-19,BOA,negative,-0.9965550899505615,neutral,0.0,Transaction & Payment Issues
1815,Incompetence and poor performance,1,2024-07-19,BOA,negative,-0.9997910857200623,negative,-0.7506,Other / General Feedback
1816,The latest version did not work,1,2024-07-18,BOA,negative,-0.9997712969779968,neutral,0.0,Other / General Feedback
1817,"Annoying app ever, it crushes always! Even you dont know the problem",1,2024-07-18,BOA,negative,-0.9977130889892578,negative,-0.5624,Other / General Feedback
1818,"Not functional at all, full of bugs and exceptions",1,2024-07-18,BOA,negative,-0.99978107213974,neutral,0.0,App Performance & Stability
1819,The app crashes constantly. It has been the worst mobile banking app after the recent update. Disappointing! It doesn't represent the bank.,1,2024-07-17,BOA,negative,-0.9997994303703308,negative,-0.8221,App Performance & Stability
1820,"When trying to log in to new device, on the otp page is not allowing to open keyboard....henceforth I couldn't log in at all",2,2024-07-17,BOA,negative,-0.9995179176330566,neutral,0.0,Account Access & Authentication
1821,It doesn't open it crash consistently pls fix this,1,2024-07-17,BOA,negative,-0.995643138885498,positive,0.3732,App Performance & Stability
1822,It's easier to use,5,2024-07-17,BOA,positive,0.7947835326194763,positive,0.4215,Other / General Feedback
1823,nice,5,2024-07-17,BOA,positive,0.9998552799224854,positive,0.4215,UI & Customer Experience
1824,"Worst banking app I have ever seen. I have deposited some money, but now I am unable to use it. It says you need to provede your ID first, but when I scan my ID it is not accepting it. The surprising thing is that it does not need to verify your ID when depositing money, which means you can put money to your account but you cannot use it. What a poor user exerience.",1,2024-07-16,BOA,negative,-0.9978407621383667,negative,-0.7799,Transaction & Payment Issues
1825,It's best,4,2024-07-16,BOA,positive,0.999842643737793,positive,0.6369,Other / General Feedback
1826,Nice,1,2024-07-16,BOA,positive,0.9998552799224854,positive,0.4215,UI & Customer Experience
1827,This app makes fastest transactions,4,2024-07-16,BOA,positive,0.9945869445800781,neutral,0.0,Transaction & Payment Issues
1828,"I don't know What happened to Abyssinia bank these days. They used to be known for their efficiency and customer friendly services. Apollo app very heavy, unfriendly and unguaranteed and a big disappointment!",1,2024-07-14,BOA,negative,-0.997988224029541,negative,-0.1705,Transaction & Payment Issues
1829,Advertise only it is not functional.,1,2024-07-14,BOA,negative,-0.9996716976165771,neutral,0.0,Other / General Feedback
1830,Very annoying app!,1,2024-07-14,BOA,negative,-0.9996159076690674,negative,-0.5081,Other / General Feedback
1831,"Crashes constantly. It says, ""You are experiencing technical delay"". Not as promoted.",3,2024-07-14,BOA,negative,-0.999360978603363,negative,-0.5621,App Performance & Stability
1832,Good,5,2024-07-13,BOA,positive,0.9998161196708679,positive,0.4404,Other / General Feedback
1833,Oooohh i have never seen such a dull financial app💀 i don't know what kind of crack the developers were in while workin on this program🙄,1,2024-07-13,BOA,negative,-0.9970840811729431,negative,-0.4019,Other / General Feedback
1834,Amazing app,5,2024-07-12,BOA,positive,0.9998670816421509,positive,0.5859,Other / General Feedback
1835,How can i get digital card if i do not have ATM card before?,3,2024-07-12,BOA,negative,-0.9940285682678223,neutral,0.0,Other / General Feedback
1836,Ok,5,2024-07-12,BOA,positive,0.9997851252555847,positive,0.296,Other / General Feedback
1837,Good,5,2024-07-12,BOA,positive,0.9998161196708679,positive,0.4404,Other / General Feedback
1838,Dormant app ever,1,2024-07-12,BOA,negative,-0.9988686442375183,neutral,0.0,Other / General Feedback
1839,It is wented app,5,2024-07-11,BOA,negative,-0.9476820826530457,neutral,0.0,Other / General Feedback
1840,It makes life easier and save time,5,2024-07-11,BOA,positive,0.9984338879585266,positive,0.7184,Other / General Feedback
1841,The app is saying me check device connectivity repeatedely,1,2024-07-11,BOA,negative,-0.994998574256897,neutral,0.0,Other / General Feedback
1842,The application can't install on the all devices so fix it,1,2024-07-11,BOA,negative,-0.9977547526359558,neutral,0.0,Other / General Feedback
1843,Fix the application it's always crushed,2,2024-07-10,BOA,negative,-0.9997054934501648,negative,-0.4215,Other / General Feedback
1844,The worest banking application that I have ever seen,1,2024-07-10,BOA,negative,-0.524553656578064,neutral,0.0,Other / General Feedback
1845,As student it was so helpful It provides different opportunities . And it make the transaction easy.,5,2024-07-10,BOA,positive,0.9994791150093079,positive,0.8449,Transaction & Payment Issues
1846,Rise with Apollo.,5,2024-07-10,BOA,positive,0.9997112154960632,neutral,0.0,Transaction & Payment Issues
1847,Good,3,2024-07-10,BOA,positive,0.9998161196708679,positive,0.4404,Other / General Feedback
1848,"The app always crashes even without using it, and the digitalized card doesn't work. The ATM machine says ""re-insert the card"" even though i repeatedly tap my phone in the ATM machine NOT RECOMMENDED!!!",1,2024-07-10,BOA,negative,-0.9996782541275024,negative,-0.4607,App Performance & Stability
1849,Good,5,2024-07-10,BOA,positive,0.9998161196708679,positive,0.4404,Other / General Feedback
1850,Useful,5,2024-07-09,BOA,positive,0.9997634291648865,positive,0.4404,Other / General Feedback
1851,Worst App🤣🤮🤮🤮🤮🤮🤮,1,2024-07-08,BOA,negative,-0.9998087286949158,negative,-0.2263,Other / General Feedback
1852,"Whenever I try to borrow money, the app keeps crashing and says I need to update it. However, after updating, my eligibility resets to only 250 BR, which makes me feel very insecure and erodes my trust in the app, especially when it keeps asking for updates.",1,2024-07-08,BOA,negative,-0.9996131062507629,positive,0.0534,Transaction & Payment Issues
1853,In short the app is not working ...if you can delete it ........,1,2024-07-08,BOA,negative,-0.9997987151145935,neutral,0.0,Other / General Feedback
1854,Best app,5,2024-07-07,BOA,positive,0.999686598777771,positive,0.6369,Other / General Feedback
1855,Make it easy and accessible,1,2024-07-06,BOA,positive,0.9997791647911072,positive,0.4404,Account Access & Authentication
1856,Good,5,2024-07-05,BOA,positive,0.9998161196708679,positive,0.4404,Other / General Feedback
1857,After the new update the app doesn't work or stuck on refreshing page aftee sign in. Please fix it,1,2024-07-04,BOA,negative,-0.9982373714447021,positive,0.466,Account Access & Authentication
1858,The worest mobile banking app,1,2024-07-04,BOA,negative,-0.843271791934967,neutral,0.0,Other / General Feedback
1859,Good,5,2024-07-03,BOA,positive,0.9998161196708679,positive,0.4404,Other / General Feedback
1860,Best mobile banking,5,2024-07-03,BOA,positive,0.9997305274009705,positive,0.6369,Other / General Feedback
1861,The app is just simply not ready to be introduced. Please BOA give us a completed app that can function.,1,2024-07-03,BOA,negative,-0.9966614246368408,neutral,0.049,Other / General Feedback
1862,Abyssinia bank best of the best,5,2024-07-03,BOA,positive,0.9996335506439209,positive,0.8555,Other / General Feedback
1863,boa apollo is expetional wallet,5,2024-07-03,BOA,negative,-0.93889319896698,neutral,0.0,Transaction & Payment Issues
1864,the application is not working,1,2024-07-02,BOA,negative,-0.9997950196266174,neutral,0.0,Other / General Feedback
1865,Unreliable app at all,1,2024-07-02,BOA,negative,-0.9996342658996582,neutral,0.0,Other / General Feedback
1866,Good,2,2024-07-02,BOA,positive,0.9998161196708679,positive,0.4404,Other / General Feedback
1867,The best ever,5,2024-07-01,BOA,positive,0.9998422861099243,positive,0.6369,Other / General Feedback
1868,Why would I switch off thr developer option ?,4,2024-07-01,BOA,negative,-0.9989810585975647,neutral,0.0,Other / General Feedback
1869,Why app request developer option setting?,5,2024-07-01,BOA,negative,-0.99826979637146,neutral,0.0,Other / General Feedback
1870,"Its not good App, not working properly!. but Abyssinia bank is my first choice ever!.",1,2024-06-30,BOA,negative,-0.9988409876823425,negative,-0.3153,Other / General Feedback
1871,Amazing,5,2024-06-30,BOA,positive,0.999875545501709,positive,0.5859,Other / General Feedback
1872,Connection problem,4,2024-06-30,BOA,negative,-0.9986780285835266,negative,-0.4019,App Performance & Stability
1873,I like the idea 💡,5,2024-06-30,BOA,positive,0.9972615242004395,positive,0.3612,Other / General Feedback
1874,The worest financial app! Very poor performance i,1,2024-06-28,BOA,negative,-0.9997106194496155,negative,-0.5697,Other / General Feedback
1875,Please fix the bug the app is crash with no reason and consume lot of battery...,1,2024-06-28,BOA,negative,-0.9994834661483765,negative,-0.3818,App Performance & Stability
1876,more and more updates always it's the slowest app I've ever seen,1,2024-06-27,BOA,negative,-0.9993084669113159,neutral,0.0,App Performance & Stability
1877,Nice,5,2024-06-27,BOA,positive,0.9998552799224854,positive,0.4215,UI & Customer Experience
1878,"IF I WANT TO USE NORMAL BANKING APPLICATION I USE TELL BIRR, CBE BIRR, IT IS SHAME",1,2024-06-26,BOA,negative,-0.999618649482727,negative,-0.4215,Other / General Feedback
1879,best,5,2024-06-25,BOA,positive,0.9997941851615906,positive,0.6369,Other / General Feedback
1880,"I admire the services. But, it is stupid app(unable to log in) or you are making restrictions to some regions.",1,2024-06-23,BOA,negative,-0.9982736110687256,negative,-0.5499,Customer Support & Service
1881,Best App,5,2024-06-23,BOA,positive,0.999686598777771,positive,0.6369,Other / General Feedback
1882,Aftet repayment why cant i get another loan even know my credit score is really good except that i like it,3,2024-06-22,BOA,positive,0.9974599480628967,positive,0.807,Transaction & Payment Issues
1883,This app has many bugs and ⚠️ errors! not expected from abysinia bank,1,2024-06-21,BOA,negative,-0.9983510971069336,negative,-0.4003,App Performance & Stability
1884,Excellent,5,2024-06-21,BOA,positive,0.9998434782028198,positive,0.5719,Other / General Feedback
1885,"The app was good and highly secured . But when I need to borrow ,the applicaion system was unable to manuplae .why?",5,2024-06-20,BOA,negative,-0.9972921013832092,positive,0.4491,Other / General Feedback
1886,It's good,2,2024-06-19,BOA,positive,0.9998360872268677,positive,0.4404,Other / General Feedback
1887,this is just a disaster,1,2024-06-19,BOA,negative,-0.9997939467430115,negative,-0.6249,Other / General Feedback
1888,It is not working properly.,1,2024-06-18,BOA,negative,-0.9997866749763489,neutral,0.0,Other / General Feedback
1889,the worst app you can get Why do you guys make it if you are not making it usefull ...you should delete it ....i still can do any transaction,1,2024-06-18,BOA,negative,-0.9997866749763489,negative,-0.6249,Transaction & Payment Issues
1890,"Best online banking service, plus profiting lian access for account holder.",5,2024-06-17,BOA,positive,0.9996488094329834,positive,0.7783,Account Access & Authentication
1891,This is worst app ever.. They saying I can borrow upto 10k birr but the app takes forever to load when you trying to make a loan😂😂,1,2024-06-17,BOA,negative,-0.9996269941329956,positive,0.7311,Other / General Feedback
1892,Good,5,2024-06-17,BOA,positive,0.9998161196708679,positive,0.4404,Other / General Feedback
1893,I updated this up and it ask to off developer option and I did stell not working please fix it,1,2024-06-15,BOA,negative,-0.9993545413017273,negative,-0.2411,Other / General Feedback
1894,There is still a long way to go. You have a difficult system to operate !,1,2024-06-15,BOA,negative,-0.9969364404678345,negative,-0.4199,Other / General Feedback
1895,One thing,5,2024-06-15,BOA,positive,0.9325717687606812,neutral,0.0,Other / General Feedback
1896,"Apollo was good when it first came out, but now it doesn't even load. It gets stuck loading after the new update!",2,2024-06-15,BOA,negative,-0.9974713325500488,negative,-0.2124,Transaction & Payment Issues
1897,I compiled a list of series that my wife and I have watched and it is very hard to determine the best of the best. So here goes: Yellowstone Game of Thrones The Affair True Detective City on a Hill Breaking Bad Homeland Banshee Nurse Jackie Shameless Ray Donovan Queen of the South Bic C Ozark Your Honor The Following Wayward Pines The Following Orange is the New Black Queens GambitI compiled a list of series that my wife and I have watched and it is very hard to determine the,1,2024-06-15,BOA,negative,-0.9962149262428284,positive,0.7972,Other / General Feedback
1898,The most useless app among all apps i have ever used. Its like the main BOA app it crashes a lot. BoA has the worst apps,1,2024-06-15,BOA,negative,-0.9998143315315247,negative,-0.6901,App Performance & Stability
1899,Easy to use and simple,5,2024-06-15,BOA,positive,0.9994968175888062,positive,0.4404,UI & Customer Experience
1900,"The worst app it's a joke , an embarrassing ethiopian bank.",1,2024-06-14,BOA,negative,-0.9998084902763367,negative,-0.6705,Other / General Feedback
1901,There is a system problem in the app,1,2024-06-14,BOA,negative,-0.9990907907485962,negative,-0.4019,Other / General Feedback
1902,"Transfering one birr you will pay 5 birr,😀 what a bad , recently I have experienced that dashn bank has no any sort of fee for transfwr",1,2024-06-11,BOA,negative,-0.999198853969574,negative,-0.5574,Transaction & Payment Issues
1903,Nice app,5,2024-06-11,BOA,positive,0.9998061060905457,positive,0.4215,UI & Customer Experience
1904,The worst mobile banking app after the recent update it got worse. With all the competition up there this app is the least I wana use right now pls fix your app or server.,1,2024-06-10,BOA,negative,-0.9997943043708801,negative,-0.7845,Other / General Feedback
1905,Amazing,5,2024-06-10,BOA,positive,0.999875545501709,positive,0.5859,Other / General Feedback
1906,This app has a very big problems like crushing so frequently and others. Please fix it.,1,2024-06-09,BOA,negative,-0.9979670643806458,negative,-0.1065,Other / General Feedback
1907,Excellent app,5,2024-06-09,BOA,positive,0.9998356103897095,positive,0.5719,Other / General Feedback
1908,"The idea is good but the application isn't. It constantly crashes even when it's not open, it is slow, couldn't authenticate faces. And it's getting worse in every update.",2,2024-06-07,BOA,negative,-0.9996646642684937,negative,-0.4939,App Performance & Stability
1909,It is so unreliable. It stops at times when I really want to use it to pay.,1,2024-06-05,BOA,negative,-0.9996516704559326,negative,-0.1706,Transaction & Payment Issues
1910,It is friendly use and a wallet at useful time.. Thanks boa,5,2024-06-04,BOA,positive,0.9984867572784424,positive,0.8402,Other / General Feedback
1911,The trashest banking app I have ever used. I don't recommend it to my enemy.,1,2024-06-04,BOA,negative,-0.9992838501930237,negative,-0.6818,Other / General Feedback
1912,Excellent system,5,2024-06-04,BOA,positive,0.9998472929000854,positive,0.5719,Other / General Feedback
1913,Good,5,2024-06-03,BOA,positive,0.9998161196708679,positive,0.4404,Other / General Feedback
1914,"Useless app. I don't think you are reviewing the comments given here. ..... It seems like promotion only; it is difficult to pass a simple verification process and open an account even within weeks. I still don't have an Apollo account, even though I want to.",1,2024-06-02,BOA,negative,-0.9997491240501404,negative,-0.3612,Account Access & Authentication
1915,This App Is a failure for Abisinia Bank.,1,2024-06-02,BOA,negative,-0.9997971653938293,negative,-0.5106,Other / General Feedback
1916,Best,5,2024-06-02,BOA,positive,0.9997941851615906,positive,0.6369,Other / General Feedback
1917,"Very slow, card management isn't working at all",2,2024-06-01,BOA,negative,-0.9997555613517761,neutral,0.0,App Performance & Stability
1918,It's is not simple and important as much,1,2024-05-31,BOA,negative,-0.9990881681442261,negative,-0.1511,Other / General Feedback
1919,The app doesn't work constantly i have to re install to use it try to improve,1,2024-05-28,BOA,negative,-0.9994803071022034,positive,0.4404,Other / General Feedback
1920,High,5,2024-05-24,BOA,positive,0.9997591376304626,neutral,0.0,Other / General Feedback
1921,"Easily the worst electronic payment software beside abissynia Mobile banking application. it runs in the family, guys😁",1,2024-05-23,BOA,negative,-0.999775230884552,positive,0.0772,Transaction & Payment Issues
1922,Slow and buggy crashed all the time need a lot of update,2,2024-05-21,BOA,negative,-0.9992225170135498,neutral,0.0,App Performance & Stability
1923,This application is very bad . Please modify this just like cbe birri app,1,2024-05-19,BOA,negative,-0.9998179078102112,positive,0.0697,Other / General Feedback
1924,"It has a very complex, inconvenient to use, and at most heavy step, I don't understand why it is supposed to be like that. All in all, I couldn't use it for anything other than wasting time. As a banker, it's hard for me to think about what other customers are going through. I reilly disappointing.",1,2024-05-17,BOA,negative,-0.9992916584014893,negative,-0.7564,Other / General Feedback
1925,"Never try Apollo. To be honest, this app will let you down. Picture yourself dining out and using this app to pay for your meal, only to discover that Apollo is unable to process your payment, leaving you feeling bewildered. I strongly recommend exploring other options and refraining from using Apollo, especially considering the app has been malfunctioning for over a week.",1,2024-05-17,BOA,negative,-0.9480222463607788,positive,0.7906,Transaction & Payment Issues
1926,This not more intractive and fast,1,2024-05-16,BOA,negative,-0.5260686874389648,neutral,0.0,Other / General Feedback
1927,Apollo is best 👌,5,2024-05-15,BOA,positive,0.9993541836738586,positive,0.8842,Transaction & Payment Issues
1928,Very good app,5,2024-05-15,BOA,positive,0.9998675584793091,positive,0.4927,Other / General Feedback
1929,"Totally not good at all. This app doesn't represent Abysinia's bank reputation and customer service. It's too slow, frustrating compared to CBE mobile banking apps. Need more more improvement. Size of the app should be compressed too in more than half. ~~~20 mb",1,2024-05-15,BOA,negative,-0.999750554561615,negative,-0.253,App Performance & Stability
1930,"I downloaded the app to test it, and i like the interface and all, but i couldn't pass the otp stage, i entered the otp sent to my sms, but when i verified, it says entered otp is wrong. Please fix that.",2,2024-05-15,BOA,negative,-0.9990353584289551,negative,-0.1154,Account Access & Authentication
1931,Good,4,2024-05-15,BOA,positive,0.9998161196708679,positive,0.4404,Other / General Feedback
1932,"It already been one month since this trush application starts crushing and stop working properly, what's wrong with them.",1,2024-05-15,BOA,negative,-0.9997771382331848,negative,-0.7783,Other / General Feedback
1933,Thank you,5,2024-05-14,BOA,positive,0.9998352527618408,positive,0.3612,Other / General Feedback
1934,So slow app I don't recommend nobody to use its take too much fee,1,2024-05-12,BOA,negative,-0.9984006285667419,negative,-0.2755,App Performance & Stability
1935,The worst banking app i have ever experienced. Too much advertising for a rubbish app. it doesn't work on weekends most of the time. Call center doesn't work. Useless as its Abyssinia bank,1,2024-05-12,BOA,negative,-0.9998243451118469,negative,-0.4153,Customer Support & Service
1936,Good to use.,4,2024-05-11,BOA,positive,0.999836802482605,positive,0.4404,Other / General Feedback
1937,Good,4,2024-05-10,BOA,positive,0.9998161196708679,positive,0.4404,Other / General Feedback
1938,The worst app,2,2024-05-09,BOA,negative,-0.9997969269752502,negative,-0.6249,Other / General Feedback
1939,Good,5,2024-05-09,BOA,positive,0.9998161196708679,positive,0.4404,Other / General Feedback
1940,Very good app,4,2024-05-08,BOA,positive,0.9998675584793091,positive,0.4927,Other / General Feedback
1941,Best app,5,2024-05-06,BOA,positive,0.999686598777771,positive,0.6369,Other / General Feedback
1942,Excellent,5,2024-05-05,BOA,positive,0.9998434782028198,positive,0.5719,Other / General Feedback
1943,Nice app,5,2024-05-02,BOA,positive,0.9998061060905457,positive,0.4215,UI & Customer Experience
1944,Best apq,2,2024-05-02,BOA,positive,0.9994500279426575,positive,0.6369,Other / General Feedback
1945,"Another useless app from boa, this app also crashed repeatedly.",1,2024-05-02,BOA,negative,-0.9997780919075012,negative,-0.4215,App Performance & Stability
1946,Useless app. It deserves 0,1,2024-05-02,BOA,negative,-0.9996715784072876,negative,-0.4215,Other / General Feedback
1947,Not downloaded. After started download and 31% completed. Stop download and send error message for many times.,1,2024-05-01,BOA,negative,-0.9992117881774902,negative,-0.5994,Transaction & Payment Issues
1948,The Worst app i ever downloaded.,1,2024-04-30,BOA,negative,-0.9997925162315369,negative,-0.6249,Other / General Feedback
1949,This app is very nice. keep it up 💪,5,2024-04-29,BOA,positive,0.9997687935829163,positive,0.4754,UI & Customer Experience
1950,Nice app for Ethiopian,5,2024-04-29,BOA,positive,0.9996743202209473,positive,0.4215,UI & Customer Experience
1951,Good,2,2024-04-28,BOA,positive,0.9998161196708679,positive,0.4404,Other / General Feedback
1952,Not fast but good up and big secure system,4,2024-04-28,BOA,positive,0.9996490478515625,neutral,-0.0023,Other / General Feedback
1953,"For give me, this app does not work perfectly",1,2024-04-28,BOA,negative,-0.9997891783714294,negative,-0.5216,UI & Customer Experience
1954,its good app,5,2024-04-28,BOA,positive,0.9998613595962524,positive,0.4404,Other / General Feedback
1955,Ok,5,2024-04-28,BOA,positive,0.9997851252555847,positive,0.296,Other / General Feedback
1956,"This Platform is need Re Development 😔 even I try to type my OTP but Its not working for me, It's Very Bad Application for Payment system",1,2024-04-28,BOA,negative,-0.9989436268806458,negative,-0.7218,Account Access & Authentication
1957,More failure after update. have multiple connection problem issues. To make one request i'm try more then 4 or 5 times pre every process. Works not more than 8 hour in a day 24 hour.,1,2024-04-28,BOA,negative,-0.9992592930793762,negative,-0.7425,App Performance & Stability
1958,Nice app,5,2024-04-28,BOA,positive,0.9998061060905457,positive,0.4215,UI & Customer Experience
1959,It is not good slow app,1,2024-04-28,BOA,negative,-0.9997939467430115,negative,-0.3412,App Performance & Stability
1960,Good,5,2024-04-27,BOA,positive,0.9998161196708679,positive,0.4404,Other / General Feedback
1961,It is not fast when sending mony,2,2024-04-27,BOA,negative,-0.9968294501304626,neutral,0.0,Transaction & Payment Issues
1962,wow best,5,2024-04-27,BOA,positive,0.9998389482498169,positive,0.8402,Other / General Feedback
1963,Nice,1,2024-04-27,BOA,positive,0.9998552799224854,positive,0.4215,UI & Customer Experience
1964,It doesn't look like banking app it's unresponsive worest banking app in the world,2,2024-04-27,BOA,negative,-0.9933578372001648,negative,-0.2755,UI & Customer Experience
1965,Hard to access pls modify it,2,2024-04-27,BOA,negative,-0.9996064305305481,neutral,-0.0258,Account Access & Authentication
1966,Very good application and easy too use,5,2024-04-26,BOA,positive,0.9987239241600037,positive,0.7264,UI & Customer Experience
1967,"What a useless app, didn't expect this kind of app from BOA",1,2024-04-26,BOA,negative,-0.9991829991340637,negative,-0.4215,Other / General Feedback
1968,Fantastic app in history Ethiopia,5,2024-04-26,BOA,positive,0.9998366832733154,positive,0.5574,Other / General Feedback
1969,What an app what a service it is user friendly and so easy,5,2024-04-26,BOA,positive,0.9889931082725525,positive,0.7501,UI & Customer Experience
1970,The new update 😔 It's crash every time I open (samsung A series),1,2024-04-26,BOA,negative,-0.9969246983528137,negative,-0.34,App Performance & Stability
1971,To difficult to use it have too long step and not easy.,5,2024-04-26,BOA,negative,-0.996771514415741,negative,-0.6002,UI & Customer Experience
1972,"I have never seen an app like these. It is slow and doesn't respond quickly.It always says "" see device connectivity "" "" which is annoying.If there is a rating called 0 then I will give it 0. Please learn from other competitive apps like telebirr that is fast and easy to use.",1,2024-04-26,BOA,negative,-0.9956488013267517,positive,0.872,App Performance & Stability
1973,Best service and ideas but poor application...develop a better app,2,2024-04-26,BOA,negative,-0.9974334836006165,positive,0.3182,Customer Support & Service
1974,Nice,5,2024-04-26,BOA,positive,0.9998552799224854,positive,0.4215,UI & Customer Experience
1975,Frequently crash. You can't even log in. It says device connection problem with even strong Internet connection.,1,2024-04-25,BOA,negative,-0.9993734955787659,negative,-0.2732,App Performance & Stability
1976,its to be called wonderful,5,2024-04-25,BOA,positive,0.9998894929885864,positive,0.5719,Customer Support & Service
1977,Wonderful app,3,2024-04-25,BOA,positive,0.9998787641525269,positive,0.5719,Other / General Feedback
1978,Great app I love it,4,2024-04-24,BOA,positive,0.9998791217803955,positive,0.8519,UI & Customer Experience
1979,"In our country technological situation, Probably better than other bank's app.",4,2024-04-24,BOA,positive,0.990643322467804,positive,0.4404,Other / General Feedback
1980,Nice app,5,2024-04-24,BOA,positive,0.9998061060905457,positive,0.4215,UI & Customer Experience
1981,I revewd this app,5,2024-04-24,BOA,negative,-0.9513702392578125,neutral,0.0,Other / General Feedback
1982,"Easy platform, Cheap service fee and interest rate with self onboarding financial service.",4,2024-04-24,BOA,negative,-0.9722691774368286,positive,0.7096,UI & Customer Experience
1983,👍 good,4,2024-04-24,BOA,positive,0.9998576641082764,positive,0.4404,Other / General Feedback
1984,It's modern technology of users bank of abesinia,5,2024-04-24,BOA,positive,0.9977877140045166,neutral,0.0,Other / General Feedback
1985,"it's very slow app i have ever seen, it doesn't work mostly ....don't download it.",1,2024-04-23,BOA,negative,-0.9997435212135315,neutral,0.0,App Performance & Stability
1986,Absolutely terrible experience! The app didn't work properly and I couldn't even finish creating an account.,1,2024-04-23,BOA,negative,-0.9998063445091248,negative,-0.6781,Other / General Feedback
1987,"Terrible app, it keeps crushing every time I open it",1,2024-04-22,BOA,negative,-0.9987205862998962,negative,-0.6808,App Performance & Stability
1988,Poor.,1,2024-04-20,BOA,negative,-0.9997943043708801,negative,-0.4767,Other / General Feedback
1989,Good app,5,2024-04-20,BOA,positive,0.9998493194580078,positive,0.4404,Other / General Feedback
1990,Can't access my money.,1,2024-04-20,BOA,negative,-0.9996895790100098,neutral,0.0,Account Access & Authentication
1991,The app isn't working. I tried many times to register but didn't happen,1,2024-04-19,BOA,negative,-0.9995549321174622,neutral,0.0,Account Access & Authentication
1992,Best app,5,2024-04-19,BOA,positive,0.999686598777771,positive,0.6369,Other / General Feedback
1993,Trash app waste of money guys first it would let u transfer money but it will block u to transfer out of the account by saying you are not verified i tried reaching out to them but still no reponse the biggest scammer app👎👎👎,1,2024-04-19,BOA,negative,-0.9993496537208557,negative,-0.7469,Transaction & Payment Issues
1994,"How long does it take people to open an apollo account? Definitely more than 1 hour Which platform takes more than an hour to open an account World class?? None maximum 15m or maybe 30minutes if it's a difficult process.But this is simple take a long time.It's boring I installed it this morning,tried to open an account and i gave up.or you can hire a software developer from a foreign country.If this is the result of developers of our country.Because there are many options for users these days.",1,2024-04-19,BOA,negative,-0.9995096921920776,negative,-0.3899,Transaction & Payment Issues
1995,Let me just say I create better apps than this just for fun 😂🤣,1,2024-04-19,BOA,negative,-0.987877607345581,positive,0.9246,Other / General Feedback
1996,Appllo is best app,5,2024-04-18,BOA,positive,0.9993581175804138,positive,0.6369,Other / General Feedback
1997,"Even am unable to pay my loan, app is not working well",1,2024-04-18,BOA,negative,-0.9997780919075012,negative,-0.2991,Transaction & Payment Issues
1998,Ma best,5,2024-04-18,BOA,positive,0.9990755319595337,positive,0.6369,Other / General Feedback
1999,This app the best simple for using I paid my wifi bill using apollo app it's very good app tnx,5,2024-04-18,BOA,positive,0.9987497329711914,positive,0.8676,Transaction & Payment Issues
2000,Good,5,2024-04-18,BOA,positive,0.9998161196708679,positive,0.4404,Other / General Feedback
2001,Good,5,2024-04-17,BOA,positive,0.9998161196708679,positive,0.4404,Other / General Feedback
2002,I expriance credit service from this digital banking system p,5,2024-04-17,BOA,negative,-0.9883056879043579,positive,0.3818,Customer Support & Service
2003,Bad application.. every single second crash,1,2024-04-17,BOA,negative,-0.9997978806495667,negative,-0.7351,App Performance & Stability
2004,Good good,5,2024-04-16,BOA,positive,0.9998282194137573,positive,0.7003,Other / General Feedback
2005,"It keeps closing itself and says, ""Apollo closed because this app has a bug. Try clearing the app's cache first, and then reopen the app.""",1,2024-04-16,BOA,negative,-0.9990604519844055,neutral,0.0,Transaction & Payment Issues
2006,"The app suddenly stops working too much late, response very weak.",3,2024-04-15,BOA,negative,-0.9997861981391907,negative,-0.5849,Customer Support & Service
2007,This app doesn't work at all!,1,2024-04-14,BOA,negative,-0.9997885823249817,neutral,0.0,Other / General Feedback
2008,evenif i just updated my profile it keeps saying bucket overide i can't transfer my own money please fix it fast. even your call center can't fix it for me,3,2024-04-14,BOA,negative,-0.9987525939941406,positive,0.3182,Transaction & Payment Issues
2009,Keeps crashing and my phone always ask me to uninstall it,1,2024-04-13,BOA,negative,-0.9907825589179993,neutral,0.0,App Performance & Stability
2010,"This app is not working anything, i don't expect from BOA it kills time,lose funds for customers",1,2024-04-12,BOA,negative,-0.9997434020042419,negative,-0.5423,Other / General Feedback
2011,🤮🤮🤮it's not working properly every time,1,2024-04-12,BOA,negative,-0.999797523021698,neutral,0.0,Other / General Feedback
2012,The app was working with difficulty previously...but now it took forever to respond...you should fix the system then advertise later...,1,2024-04-12,BOA,negative,-0.997988224029541,negative,-0.34,Other / General Feedback
2013,I am very amazed with this app so please dawnload and use it,5,2024-04-11,BOA,positive,0.9978122711181641,positive,0.7568,Other / General Feedback
2014,Good,5,2024-04-11,BOA,positive,0.9998161196708679,positive,0.4404,Other / General Feedback
2015,The worest app i have everseen in my life,1,2024-04-11,BOA,positive,0.9958093166351318,neutral,0.0,Other / General Feedback
2016,Amazing,4,2024-04-11,BOA,positive,0.999875545501709,positive,0.5859,Other / General Feedback
2017,Nice,4,2024-04-11,BOA,positive,0.9998552799224854,positive,0.4215,UI & Customer Experience
2018,Glitch is normal here on this app bad experience,1,2024-04-10,BOA,negative,-0.9982965588569641,negative,-0.5423,Other / General Feedback
2019,Good app,5,2024-04-10,BOA,positive,0.9998493194580078,positive,0.4404,Other / General Feedback
2020,Gentile bank used. the only one Ethiopia,1,2024-04-10,BOA,negative,-0.9805735945701599,neutral,0.0,Other / General Feedback
2021,Best app,5,2024-04-09,BOA,positive,0.999686598777771,positive,0.6369,Other / General Feedback
2022,Nice app,5,2024-04-09,BOA,positive,0.9998061060905457,positive,0.4215,UI & Customer Experience
2023,It is so burying. It requires unreliable and misrelated requirements,1,2024-04-09,BOA,negative,-0.9986370205879211,neutral,0.0,UI & Customer Experience
2024,Im thinking about my feuture,5,2024-04-09,BOA,positive,0.9959575533866882,neutral,0.0,Other / General Feedback
2025,It's was good app but it is not working well,5,2024-04-08,BOA,negative,-0.9991950392723083,negative,-0.0698,Other / General Feedback
2026,what an awful application. the most bad application I have ever experienced for androids,1,2024-04-08,BOA,negative,-0.9998181462287903,negative,-0.7778,Other / General Feedback
2027,it is useful app for me and my friends,5,2024-04-08,BOA,positive,0.9993321299552917,positive,0.7184,Other / General Feedback
2028,"This is the worst app ever, the developers are absolute IDIOTS. The bank MUST fire them immediately. I just put 1 star because there is nothing less to give.",1,2024-04-08,BOA,negative,-0.9998138546943665,negative,-0.7579,Other / General Feedback
2029,The worst app ever.,1,2024-04-08,BOA,negative,-0.999790370464325,negative,-0.6249,Other / General Feedback
2030,ok,5,2024-04-08,BOA,positive,0.9997851252555847,positive,0.296,Other / General Feedback
2031,"Best app,",5,2024-04-07,BOA,positive,0.9997510313987732,positive,0.6369,Other / General Feedback
2032,Abyssinia Bank is the solution to any emergency or problem.,5,2024-04-06,BOA,positive,0.5228418707847595,negative,-0.4588,Other / General Feedback
2033,Great job!!,2,2024-04-06,BOA,positive,0.9998689889907837,positive,0.6892,Other / General Feedback
2034,"Disappointing Experience I recently downloaded this app hoping for a positive experience, but unfortunately, it fell short of my expectations. The app frequently crashes, making it nearly unusable. Additionally, the interface is cluttered and unintuitive, making navigation frustrating. I hope the developers address these issues in future updates to improve the user experience.",1,2024-04-05,BOA,negative,-0.9995392560958862,positive,0.431,App Performance & Stability
2035,The most bad app,1,2024-04-05,BOA,negative,-0.9997066855430603,negative,-0.5849,Other / General Feedback
2036,U have to solve the problem that have no response when opening the app,1,2024-04-05,BOA,negative,-0.9995496869087219,negative,-0.4767,App Performance & Stability
2037,Its great app,5,2024-04-04,BOA,positive,0.9997770190238953,positive,0.6249,Other / General Feedback
2038,Not bad,5,2024-04-04,BOA,positive,0.9995881915092468,positive,0.431,Other / General Feedback
2039,I want give zero star if I can because i am using this app for more than 5 months and my transaction was so good but still I am not eligible for loan sa bad app. don't install it.,1,2024-04-03,BOA,negative,-0.990806519985199,negative,-0.4989,Transaction & Payment Issues
2040,"This app doesn't work ,I tried many times to register, I received many texts, which doesn't help at all. The app Need improvement.",1,2024-04-03,BOA,negative,-0.9988994598388672,positive,0.1882,Account Access & Authentication
2041,Nice and perfect apl,5,2024-04-03,BOA,positive,0.9998775720596313,positive,0.7579,UI & Customer Experience
2042,Great,5,2024-04-03,BOA,positive,0.9998630285263062,positive,0.6249,Other / General Feedback
2043,It's nice and interesting,5,2024-04-03,BOA,positive,0.9998791217803955,positive,0.6705,UI & Customer Experience
2044,Good app,5,2024-04-02,BOA,positive,0.9998493194580078,positive,0.4404,Other / General Feedback
2045,Nice app,5,2024-03-31,BOA,positive,0.9998061060905457,positive,0.4215,UI & Customer Experience
2046,No need to give Star the woriest app in the world. Every time you're obliged to install from play store to open a new account!,1,2024-03-30,BOA,negative,-0.995273768901825,positive,0.126,App Performance & Stability
2047,Nice app,5,2024-03-29,BOA,positive,0.9998061060905457,positive,0.4215,UI & Customer Experience
2048,Login and problem on OTP,5,2024-03-29,BOA,negative,-0.9970247149467468,negative,-0.4019,Account Access & Authentication
2049,good,4,2024-03-29,BOA,positive,0.9998161196708679,positive,0.4404,Other / General Feedback
2050,Good,5,2024-03-29,BOA,positive,0.9998161196708679,positive,0.4404,Other / General Feedback
2051,Full of bug it doesn't even sign up . a shame of work for the abyssinia bank,1,2024-03-28,BOA,negative,-0.9997976422309875,negative,-0.4767,App Performance & Stability
2052,This app is good app,5,2024-03-28,BOA,positive,0.9998412132263184,positive,0.4404,Other / General Feedback
2053,it's difficult to register especially to use front face camera to upload profile. by the way why the heck we have to blink three times to give our picture and self register? make it a friendly app for your customers. did the bank ever done research on how the users are interacting with the banks application? I don't think so.,2,2024-03-28,BOA,negative,-0.9925678968429565,positive,0.264,Account Access & Authentication
2054,this app is very smart app,5,2024-03-27,BOA,positive,0.9998249411582947,positive,0.4576,Other / General Feedback
2055,"Even a kid can make a bettet app than this, BOA very dissapointed",1,2024-03-27,BOA,negative,-0.9964818954467773,neutral,0.0,Other / General Feedback
2056,Nic app,5,2024-03-27,BOA,positive,0.9797857403755188,neutral,0.0,Other / General Feedback
2057,Amazing App,5,2024-03-25,BOA,positive,0.9998670816421509,positive,0.5859,Other / General Feedback
2058,Nice,5,2024-03-25,BOA,positive,0.9998552799224854,positive,0.4215,UI & Customer Experience
2059,The worst application even yall better be organized WHAT THE ACTUAL APPLICATION is this like so rude and problematic. It's infuriating,1,2024-03-23,BOA,negative,-0.9998181462287903,negative,-0.8675,Other / General Feedback
2060,This app keeps crashing pls fix the problem and update it.,3,2024-03-23,BOA,negative,-0.9974042773246765,negative,-0.34,App Performance & Stability
2061,The app seems like some kid's high-school project looks so good but doest work at all keeps crashing don't even try to download it u r better off with other financial apps,1,2024-03-22,BOA,negative,-0.9946194887161255,positive,0.7888,App Performance & Stability
2062,"It always corrupt, unable to access for payment from it. It is not expected from Abyssinia.",1,2024-03-22,BOA,negative,-0.994236171245575,neutral,0.0,Account Access & Authentication
2063,good,5,2024-03-21,BOA,positive,0.9998161196708679,positive,0.4404,Other / General Feedback
2064,The most miserable app. Please update it,1,2024-03-21,BOA,negative,-0.9995405673980713,negative,-0.2333,Other / General Feedback
2065,good,5,2024-03-20,BOA,positive,0.9998161196708679,positive,0.4404,Other / General Feedback
2066,Very good,5,2024-03-20,BOA,positive,0.9998520612716675,positive,0.4927,Other / General Feedback
2067,Yea this app was good.....but one thing i wanna to know does have international payment like paypal ...... if it works i swear i will support in every thing.... i hope u will fix it,2,2024-03-20,BOA,negative,-0.6536777019500732,positive,0.7845,Transaction & Payment Issues
2068,Bad app,5,2024-03-20,BOA,negative,-0.9997212290763855,negative,-0.5423,Other / General Feedback
2069,Almost useless. The intention is there but not functioning. My rating to it is 0*,1,2024-03-20,BOA,negative,-0.9996216297149658,negative,-0.191,Other / General Feedback
2070,"This application needs upgrade ,it cannot work any thing,",1,2024-03-19,BOA,negative,-0.9990886449813843,neutral,0.0,Other / General Feedback
2071,Good,3,2024-03-19,BOA,positive,0.9998161196708679,positive,0.4404,Other / General Feedback
2072,I am disgrace by this apps. Its really boring. I do no why this mobile apps built. 1. Can't respons the host 2. It's too big for mobile.,1,2024-03-19,BOA,negative,-0.9996367692947388,negative,-0.7902,UI & Customer Experience
2073,How can I work,1,2024-03-19,BOA,positive,0.998830258846283,neutral,0.0,Other / General Feedback
2074,"It's nice app to transfer money , it's very easy to use",5,2024-03-19,BOA,positive,0.9988762736320496,positive,0.7178,Transaction & Payment Issues
2075,Cool,4,2024-03-19,BOA,positive,0.9998509883880615,positive,0.3182,Other / General Feedback
2076,Its not active all day,1,2024-03-19,BOA,negative,-0.9991825222969055,negative,-0.3089,Other / General Feedback
2077,Good app.,5,2024-03-19,BOA,positive,0.9998503923416138,positive,0.4404,Other / General Feedback
2078,Its more than good,5,2024-03-19,BOA,positive,0.9998169541358948,positive,0.4902,Other / General Feedback
2079,The worst app ever,1,2024-03-19,BOA,negative,-0.9997934699058533,negative,-0.6249,Other / General Feedback
2080,super apollo app,3,2024-03-18,BOA,positive,0.9788103103637695,positive,0.5994,Transaction & Payment Issues
2081,Nice app,5,2024-03-18,BOA,positive,0.9998061060905457,positive,0.4215,UI & Customer Experience
2082,Best,5,2024-03-18,BOA,positive,0.9997941851615906,positive,0.6369,Other / General Feedback
2083,fine,5,2024-03-17,BOA,positive,0.9998335838317871,positive,0.2023,Other / General Feedback
2084,It is good to be for students,5,2024-03-17,BOA,positive,0.9998661279678345,positive,0.4404,Other / General Feedback
2085,Good app,5,2024-03-17,BOA,positive,0.9998493194580078,positive,0.4404,Other / General Feedback
2086,"The idea and the name is the best, the service and the inside is empty, a very boring and crooked application",2,2024-03-16,BOA,negative,-0.9997649788856506,positive,0.204,Customer Support & Service
2087,good app,5,2024-03-15,BOA,positive,0.9998493194580078,positive,0.4404,Other / General Feedback
2088,I love it,5,2024-03-15,BOA,positive,0.9998799562454224,positive,0.6369,UI & Customer Experience
2089,Worst app ever seen,1,2024-03-14,BOA,negative,-0.9997926354408264,negative,-0.6249,Other / General Feedback
2090,This program is easy,5,2024-03-13,BOA,positive,0.9984128475189209,positive,0.4404,UI & Customer Experience
2091,Embarrassing App...!!!,1,2024-03-12,BOA,negative,-0.9997499585151672,negative,-0.5386,Other / General Feedback
2092,Good apk,5,2024-03-11,BOA,positive,0.9998421669006348,positive,0.4404,Other / General Feedback
2093,I am waiting to get loan,5,2024-03-11,BOA,negative,-0.9857378005981445,neutral,0.0,Other / General Feedback
2094,If i could give it negative rating I would do it instantly worst banking app ever,1,2024-03-11,BOA,negative,-0.9997778534889221,negative,-0.8316,Other / General Feedback
2095,Good !,5,2024-03-08,BOA,positive,0.9998268485069275,positive,0.4926,Other / General Feedback
2096,Nice app,5,2024-03-07,BOA,positive,0.9998061060905457,positive,0.4215,UI & Customer Experience
2097,Goood app,5,2024-03-06,BOA,negative,-0.9925320744514465,neutral,0.0,Other / General Feedback
2098,Oh good app but big on it's size,1,2024-03-06,BOA,positive,0.9989820122718811,positive,0.2382,Other / General Feedback
2099,"It is not reliable, the app crashed frequently.",1,2024-03-02,BOA,negative,-0.9997997879981995,neutral,0.0,App Performance & Stability
2100,The best app,5,2024-02-29,BOA,positive,0.9998469352722168,positive,0.6369,Other / General Feedback
2101,"Very friendly, easy to use and secured. More and more stands to benefit users. Thanks to Abyssinia Bank.",5,2024-02-28,BOA,positive,0.9997268319129944,positive,0.9386,UI & Customer Experience
2102,The app need to work fast because it is very slow...!!!,2,2024-02-27,BOA,negative,-0.9993492960929871,neutral,0.0,App Performance & Stability
2103,this app perfect and exellence digital service with boa,5,2024-02-25,BOA,positive,0.9875340461730957,positive,0.5719,UI & Customer Experience
2104,Very good app,5,2024-02-25,BOA,positive,0.9998675584793091,positive,0.4927,Other / General Feedback
2105,"Apollo is trying to bring something new, something insane but not taking the users action and feedback. Here's what Apollo is really missing. 1. From Developers' perspective - it's not well tested and packed. Everytime you try to login or do something there's a technical error notifications that a user can't understand - it has lots of concurrent actions that is not really necessary 2. From User Side - Huge space is required to install the app - loading time takes forever",3,2024-02-25,BOA,negative,-0.9997290968894958,negative,-0.7852,Account Access & Authentication
2106,The worest app i have ever seen.......-10,1,2024-02-25,BOA,positive,0.6330424547195435,neutral,0.0,Other / General Feedback
2107,I can't even download it!,2,2024-02-24,BOA,negative,-0.9989027976989746,neutral,0.0,Other / General Feedback
2108,Its a boring app i have used ever...please try to update,1,2024-02-24,BOA,negative,-0.9996212720870972,negative,-0.3182,Other / General Feedback
2109,Improving now,4,2024-02-23,BOA,positive,0.9997804760932922,positive,0.4215,Other / General Feedback
2110,Beast Platform,5,2024-02-22,BOA,positive,0.9923945665359497,neutral,0.0,Other / General Feedback
2111,Nice app,5,2024-02-21,BOA,positive,0.9998061060905457,positive,0.4215,UI & Customer Experience
2112,Great 👍,5,2024-02-20,BOA,positive,0.9997692704200745,positive,0.6249,Other / General Feedback
2113,"Apollo doesn't provide/send SMS verification during transactions. User has no any paperwork or guarantee on there deposit money, it's all in the cloud. If something happens(hacker) full liability will only fail on the user Abyssinian doesn't guarantee your money is safe with them.",2,2024-02-19,BOA,negative,-0.9991030693054199,negative,-0.5171,Account Access & Authentication
2114,Besti is Apollo,5,2024-02-18,BOA,positive,0.9916623830795288,neutral,0.0,Transaction & Payment Issues
2115,Niss app,5,2024-02-18,BOA,negative,-0.9130547046661377,neutral,0.0,Other / General Feedback
2116,It is an amazing application. It is very easy and convenient.👍🙏,5,2024-02-17,BOA,positive,0.9997949004173279,positive,0.7902,UI & Customer Experience
2117,"BoA Bank of Abyssina ••• Best App for alternative banking channel. easy, user Friendly interface. Secure. Fast and Reliable. Highly recommended; ..",5,2024-02-16,BOA,positive,0.9996844530105591,positive,0.9299,UI & Customer Experience
2118,Is nice,5,2024-02-15,BOA,positive,0.9998544454574585,positive,0.4215,UI & Customer Experience
2119,Am using this app perfectly am also using the loan keep up but there also negative part you now it upgrade the negative parts thanks,4,2024-02-14,BOA,positive,0.8214428424835205,negative,-0.6858,UI & Customer Experience
2120,Amazing app,5,2024-02-14,BOA,positive,0.9998670816421509,positive,0.5859,Other / General Feedback
2121,It's good,2,2024-02-14,BOA,positive,0.9998360872268677,positive,0.4404,Other / General Feedback
2122,Interested,5,2024-02-14,BOA,positive,0.9997398257255554,positive,0.4019,Other / General Feedback
2123,Good,5,2024-02-12,BOA,positive,0.9998161196708679,positive,0.4404,Other / General Feedback
2124,New technology in Ethiopia,5,2024-02-12,BOA,positive,0.9987198114395142,neutral,0.0,Other / General Feedback
2125,To share about the useful of apollo app and peaples satisfay by the app next then the peaple share the other users how to use the apollo app in their devices,5,2024-02-11,BOA,negative,-0.8515931963920593,positive,0.743,Transaction & Payment Issues
2126,Best app this on,4,2024-02-11,BOA,positive,0.9989606142044067,positive,0.6369,Other / General Feedback
2127,Google account,5,2024-02-11,BOA,positive,0.9400166273117065,neutral,0.0,Other / General Feedback
2128,Make it lite. The app crashes every time i used it's slow,1,2024-02-11,BOA,negative,-0.9979718327522278,neutral,0.0,App Performance & Stability
2129,Please update it to small MB . It covers too much space,1,2024-02-10,BOA,negative,-0.9994376301765442,positive,0.3182,Other / General Feedback
2130,Good,5,2024-02-07,BOA,positive,0.9998161196708679,positive,0.4404,Other / General Feedback
2131,Average app below average!,1,2024-02-07,BOA,negative,-0.983171820640564,neutral,0.0,Other / General Feedback
2132,"Slow, the verification process is difficult eventho providing all necessary documents and information. Plus, it keeps crashing and affecting the phone's process. It needs more improvement.",1,2024-02-06,BOA,negative,-0.9987078905105591,positive,0.2006,Account Access & Authentication
2133,Super slow,1,2024-02-06,BOA,negative,-0.9996151924133301,positive,0.5994,App Performance & Stability
2134,I have 15 gears experience .in education MoE.,1,2024-02-06,BOA,positive,0.7496864795684814,neutral,0.0,Other / General Feedback
2135,It's not working please fix it,1,2024-02-06,BOA,negative,-0.9997859597206116,negative,-0.2411,Other / General Feedback
2136,Ahead of thier game .keep up the good work.,5,2024-02-06,BOA,positive,0.9998321533203125,positive,0.4404,Other / General Feedback
2137,Nice,4,2024-02-05,BOA,positive,0.9998552799224854,positive,0.4215,UI & Customer Experience
2138,The most important app,5,2024-02-05,BOA,positive,0.9992020726203918,positive,0.2716,Other / General Feedback
2139,good,3,2024-02-05,BOA,positive,0.9998161196708679,positive,0.4404,Other / General Feedback
2140,this app is very Useful,5,2024-02-05,BOA,positive,0.998563826084137,positive,0.4927,Other / General Feedback
2141,The worst financial app ever,1,2024-02-05,BOA,negative,-0.9998005032539368,negative,-0.6249,Other / General Feedback
2142,This app doesn't work,1,2024-02-05,BOA,negative,-0.9997921586036682,neutral,0.0,Other / General Feedback
2143,⭐️⭐️⭐️⭐️⭐️first moon land Apollo 11 united state of America 🇺🇸,5,2024-02-04,BOA,positive,0.5358671545982361,positive,0.4215,Transaction & Payment Issues
2144,Good,5,2024-02-04,BOA,positive,0.9998161196708679,positive,0.4404,Other / General Feedback
2145,"Poor app👎👎👎, they were unable to fix loan service criteria (Incomplete customer profile), so I give it 1/5 and I'm going to uninstall it",1,2024-02-03,BOA,negative,-0.9997548460960388,negative,-0.4767,Customer Support & Service
2146,Cool,4,2024-02-03,BOA,positive,0.9998509883880615,positive,0.3182,Other / General Feedback
2147,very nice,5,2024-02-02,BOA,positive,0.9998563528060913,positive,0.4754,UI & Customer Experience
2148,NICE,5,2024-02-02,BOA,positive,0.9998552799224854,positive,0.4215,UI & Customer Experience
2149,I am confessed this application is providing service or not.,3,2024-02-01,BOA,negative,-0.9968594312667847,neutral,0.0,Customer Support & Service
2150,Good,5,2024-02-01,BOA,positive,0.9998161196708679,positive,0.4404,Other / General Feedback
2151,Why the last variation is not acceptable,5,2024-02-01,BOA,negative,-0.9997742772102356,negative,-0.2411,Other / General Feedback
2152,It's an amazing secured app,5,2024-01-30,BOA,positive,0.9998738765716553,positive,0.7579,Other / General Feedback
2153,"I am confused about whether this app has been providing a service or not. It doesn't offer a loan service; instead, it shows that I am eligible for the service but gives a ""The request was not successful. Please check device connectivity or try again"" message repeatedly. I don't expect such issues from this large organization.",1,2024-01-30,BOA,negative,-0.9981174468994141,negative,-0.8021,Customer Support & Service
2154,Good and awesome,5,2024-01-30,BOA,positive,0.9998645782470703,positive,0.7906,Other / General Feedback
2155,I cant get the service i request easily,1,2024-01-29,BOA,negative,-0.9929634928703308,positive,0.34,Customer Support & Service
2156,This app was expecting to be functional atleast criteria.but crashing and error every minutes. If you like to improved make it now.,1,2024-01-29,BOA,negative,-0.9974880218505859,positive,0.4404,App Performance & Stability
2157,Amzlthg potanshiale,5,2024-01-29,BOA,negative,-0.9905217885971069,neutral,0.0,Other / General Feedback
2158,Good,2,2024-01-29,BOA,positive,0.9998161196708679,positive,0.4404,Other / General Feedback
2159,Best,5,2024-01-28,BOA,positive,0.9997941851615906,positive,0.6369,Other / General Feedback
2160,Wonderful application,5,2024-01-28,BOA,positive,0.9998810291290283,positive,0.5719,Other / General Feedback
2161,good,5,2024-01-28,BOA,positive,0.9998161196708679,positive,0.4404,Other / General Feedback
2162,Ok,5,2024-01-28,BOA,positive,0.9997851252555847,positive,0.296,Other / General Feedback
2163,It's MB size large to download,4,2024-01-27,BOA,negative,-0.7608118653297424,neutral,0.0,Other / General Feedback
2164,It is soo good to kept up,4,2024-01-27,BOA,positive,0.9997188448905945,positive,0.4404,Other / General Feedback
2165,Why not working apollo update profile when i try to update is keep closing the app ?,1,2024-01-27,BOA,negative,-0.9990214109420776,neutral,0.0,Transaction & Payment Issues
2166,Ok,5,2024-01-27,BOA,positive,0.9997851252555847,positive,0.296,Other / General Feedback
2167,please respond to whatever comments given. The app is not bad and not perfect as well. Tell your customers some thing at least.,2,2024-01-27,BOA,negative,-0.9935401082038879,positive,0.0869,UI & Customer Experience
2168,Good,4,2024-01-26,BOA,positive,0.9998161196708679,positive,0.4404,Other / General Feedback
2169,Best app,5,2024-01-26,BOA,positive,0.999686598777771,positive,0.6369,Other / General Feedback
2170,Tuesdays Tuesdays,5,2024-01-26,BOA,positive,0.891038715839386,neutral,0.0,Other / General Feedback
2171,best app,5,2024-01-26,BOA,positive,0.999686598777771,positive,0.6369,Other / General Feedback
2172,It doesn't work Its lie,1,2024-01-26,BOA,positive,0.9985710382461548,neutral,0.0,Other / General Feedback
2173,This app is a Joke!,1,2024-01-26,BOA,negative,-0.9981167316436768,positive,0.3595,Other / General Feedback
2174,NIce app,5,2024-01-26,BOA,positive,0.9998061060905457,positive,0.4215,UI & Customer Experience
2175,"Overall worst experience. Even their digital lending is a kind of scam. They will drag you down back to the minimum eligibility level once they collect their credit ammount, without any bad score. Don't do anything with BOA apps.",1,2024-01-25,BOA,negative,-0.9997996687889099,negative,-0.675,Other / General Feedback
2176,Very fast,5,2024-01-25,BOA,positive,0.9992815852165222,neutral,0.0,Other / General Feedback
2177,"If negative rating like -10 stars existed it would have been a perfect fit for this App!!! , it keeps crashing every second, it takes minutes to bring up the input field to enter the otp , it doesn't even send anything for the final verification part.",1,2024-01-25,BOA,negative,-0.9995983242988586,positive,0.7074,Account Access & Authentication
2178,Good,5,2024-01-25,BOA,positive,0.9998161196708679,positive,0.4404,Other / General Feedback
2179,Bad,2,2024-01-25,BOA,negative,-0.999782383441925,negative,-0.5423,Other / General Feedback
2180,Worst app i have ever seen please fix the crashing and ui problem,1,2024-01-25,BOA,negative,-0.9997945427894592,negative,-0.6705,App Performance & Stability
2181,Ohhh it is too much worest app in the bank industry it is much late and lazy,1,2024-01-25,BOA,negative,-0.9997565150260925,negative,-0.3612,Other / General Feedback
2182,Great app👏👏,5,2024-01-25,BOA,positive,0.9997692704200745,positive,0.6249,Other / General Feedback
2183,The app is not yet finalized I think. It crashs frequently,2,2024-01-25,BOA,negative,-0.9992419481277466,neutral,0.0,App Performance & Stability
2184,Easy and fast app for all you are number one contenue,4,2024-01-24,BOA,positive,0.999408483505249,positive,0.4939,UI & Customer Experience
2185,Amazing app thank you bank of Abyssinia,5,2024-01-24,BOA,positive,0.9998131394386292,positive,0.743,Other / General Feedback
2186,The app is very good but it used high mobile data resolve it.,4,2024-01-24,BOA,positive,0.9918419122695923,positive,0.6701,Other / General Feedback
2187,For digital technology use,4,2024-01-24,BOA,positive,0.933753490447998,neutral,0.0,Other / General Feedback
2188,Xxxxxxxx. DON'T trust,1,2024-01-24,BOA,negative,-0.9995556473731995,negative,-0.4023,Other / General Feedback
2189,Good,5,2024-01-24,BOA,positive,0.9998161196708679,positive,0.4404,Other / General Feedback
2190,Good,5,2024-01-24,BOA,positive,0.9998161196708679,positive,0.4404,Other / General Feedback
2191,Unstable app needs much update,1,2024-01-24,BOA,negative,-0.9995548129081726,negative,-0.3612,Other / General Feedback
2192,very slow,5,2024-01-24,BOA,negative,-0.9997065663337708,neutral,0.0,App Performance & Stability
2193,It's not active and efficient,1,2024-01-23,BOA,negative,-0.9998118281364441,negative,-0.5559,Other / General Feedback
2194,Nice,5,2024-01-23,BOA,positive,0.9998552799224854,positive,0.4215,UI & Customer Experience
2195,Best of the best,5,2024-01-23,BOA,positive,0.9998401403427124,positive,0.8555,Other / General Feedback
2196,Unable to open,5,2024-01-23,BOA,negative,-0.999762237071991,neutral,0.0,App Performance & Stability
2197,The app crashes. It requires high quality of connection. It is basically unusable to most. Tried to open it more than 30 times and it didn't even open once. Apollo is a joke.,1,2024-01-23,BOA,negative,-0.999667763710022,positive,0.296,Transaction & Payment Issues
2198,It is ok,5,2024-01-23,BOA,positive,0.9998496770858765,positive,0.296,Other / General Feedback
2199,Nice,5,2024-01-23,BOA,positive,0.9998552799224854,positive,0.4215,UI & Customer Experience
2200,Amazing app,5,2024-01-23,BOA,positive,0.9998670816421509,positive,0.5859,Other / General Feedback
2201,What an app,5,2024-01-22,BOA,positive,0.9938238859176636,neutral,0.0,Other / General Feedback
2202,Good,5,2024-01-21,BOA,positive,0.9998161196708679,positive,0.4404,Other / General Feedback
2203,worst app it doesn't have a logo on my side,1,2024-01-21,BOA,negative,-0.9997884631156921,negative,-0.6249,Other / General Feedback
2204,Google account,5,2024-01-21,BOA,positive,0.9400166273117065,neutral,0.0,Other / General Feedback
2205,Best app,5,2024-01-20,BOA,positive,0.999686598777771,positive,0.6369,Other / General Feedback
2206,Always new things! BOA💪💪💪,5,2024-01-19,BOA,positive,0.9987140893936157,neutral,0.0,Other / General Feedback
2207,It is great app for me and it's credit is also fair!,5,2024-01-19,BOA,positive,0.9998040795326233,positive,0.8516,Other / General Feedback
2208,It's good app but there is no easy to deposit money.,4,2024-01-19,BOA,negative,-0.988917350769043,negative,-0.2867,Transaction & Payment Issues
2209,Good,2,2024-01-19,BOA,positive,0.9998161196708679,positive,0.4404,Other / General Feedback
2210,Cool,5,2024-01-19,BOA,positive,0.9998509883880615,positive,0.3182,Other / General Feedback
2211,i didn't believe when i saw bad comments about the app and they were all true. guys don't waste your time on this,1,2024-01-19,BOA,negative,-0.9340264201164246,positive,0.1611,Other / General Feedback
2212,Yes Apollo mense the best app,5,2024-01-16,BOA,positive,0.999721348285675,positive,0.7845,Transaction & Payment Issues
2213,The app is good but we do not know what is the criteria for each service give by this app please include it.,5,2024-01-16,BOA,positive,0.9884876608848572,positive,0.5994,Customer Support & Service
2214,Really appreciates this apps fantastic!!!,1,2024-01-16,BOA,positive,0.999869704246521,positive,0.843,Other / General Feedback
2215,"It's been a year since I deposited money here, I still haven't been able to withdraw my money and I advise you never to use this, they will eat your money.",1,2024-01-16,BOA,negative,-0.9851171970367432,neutral,0.0,Transaction & Payment Issues
2216,It's the worst app there could ever be,1,2024-01-15,BOA,negative,-0.9998038411140442,negative,-0.6249,Other / General Feedback
2217,Very good,5,2024-01-15,BOA,positive,0.9998520612716675,positive,0.4927,Other / General Feedback
2218,Good,5,2024-01-15,BOA,positive,0.9998161196708679,positive,0.4404,Other / General Feedback
2219,I can't Send My $ With all why Telbir or other Bank ....🤔🤔🤔🤔🤔🤔🤔🤔🤔🤔🤔🤔🤔🤔🤔🤔🤔🤔🤔,1,2024-01-14,BOA,negative,-0.9992013573646545,neutral,0.0,Transaction & Payment Issues
2220,Best app,2,2024-01-14,BOA,positive,0.999686598777771,positive,0.6369,Other / General Feedback
2221,Good app,5,2024-01-13,BOA,positive,0.9998493194580078,positive,0.4404,Other / General Feedback
2222,"Sorry😔 I didn't get expected from this app. Most of features are not available as per the app term and conditions like Debit card , mobile topup and loans☹️☹️☹️",1,2024-01-11,BOA,negative,-0.9976673126220703,negative,-0.5719,Other / General Feedback
2223,very nice app for smart phone user,5,2024-01-11,BOA,positive,0.9995524287223816,positive,0.6997,UI & Customer Experience
2224,"In one word it's just annoying app. it doesn't work properly and crushes every second, I'm so disappointed. it doesn't deserve any rate 👎👎",1,2024-01-11,BOA,negative,-0.9997686743736267,negative,-0.8622,Other / General Feedback
2225,Appolo credit system doesn't work max 2 time it's totally fake I am really disappointed on the app,1,2024-01-11,BOA,negative,-0.9993516802787781,negative,-0.6353,Other / General Feedback
2226,Becommercialst for all,1,2024-01-11,BOA,negative,-0.6439025402069092,neutral,0.0,Other / General Feedback
2227,smooth and decent payment app.,5,2024-01-10,BOA,positive,0.9998351335525513,neutral,0.0,Transaction & Payment Issues
2228,So many problem fix it before you guys launch it,1,2024-01-10,BOA,negative,-0.9991088509559631,negative,-0.4549,Other / General Feedback
2229,This is one of the worst mobile banking application....that I have ever seen.,1,2024-01-10,BOA,negative,-0.999795138835907,negative,-0.6249,Other / General Feedback
2230,I hate this app it is one of the worest app i ever used!,1,2024-01-10,BOA,negative,-0.9992178678512573,negative,-0.6114,Other / General Feedback
2231,Worst app,1,2024-01-10,BOA,negative,-0.9997863173484802,negative,-0.6249,Other / General Feedback
2232,What a trash. I don't expect such terrible app from such big bank. It crashes everytime I log in,1,2024-01-10,BOA,negative,-0.9995787739753723,positive,0.3724,App Performance & Stability
2233,Very good,1,2024-01-10,BOA,positive,0.9998520612716675,positive,0.4927,Other / General Feedback
2234,App malfunctions regularly,3,2024-01-09,BOA,negative,-0.999515175819397,neutral,0.0,Other / General Feedback
2235,Nice one exactly working 👌👌,5,2024-01-08,BOA,positive,0.9998295307159424,positive,0.9333,UI & Customer Experience
2236,Other bank do not provide like abissinia,3,2024-01-08,BOA,negative,-0.9771248698234558,negative,-0.2755,Other / General Feedback
2237,Why do not update,4,2024-01-08,BOA,negative,-0.9977843165397644,neutral,0.0,Other / General Feedback
2238,Very bulk applications,1,2024-01-08,BOA,positive,0.9638588428497314,neutral,0.0,Other / General Feedback
2239,This app is not working💔,1,2024-01-08,BOA,negative,-0.9910008311271667,negative,-0.2057,Other / General Feedback
2240,Whay not download this app,5,2024-01-07,BOA,negative,-0.9938927888870239,neutral,0.0,Other / General Feedback
2241,I advise people don't use this app it's poor quality I don't understand why BOA give green light for A poll,1,2024-01-07,BOA,negative,-0.9995377063751221,negative,-0.4767,Other / General Feedback
2242,Can u please launch the lite version,3,2024-01-06,BOA,positive,0.9949120879173279,positive,0.3182,Other / General Feedback
2243,Best app,5,2024-01-05,BOA,positive,0.999686598777771,positive,0.6369,Other / General Feedback
2244,Very bad and useless app👎👎👎👎👎👎👎👎,1,2024-01-05,BOA,negative,-0.9997994303703308,negative,-0.7818,Other / General Feedback
2245,Worst App ever.. My God.. Don't use it.. I swear.. Bad Bad Bad...,1,2024-01-05,BOA,negative,-0.9997387528419495,negative,-0.9287,Other / General Feedback
2246,"The app is very different from other bank i like it especialy the wey how to issues card and when the card is lost how you out of serivec your card with this app, the probelem it is very slow to open i think it is a back end problem please solve it as soon as possible.",5,2024-01-05,BOA,negative,-0.9988899827003479,positive,0.1531,App Performance & Stability
2247,This app needs to be fixed. It doesn't work properly. It closes itself frequently and it's not stable at all. Very disappointing.,1,2024-01-05,BOA,negative,-0.999815046787262,negative,-0.6576,App Performance & Stability
2248,This new version is crushing,1,2024-01-05,BOA,negative,-0.999674916267395,negative,-0.3612,Other / General Feedback
2249,I like this app,5,2024-01-03,BOA,positive,0.9996516704559326,positive,0.3612,Other / General Feedback
2250,it is good app,5,2024-01-03,BOA,positive,0.9998652935028076,positive,0.4404,Other / General Feedback
2251,Best app,5,2024-01-02,BOA,positive,0.999686598777771,positive,0.6369,Other / General Feedback
2252,Apps keeps crashing on Android 13 and 14 ....... On old phones normal nw .....,1,2024-01-02,BOA,negative,-0.990082323551178,neutral,0.0,App Performance & Stability
2253,Good,5,2024-01-02,BOA,positive,0.9998161196708679,positive,0.4404,Other / General Feedback
2254,Ok,5,2024-01-01,BOA,positive,0.9997851252555847,positive,0.296,Other / General Feedback
2255,Love it,5,2024-01-01,BOA,positive,0.9998753070831299,positive,0.6369,UI & Customer Experience
2256,Boa,5,2024-01-01,BOA,negative,-0.7410526871681213,neutral,0.0,Other / General Feedback
2257,It is crushing,2,2023-12-31,BOA,negative,-0.9994609951972961,negative,-0.3612,Other / General Feedback
2258,I can't give this app rating... The most disgusting app... it's have alot of problems,1,2023-12-31,BOA,negative,-0.9995269775390625,negative,-0.7501,Other / General Feedback
2259,helpfull app,5,2023-12-31,BOA,positive,0.9927527904510498,neutral,0.0,Customer Support & Service
2260,It is optional for telebirr,3,2023-12-30,BOA,negative,-0.9429750442504883,neutral,0.0,Other / General Feedback
2261,Simple best,5,2023-12-29,BOA,positive,0.9998149275779724,positive,0.6369,Other / General Feedback
2262,Keep it up but to be more advanced please update the App,3,2023-12-29,BOA,positive,0.624355137348175,positive,0.7436,Other / General Feedback
2263,excellent,5,2023-12-29,BOA,positive,0.9998434782028198,positive,0.5719,Other / General Feedback
2264,Its modern digital banking app!,5,2023-12-28,BOA,positive,0.9967482089996338,neutral,0.0,Other / General Feedback
2265,Great app,5,2023-12-28,BOA,positive,0.999821126461029,positive,0.6249,Other / General Feedback
2266,"⛔️⛔️⛔️ It took modney from my other Account without my permission. I love the bank and it's services, but today at 12:21 a.m. while I was sleeping it took the money I had in a connected account in the same bank to settle some of the loan. Mind you the loan payment date was today 28.12.23 and yet it didn't even wait for me to get up or for daybreak. I have taken loans before and this didn't happen at all. Was not notified if this is new terms and conditions either.",1,2023-12-28,BOA,negative,-0.97881680727005,positive,0.4382,Transaction & Payment Issues
2267,Nice,5,2023-12-27,BOA,positive,0.9998552799224854,positive,0.4215,UI & Customer Experience
2268,Great app,5,2023-12-27,BOA,positive,0.999821126461029,positive,0.6249,Other / General Feedback
2269,Ok,5,2023-12-27,BOA,positive,0.9997851252555847,positive,0.296,Other / General Feedback
2270,This APP not developed well...has repeatedly crash and send Apollo is not working...i waste my time and money.,1,2023-12-26,BOA,negative,-0.9998053908348083,negative,-0.0946,Transaction & Payment Issues
2271,Good job!,5,2023-12-26,BOA,positive,0.9998481273651123,positive,0.4926,Other / General Feedback
2272,Good app,5,2023-12-26,BOA,positive,0.9998493194580078,positive,0.4404,Other / General Feedback
2273,Good but a slow,4,2023-12-26,BOA,positive,0.9964386224746704,positive,0.2382,App Performance & Stability
2274,"Very very very bad bad bad,Very bad app,i have opend acct on this app,and i understand it is finished,but when i tried to transfer mony it have many process,i go to bank waited for aday but no tranfer. Very tidy process,very bad expiriance.",1,2023-12-26,BOA,negative,-0.9988545179367065,negative,-0.937,Transaction & Payment Issues
2275,Good 👍,5,2023-12-26,BOA,positive,0.9998576641082764,positive,0.4404,Other / General Feedback
2276,Response time is not good,5,2023-12-26,BOA,negative,-0.9997898936271667,negative,-0.3412,Customer Support & Service
2277,"It's the worst application I have ever used, it won't let you use your money, won't transfer to any account and it stuck most of the time. I don't know why they made the worst apps. TRY FIX IT. Won't hurt.",1,2023-12-25,BOA,negative,-0.9994428753852844,negative,-0.8138,Transaction & Payment Issues
2278,It's not an ideal Mobile banking.,1,2023-12-25,BOA,negative,-0.9998043179512024,negative,-0.4168,Other / General Feedback
2279,Good,5,2023-12-24,BOA,positive,0.9998161196708679,positive,0.4404,Other / General Feedback
2280,Good,5,2023-12-24,BOA,positive,0.9998161196708679,positive,0.4404,Other / General Feedback
2281,smart app,5,2023-12-24,BOA,positive,0.999789297580719,positive,0.4019,Other / General Feedback
2282,Best,5,2023-12-23,BOA,positive,0.9997941851615906,positive,0.6369,Other / General Feedback
2283,The idea is good but apollo app is not perfect because sometimes the loan is active sometimes is not active he say you're not eligible and when i want to buy a package it's not working totally the app and Apollo company is weird,1,2023-12-23,BOA,negative,-0.9985471367835999,negative,-0.4559,Transaction & Payment Issues
2284,it is wonderful app i have used,5,2023-12-23,BOA,positive,0.9998741149902344,positive,0.5719,Other / General Feedback
2285,Login,5,2023-12-23,BOA,negative,-0.9661574363708496,neutral,0.0,Account Access & Authentication
2286,"The signup process is very difficult. Can not even signup, specially the agreement button is not active. Uninstallllllllllllll..........",1,2023-12-23,BOA,negative,-0.9995624423027039,negative,-0.2146,Account Access & Authentication
2287,Good,5,2023-12-23,BOA,positive,0.9998161196708679,positive,0.4404,Other / General Feedback
2288,"Starting to install an app but it stops continuously after I fill up my email address and face id it errupt by itself. It so annoying, I don't expect this kind of ....from BOA",2,2023-12-23,BOA,negative,-0.9993670582771301,negative,-0.7675,Other / General Feedback
2289,Nice,5,2023-12-22,BOA,positive,0.9998552799224854,positive,0.4215,UI & Customer Experience
2290,Thank you,5,2023-12-22,BOA,positive,0.9998352527618408,positive,0.3612,Other / General Feedback
2291,The app is not working on my phone. It looks incompatible. The developer of the app should review & resolve the problem.,1,2023-12-22,BOA,negative,-0.9996065497398376,neutral,-0.0258,UI & Customer Experience
2292,"This is the most embarrassing mobile banking app i have ever used it keeps crashing every time , it always asks for to turn on the internet even if its turned on it has severe backend server problems it takes forever to refresh , It has the weirdest and useless user interface it needs to be upgraded in every single way possible",1,2023-12-22,BOA,negative,-0.9996459484100342,negative,-0.8977,App Performance & Stability
2293,"I like the app, though, as some people here indicated it is large in size, takes long to laod and does not send email notification. 1. I do not like the OTP. It takes too long to get the measge. By then the time is over. I do not know why people in the center think that the national phone network reaches everywhere and is fast. They should include other options of sharing OTP. 2. Customer support at #8397 is too amateur. They need experts assistance.",4,2023-12-21,BOA,negative,-0.9989773035049438,positive,0.7261,Account Access & Authentication
2294,many good,5,2023-12-20,BOA,positive,0.9998651742935181,positive,0.4404,Other / General Feedback
2295,Nice app,5,2023-12-20,BOA,positive,0.9998061060905457,positive,0.4215,UI & Customer Experience
2296,Good,3,2023-12-20,BOA,positive,0.9998161196708679,positive,0.4404,Other / General Feedback
2297,it so good,4,2023-12-20,BOA,positive,0.9998534917831421,positive,0.4927,Other / General Feedback
2298,The app says update. When i click update it direct to google play store. But there is no update .,3,2023-12-20,BOA,negative,-0.9988712668418884,negative,-0.2732,Other / General Feedback
2299,Nice,5,2023-12-20,BOA,positive,0.9998552799224854,positive,0.4215,UI & Customer Experience
2300,Ok,5,2023-12-20,BOA,positive,0.9997851252555847,positive,0.296,Other / General Feedback
2301,Nice,5,2023-12-20,BOA,positive,0.9998552799224854,positive,0.4215,UI & Customer Experience
2302,It's APK very good,5,2023-12-20,BOA,positive,0.9998586177825928,positive,0.4927,Other / General Feedback
2303,Very good,3,2023-12-20,BOA,positive,0.9998520612716675,positive,0.4927,Other / General Feedback
2304,Do on the details .....example,3,2023-12-20,BOA,positive,0.989866316318512,neutral,0.0,Other / General Feedback
2305,Very nice app,5,2023-12-20,BOA,positive,0.9998562335968018,positive,0.4754,UI & Customer Experience
2306,Good,3,2023-12-20,BOA,positive,0.9998161196708679,positive,0.4404,Other / General Feedback
2307,Nice one,5,2023-12-20,BOA,positive,0.9998481273651123,positive,0.4215,UI & Customer Experience
2308,"The app skip to capture my photo and ID when I registered, and created my account then i deposited money in to the account but unable to withdraw for more than 5 weeks, the call center & the branch are just terrible... I waited for two hours to fix the problem but couldn't be fixed. There are only limited branches who have access to Apolo and when I went they always say the guy who have access is not available... Or they close around 5:40... I am very disappointed in the bank and this product!!!",1,2023-12-20,BOA,negative,-0.9996551275253296,negative,-0.9434,Account Access & Authentication
2309,In general Absinya bank is the best bank in Ethiopia,5,2023-12-20,BOA,positive,0.9998226761817932,positive,0.6369,Other / General Feedback
2310,Nice app,5,2023-12-19,BOA,positive,0.9998061060905457,positive,0.4215,UI & Customer Experience
2311,Nice,5,2023-12-18,BOA,positive,0.9998552799224854,positive,0.4215,UI & Customer Experience
2312,Best app,3,2023-12-18,BOA,positive,0.999686598777771,positive,0.6369,Other / General Feedback
2313,Nice,5,2023-12-18,BOA,positive,0.9998552799224854,positive,0.4215,UI & Customer Experience
2314,Good,5,2023-12-17,BOA,positive,0.9998161196708679,positive,0.4404,Other / General Feedback
2315,wow wow it's how enthusiastic app.download and see...,2,2023-12-17,BOA,positive,0.9997274279594421,positive,0.8957,Other / General Feedback
2316,Good app,4,2023-12-17,BOA,positive,0.9998493194580078,positive,0.4404,Other / General Feedback
2317,It is a very difficult application. It has many problems.,1,2023-12-16,BOA,negative,-0.9986221790313721,negative,-0.6697,Other / General Feedback
2318,Good app,5,2023-12-16,BOA,positive,0.9998493194580078,positive,0.4404,Other / General Feedback
2319,Like apollo app,5,2023-12-16,BOA,positive,0.9762311577796936,positive,0.3612,Transaction & Payment Issues
2320,Very good app,5,2023-12-15,BOA,positive,0.9998675584793091,positive,0.4927,Other / General Feedback
2321,"This App It is not active application to crate new account Aafter some process it says ''*operations not successful Please try again'' and some time '' SMS currently not working'' Please fix this proplem,",1,2023-12-15,BOA,negative,-0.9996461868286133,negative,-0.8049,Other / General Feedback
2322,Best aoo,5,2023-12-14,BOA,positive,0.9995884299278259,positive,0.6369,Other / General Feedback
2323,It's very important I like it more than I can tell you,5,2023-12-14,BOA,positive,0.9998375177383423,positive,0.5936,Other / General Feedback
2324,You say you provide a loan service but when we click the loan option it says customer record not found. Please don't advertise wrong things,1,2023-12-14,BOA,negative,-0.9882882237434387,positive,0.2235,Customer Support & Service
2325,Ok,5,2023-12-14,BOA,positive,0.9997851252555847,positive,0.296,Other / General Feedback
2326,Good,5,2023-12-13,BOA,positive,0.9998161196708679,positive,0.4404,Other / General Feedback
2327,This app is not help füll it contains too many bugs in its usability so debug it as soon as possible,1,2023-12-13,BOA,negative,-0.9995660185813904,negative,-0.3089,App Performance & Stability
2328,easy to use .but loan should be as fast as you advertise,5,2023-12-12,BOA,negative,-0.9744029641151428,positive,0.2382,UI & Customer Experience
2329,Good,5,2023-12-12,BOA,positive,0.9998161196708679,positive,0.4404,Other / General Feedback
2330,"I rate this app zero,coz it is totally ...",2,2023-12-11,BOA,negative,-0.9996205568313599,neutral,0.0,Other / General Feedback
2331,My phone is lenevo apps not working,3,2023-12-11,BOA,negative,-0.9997485280036926,neutral,0.0,Other / General Feedback
2332,Very Good,4,2023-12-11,BOA,positive,0.9998520612716675,positive,0.4927,Other / General Feedback
2333,Little problems sometimes make busy and high size it is good if lite app is available,3,2023-12-11,BOA,positive,0.9938358664512634,positive,0.1263,Other / General Feedback
2334,worst bank ever ... they will take your money and lock you out with no reason what so ever,1,2026-01-19,Dashen,negative,-0.9997994303703308,negative,-0.743,Transaction & Payment Issues
2335,Nice,5,2026-01-12,Dashen,positive,0.9998552799224854,positive,0.4215,UI & Customer Experience
2336,Very disappointing application. it's getting worst by the day. both Amole and their super app. Just abysmal. Very sad.,1,2025-10-31,Dashen,negative,-0.9998226761817932,negative,-0.7956,Transaction & Payment Issues
2337,"Banking made simple, smart, and safe.",5,2025-10-28,Dashen,positive,0.9997703433036804,positive,0.6808,Other / General Feedback
2338,It is the best of all i liked it i used it almost 2 years. As a idea i ask dashen bank system officier please make it self registerable app,5,2025-10-27,Dashen,negative,-0.9920618534088135,positive,0.8519,Account Access & Authentication
2339,"The app is very good , but it does not tell the account number to which transfer is made and the transfer reciever also does not know from whom the transaction was made.Moreover it requires frequent update within short period. Hence improve it accordingly.",4,2025-09-09,Dashen,positive,0.9661496877670288,positive,0.7504,Transaction & Payment Issues
2340,"The best app and easy to use. The only draw back, it has no password reset option without going to brach. Pls modify it.",3,2025-08-24,Dashen,positive,0.9886998534202576,positive,0.7351,Account Access & Authentication
2341,Please enable the app for sreen shoot,1,2025-08-19,Dashen,positive,0.9716950058937073,neutral,-0.0258,Other / General Feedback
2342,good,3,2025-08-11,Dashen,positive,0.9998161196708679,positive,0.4404,Other / General Feedback
2343,good,4,2025-08-08,Dashen,positive,0.9998161196708679,positive,0.4404,Other / General Feedback
2344,the best mobile banking app in Ethiopia,5,2025-07-19,Dashen,positive,0.9997679591178894,positive,0.6369,Other / General Feedback
2345,nice app,5,2025-07-16,Dashen,positive,0.9998061060905457,positive,0.4215,UI & Customer Experience
2346,it's awesome application but there is no available card less système,5,2025-07-12,Dashen,negative,-0.9828771948814392,negative,-0.0644,Other / General Feedback
2347,The app suddenly stops,1,2025-06-12,Dashen,negative,-0.9990180730819702,negative,-0.1531,Other / General Feedback
2348,nice app,4,2025-06-12,Dashen,positive,0.9998061060905457,positive,0.4215,UI & Customer Experience
2349,it is even super than super app,5,2025-06-12,Dashen,positive,0.9946674108505249,positive,0.8316,Other / General Feedback
2350,It would be more helpful if a/c no used for transfer are saved and usable for any future time transfers,4,2025-06-10,Dashen,negative,-0.99860018491745,positive,0.5709,Transaction & Payment Issues
2351,truly one step ahead,4,2025-06-09,Dashen,positive,0.9998230338096619,positive,0.4404,Other / General Feedback
2352,best,5,2025-06-05,Dashen,positive,0.9997941851615906,positive,0.6369,Other / General Feedback
2353,nice application,4,2025-05-27,Dashen,positive,0.9998229146003723,positive,0.4215,UI & Customer Experience
2354,best,5,2025-05-22,Dashen,positive,0.9997941851615906,positive,0.6369,Other / General Feedback
2355,bast smart bank sistem dashen amole dashen bamk,5,2025-05-17,Dashen,positive,0.9796093106269836,positive,0.4019,Transaction & Payment Issues
2356,best app,5,2025-05-16,Dashen,positive,0.999686598777771,positive,0.6369,Other / General Feedback
2357,"Worst app possible, I don't think it gets worse than this. Least user friendly process to exchange your own money, far too many hurdles you have to get past to make a simple money transfer. Even after getting past all the hurdles you are restricted with a min and I believe a max amount of your own money you have access to, not to mention time restrictions; I wasn't able to access my money past midnight multiple times. You can't change tab to another app, having opened this without it crashing.",1,2025-05-15,Dashen,negative,-0.9994826316833496,negative,-0.765,Account Access & Authentication
2358,I'm a Dashen Bank customer as I know its function and duty. Thanks.,5,2025-05-15,Dashen,positive,0.9982103109359741,positive,0.4404,Other / General Feedback
2359,Amole is the digital mobile application what i prefer.,5,2025-05-15,Dashen,positive,0.9839359521865845,neutral,0.0,Transaction & Payment Issues
2360,nice,4,2025-05-12,Dashen,positive,0.9998552799224854,positive,0.4215,UI & Customer Experience
2361,Complicated and fake app,1,2025-04-29,Dashen,negative,-0.9995527863502502,negative,-0.4767,Other / General Feedback
2362,Its Good updation from Previous,3,2025-04-25,Dashen,positive,0.9963968396186829,positive,0.4404,Other / General Feedback
2363,Best app,5,2025-04-14,Dashen,positive,0.999686598777771,positive,0.6369,Other / General Feedback
2364,"Requires updates too frequently, often has server related issues, the fingerprint always requires updating, it's the most unreliable app I've used and always fails when you want to make urgent payments.",2,2025-04-10,Dashen,negative,-0.9995680451393127,negative,-0.1779,Transaction & Payment Issues
2365,disappointed because of option to transfer cash on telebirr is limited for self only.... those and other similar given choices by the bank used us to choose this bank over others! no doubt I will be not preferring this bank with no unique incentives.,1,2025-03-29,Dashen,negative,-0.9996254444122314,negative,-0.7464,Transaction & Payment Issues
2366,everything is perfect,5,2025-03-29,Dashen,positive,0.9998743534088135,positive,0.5719,UI & Customer Experience
2367,good,4,2025-03-26,Dashen,positive,0.9998161196708679,positive,0.4404,Other / General Feedback
2368,good,5,2025-03-26,Dashen,positive,0.9998161196708679,positive,0.4404,Other / General Feedback
2369,Both Amole & Dashen superApp are by far the worst mobile banking apps i have ever came across. if only there is 0 star option,1,2025-03-18,Dashen,negative,-0.9997686743736267,negative,-0.6249,Transaction & Payment Issues
2370,"funny app, so much gymnastics just to be an app for sending and receiving money.",3,2025-03-18,Dashen,positive,0.9542816281318665,positive,0.4404,Transaction & Payment Issues
2371,I use this app so many times so i like it,5,2025-03-17,Dashen,positive,0.9994094371795654,positive,0.4173,Other / General Feedback
2372,Why did u change the option to transfer to other tellebirr account,1,2025-03-17,Dashen,negative,-0.9981628060340881,neutral,0.0,Transaction & Payment Issues
2373,It's nice and simple to use app.,5,2025-03-17,Dashen,positive,0.9998540878295898,positive,0.4215,UI & Customer Experience
2374,Regarding Internet banking i really choice a Dashen Bank and I have one recommendation for app developer shall considere the low android level means 4-6 android to adress all types of android users because now a days the current updated app can't support such android.Thanks!!!,5,2025-03-08,Dashen,negative,-0.9675478339195251,negative,-0.6409,Customer Support & Service
2375,Best,5,2025-02-26,Dashen,positive,0.9997941851615906,positive,0.6369,Other / General Feedback
2376,Please the update is refused to be download on my phone tecno f1. Please solve this issue ASAP,1,2025-02-26,Dashen,negative,-0.998185932636261,positive,0.4939,Other / General Feedback
2377,Excellent app,5,2025-02-24,Dashen,positive,0.9998356103897095,positive,0.5719,Other / General Feedback
2378,"Very poor service, always not responding when ever we need to transfer I rate it 0 !",1,2025-02-23,Dashen,negative,-0.9998088479042053,negative,-0.5697,Transaction & Payment Issues
2379,The recent update is broken. It diesn't allow to take screen shots (which by it self is not a problem) and the share button of a transaction doesn't work nor it will download the transaction receipt. I know security is especially important for banking systems but such a huge limitations on functionality will not serve the app any good. I guess the super app is the way to go.,2,2025-02-21,Dashen,negative,-0.999530553817749,positive,0.9354,Transaction & Payment Issues
2380,It is good but have so much problem ...even it say not compateble to your phone...it not easy for work ..,1,2025-02-20,Dashen,negative,-0.8345475196838379,negative,-0.7292,UI & Customer Experience
2381,Good,1,2025-02-18,Dashen,positive,0.9998161196708679,positive,0.4404,Other / General Feedback
2382,Good Banking App,5,2025-02-17,Dashen,positive,0.999841570854187,positive,0.4404,Other / General Feedback
2383,stay hamble,5,2025-02-14,Dashen,positive,0.9980903267860413,neutral,0.0,Other / General Feedback
2384,Great,5,2025-02-13,Dashen,positive,0.9998630285263062,positive,0.6249,Other / General Feedback
2385,good app i like it but still i am confused because i cannot use prperly so Please check the app,3,2025-02-12,Dashen,positive,0.785870373249054,positive,0.5771,Other / General Feedback
2386,Very slow and it seems it needs update everytime,1,2025-02-12,Dashen,negative,-0.9995964169502258,neutral,0.0,App Performance & Stability
2387,Best,5,2025-02-12,Dashen,positive,0.9997941851615906,positive,0.6369,Other / General Feedback
2388,Nice,5,2025-02-11,Dashen,positive,0.9998552799224854,positive,0.4215,UI & Customer Experience
2389,Open app amole dashin,5,2025-02-10,Dashen,positive,0.984882652759552,neutral,0.0,Transaction & Payment Issues
2390,Good app,5,2025-02-08,Dashen,positive,0.9998493194580078,positive,0.4404,Other / General Feedback
2391,A very fast mobile banking app,5,2025-02-07,Dashen,positive,0.9989713430404663,neutral,0.0,Other / General Feedback
2392,Good,5,2025-02-07,Dashen,positive,0.9998161196708679,positive,0.4404,Other / General Feedback
2393,Good,5,2025-02-07,Dashen,positive,0.9998161196708679,positive,0.4404,Other / General Feedback
2394,Good job,5,2025-02-07,Dashen,positive,0.999835729598999,positive,0.4404,Other / General Feedback
2395,Good job,5,2025-02-07,Dashen,positive,0.999835729598999,positive,0.4404,Other / General Feedback
2396,It's nice and easy to use,5,2025-02-07,Dashen,positive,0.999874472618103,positive,0.6908,UI & Customer Experience
2397,Nice app,5,2025-02-07,Dashen,positive,0.9998061060905457,positive,0.4215,UI & Customer Experience
2398,Good app i used it always,5,2025-02-07,Dashen,positive,0.9998261332511902,positive,0.4404,Other / General Feedback
2399,It is very very slow pls update,2,2025-02-06,Dashen,negative,-0.9995800852775574,positive,0.2125,App Performance & Stability
2400,Very slow and it seems that every update something else is not working. The latest update doesn't allow me to use biometrics anymore and maximum daily transfer to Telebirr is 5k?!,1,2025-02-04,Dashen,negative,-0.9997690320014954,negative,-0.2401,Transaction & Payment Issues
2401,Good app Amole Wonderful,5,2025-02-01,Dashen,positive,0.9998674392700195,positive,0.765,Transaction & Payment Issues
2402,This app needs many modifications. It takes long time to log in to the account. It is not as fast as CBE. please Update it🙏🙏🙏,1,2025-02-01,Dashen,negative,-0.9994195699691772,positive,0.3182,Other / General Feedback
2403,"The app is cool, but unlike other banks they don't provide a receipt for mobile banking transactions, which makes it useless for payments that require receipt",2,2025-01-31,Dashen,negative,-0.995299220085144,negative,-0.4678,Transaction & Payment Issues
2404,I am glad to customer with you .I have plan to use dube ale and amole.,5,2025-01-27,Dashen,positive,0.9921646118164062,positive,0.4588,Transaction & Payment Issues
2405,WOW that's awesome,5,2025-01-27,Dashen,positive,0.9998595714569092,positive,0.8636,Other / General Feedback
2406,I cant choose select an account,1,2025-01-26,Dashen,negative,-0.9820990562438965,neutral,0.0,Other / General Feedback
2407,Good,5,2025-01-16,Dashen,positive,0.9998161196708679,positive,0.4404,Other / General Feedback
2408,we needs modification at all !,1,2025-01-14,Dashen,negative,-0.9979633092880249,neutral,0.0,Other / General Feedback
2409,It was good at first but now the system is very bad.please try to fix it.,1,2025-01-14,Dashen,negative,-0.9997218251228333,positive,0.2382,Other / General Feedback
2410,Generic error how tofix,4,2025-01-06,Dashen,negative,-0.9997232556343079,negative,-0.4019,App Performance & Stability
2411,Fast and suitable to learn.,5,2025-01-04,Dashen,positive,0.99983811378479,neutral,0.0,UI & Customer Experience
2412,"The app is extremely slow, often stuck on the logo. Security is poor, requiring only username/password. This allows unauthorized transactions. A large company like yours needs stronger security, such as two-factor authentication. The app's speed lags significantly compared to others. Numerous updates are needed to improve performance and security. Currently, it's a frustrating and time-wasting experience.",1,2025-01-03,Dashen,negative,-0.9997192025184631,positive,0.5325,Account Access & Authentication
2413,Sometimes it's soo slow,3,2025-01-01,Dashen,negative,-0.9970604777336121,neutral,0.0,App Performance & Stability
2414,the best app I used always,1,2024-12-31,Dashen,positive,0.9996992349624634,positive,0.6369,Other / General Feedback
2415,Amole apk is ..... it's very good apk . please used amole Apk,5,2024-12-29,Dashen,positive,0.9997653365135193,positive,0.6697,Transaction & Payment Issues
2416,fast and secure app,5,2024-12-23,Dashen,positive,0.9989577531814575,positive,0.34,Other / General Feedback
2417,Ok,4,2024-12-18,Dashen,positive,0.9997851252555847,positive,0.296,Other / General Feedback
2418,I am new for this App let me to use and i will rate 5 star while i get Satisfie,3,2024-12-17,Dashen,positive,0.9872545599937439,neutral,0.0,Other / General Feedback
2419,Good Ait service!,5,2024-12-09,Dashen,positive,0.9997960925102234,positive,0.4926,Customer Support & Service
2420,"It can't load, even in a fast network connection. This app is so bad that it needs fixing",1,2024-12-05,Dashen,negative,-0.9997859597206116,negative,-0.6696,App Performance & Stability
2421,The best mobile banking in Ethiopia 👍👍,5,2024-12-03,Dashen,positive,0.9997841715812683,positive,0.6369,Other / General Feedback
2422,Thnk you,5,2024-12-02,Dashen,positive,0.804777979850769,neutral,0.0,Other / General Feedback
2423,Nice,5,2024-11-30,Dashen,positive,0.9998552799224854,positive,0.4215,UI & Customer Experience
2424,I like this app b/c it has many options and easily useable,5,2024-11-29,Dashen,positive,0.9980233907699585,positive,0.5994,Other / General Feedback
2425,Its nice but it does not have speed it requires a lot of patience it will not be for a problem,3,2024-11-28,Dashen,positive,0.9054859280586243,negative,-0.3919,UI & Customer Experience
2426,best,5,2024-11-27,Dashen,positive,0.9997941851615906,positive,0.6369,Other / General Feedback
2427,It's good,3,2024-11-21,Dashen,positive,0.9998360872268677,positive,0.4404,Other / General Feedback
2428,Big love,5,2024-11-20,Dashen,positive,0.9998681545257568,positive,0.6369,UI & Customer Experience
2429,Excellent,5,2024-11-16,Dashen,positive,0.9998434782028198,positive,0.5719,Other / General Feedback
2430,Nice app,5,2024-11-08,Dashen,positive,0.9998061060905457,positive,0.4215,UI & Customer Experience
2431,It's great,5,2024-11-08,Dashen,positive,0.9998691082000732,positive,0.6249,Other / General Feedback
2432,Best,5,2024-11-06,Dashen,positive,0.9997941851615906,positive,0.6369,Other / General Feedback
2433,Nice,1,2024-10-30,Dashen,positive,0.9998552799224854,positive,0.4215,UI & Customer Experience
2434,Great Financial App,5,2024-10-28,Dashen,positive,0.9998390674591064,positive,0.6249,Other / General Feedback
2435,"Still in love with it but while the app start to open, it takes time pls upgrade & fix the bug.",5,2024-10-22,Dashen,negative,-0.9972243309020996,positive,0.4678,App Performance & Stability
2436,It's such an amazing app. Truly Dashen bank is always one step ahead of other banks in 🇪🇹 👍,5,2024-10-16,Dashen,positive,0.9998195767402649,positive,0.7717,Other / General Feedback
2437,Good,5,2024-10-02,Dashen,positive,0.9998161196708679,positive,0.4404,Other / General Feedback
2438,Best App for all users.,5,2024-10-02,Dashen,positive,0.9997850060462952,positive,0.6369,Other / General Feedback
2439,"The app suffers from severe performance issues, particularly with response times. The backend seems to have high latency, as the OTP generation and delivery process consistently delays, even after the server acknowledges that it has been sent. API requests frequently fail, returning non-descriptive error messages that lack proper exception handling, making it difficult for users to understand the issue. I know you will gonne say""ehe yedekem hzb teche alteche"", but that it.",1,2024-09-12,Dashen,negative,-0.9994392991065979,negative,-0.81,Account Access & Authentication
2440,"The security, cool, every time OTP!! The UI, let's not talk about the UI, But how the heck it says ""offline mode is not available"" something like that, when I enter more than the max amount to transfer. Fellas i am a web dev, this is bad UX. It needs update on the UX. Will see the UI later.",3,2024-09-10,Dashen,negative,-0.999771773815155,negative,-0.8126,Account Access & Authentication
2441,Select from Sending account option not working when trying to send to other banks,2,2024-09-08,Dashen,negative,-0.9983751773834229,neutral,0.0,Transaction & Payment Issues
2442,It's not working,1,2024-09-08,Dashen,negative,-0.9997857213020325,neutral,0.0,Other / General Feedback
2443,nice App,5,2024-09-07,Dashen,positive,0.9998061060905457,positive,0.4215,UI & Customer Experience
2444,best app,5,2024-08-29,Dashen,positive,0.999686598777771,positive,0.6369,Other / General Feedback
2445,"Although the application is good, but, it is difficult to get out. The app does not work to get out with the back cursor . Fix it quickly.",1,2024-08-22,Dashen,negative,-0.9995861649513245,negative,-0.3182,UI & Customer Experience
2446,"I like thise app it is smart app,but when i make one mistake it will automatically block",5,2024-08-15,Dashen,negative,-0.9955797791481018,neutral,-0.0258,Customer Support & Service
2447,Nice,5,2024-08-14,Dashen,positive,0.9998552799224854,positive,0.4215,UI & Customer Experience
2448,Nice app in Ethiopia,5,2024-08-01,Dashen,positive,0.9995818734169006,positive,0.4215,UI & Customer Experience
2449,Nice,5,2024-07-30,Dashen,positive,0.9998552799224854,positive,0.4215,UI & Customer Experience
2450,simply the best,5,2024-07-26,Dashen,positive,0.9998356103897095,positive,0.6369,Other / General Feedback
2451,Very nice mob app,3,2024-07-26,Dashen,positive,0.9997592568397522,positive,0.4754,UI & Customer Experience
2452,nice,5,2024-07-24,Dashen,positive,0.9998552799224854,positive,0.4215,UI & Customer Experience
2453,Good,5,2024-07-09,Dashen,positive,0.9998161196708679,positive,0.4404,Other / General Feedback
2454,Best,5,2024-07-02,Dashen,positive,0.9997941851615906,positive,0.6369,Other / General Feedback
2455,"I hate this app stack and blackscreen not open as required ,normaly i resigned my job do to this app b/c our salary are depoite by dashen bank",1,2024-06-28,Dashen,negative,-0.999639630317688,negative,-0.6908,App Performance & Stability
2456,Wow Very Nice App,5,2024-06-22,Dashen,positive,0.9998499155044556,positive,0.7841,UI & Customer Experience
2457,Telebirr agent deposit is not working until now. Please fix it. Fix it fast.,5,2024-06-19,Dashen,negative,-0.996275782585144,positive,0.3182,Transaction & Payment Issues
2458,Very good,5,2024-06-16,Dashen,positive,0.9998520612716675,positive,0.4927,Other / General Feedback
2459,The developers have incorporated biometric login which has made the app very convenient and user friendly. I will now increase my rating as promised,5,2024-06-15,Dashen,positive,0.9970755577087402,positive,0.7906,Account Access & Authentication
2460,This app is 🤩,5,2024-06-12,Dashen,negative,-0.7835307717323303,neutral,0.0,Other / General Feedback
2461,Be adjusted this app is not available anytime,5,2024-06-11,Dashen,negative,-0.9995419979095459,neutral,0.0,Other / General Feedback
2462,Super app,5,2024-06-10,Dashen,positive,0.9932268261909485,positive,0.5994,Other / General Feedback
2463,"Very poor app! It locked my out without any reason, does not have any conformation or screenshots . And delay when opening of the app. It is just time wasting.",1,2024-06-09,Dashen,negative,-0.9998219609260559,negative,-0.8264,Account Access & Authentication
2464,Best app....,5,2024-06-06,Dashen,positive,0.9997749924659729,positive,0.6369,Other / General Feedback
2465,Best,5,2024-06-01,Dashen,positive,0.9997941851615906,positive,0.6369,Other / General Feedback
2466,Tye app is mostly good but you should make it be able to save usernames instead of typing every time i want to login,4,2024-05-31,Dashen,positive,0.894575297832489,positive,0.7717,Account Access & Authentication
2467,"It's good enough. But, there is slowing in beginning of the App....",5,2024-05-24,Dashen,negative,-0.9905562996864319,positive,0.2382,App Performance & Stability
2468,"Good for safety,take long way though",5,2024-05-22,Dashen,negative,-0.834749162197113,positive,0.4404,Other / General Feedback
2469,Bad app that not helping me the is not login,1,2024-05-18,Dashen,negative,-0.9990566372871399,negative,-0.6584,Account Access & Authentication
2470,Good,4,2024-05-15,Dashen,positive,0.9998161196708679,positive,0.4404,Other / General Feedback
2471,Best after removal of screelock password,5,2024-05-13,Dashen,positive,0.9804172515869141,positive,0.6369,Account Access & Authentication
2472,"I really don't get how this is the lite version and it is bigger than the og app, ah well it is what it is ig ¯⁠\⁠_😂_⁠/⁠¯",5,2024-05-10,Dashen,negative,-0.7981880307197571,positive,0.0516,Other / General Feedback
2473,"Dashen Bank is the gold standard of banking in Ethiopia! The mobile app makes banking convenient and efficient. Plus, the branch services is top-notch, with staff always ready to assist with a smile.",5,2024-05-10,Dashen,positive,0.9997432827949524,positive,0.7959,Customer Support & Service
2474,Doesn't work most of the time,1,2024-05-09,Dashen,negative,-0.998852014541626,neutral,0.0,Other / General Feedback
2475,that is awesome,5,2024-05-01,Dashen,positive,0.9998675584793091,positive,0.6249,Other / General Feedback
2476,"It's so boring.... I don't wanna say this but this app so tough to take action. It's take long time and also it's conditional mostly it's not available, in 1 day it's work for 1 or 2 hour .... this bank so huge but de app it's not enough to define your exellence",1,2024-04-30,Dashen,negative,-0.9995031356811523,positive,0.1787,Other / General Feedback
2477,it's fine,5,2024-04-20,Dashen,positive,0.9998621940612793,positive,0.2023,Other / General Feedback
2478,This app is very good Nice app people please use this app 😃☺️☺️,5,2024-04-20,Dashen,positive,0.9994275569915771,positive,0.9439,UI & Customer Experience
2479,Nice,5,2024-04-18,Dashen,positive,0.9998552799224854,positive,0.4215,UI & Customer Experience
2480,Wow amazing platform 🙏,5,2024-04-17,Dashen,positive,0.9998337030410767,positive,0.8225,Other / General Feedback
2481,"I tried to log in twice and locked me out. I tried to email them, but no one responded 🙃 please respond to our email back",1,2024-04-12,Dashen,negative,-0.9989142417907715,neutral,0.0387,Account Access & Authentication
2482,Why dont update,5,2024-04-06,Dashen,negative,-0.9983964562416077,neutral,0.0,Other / General Feedback
2483,Good app,5,2024-04-06,Dashen,positive,0.9998493194580078,positive,0.4404,Other / General Feedback
2484,Best,5,2024-04-01,Dashen,positive,0.9997941851615906,positive,0.6369,Other / General Feedback
2485,Nice,4,2024-03-31,Dashen,positive,0.9998552799224854,positive,0.4215,UI & Customer Experience
2486,This app is so good and its an interesting,3,2024-03-29,Dashen,positive,0.9998619556427002,positive,0.7537,Other / General Feedback
2487,The best easy banking app ever @ Ethiopia,5,2024-03-26,Dashen,positive,0.9997434020042419,positive,0.7964,UI & Customer Experience
2488,Amole lite wow its more easy for use and more secured. I really its one step a head,5,2024-03-25,Dashen,positive,0.9603886604309082,positive,0.8746,Transaction & Payment Issues
2489,Excellent and Easy to use.,5,2024-03-25,Dashen,positive,0.9998741149902344,positive,0.765,UI & Customer Experience
2490,it's good app I'm using it right now but after it have installed doesn't work fastly and again goes to update..plc fix the problem..,3,2024-03-23,Dashen,negative,-0.9932883381843567,negative,-0.3818,Other / General Feedback
2491,Very nice,5,2024-03-22,Dashen,positive,0.9998563528060913,positive,0.4754,UI & Customer Experience
2492,It's good app,5,2024-03-22,Dashen,positive,0.9998689889907837,positive,0.4404,Other / General Feedback
2493,Very secured app but after the last update it takes long time to start .pls minimize the start time ppl might have no patience to wait more than 30 seconds just for the app to open ..,5,2024-03-22,Dashen,negative,-0.9988976716995239,negative,-0.0909,App Performance & Stability
2494,Nice,4,2024-03-22,Dashen,positive,0.9998552799224854,positive,0.4215,UI & Customer Experience
2495,I don't know why I have been stuck with other mobile banking systems when all I needed was amole... I loved it,5,2024-03-22,Dashen,positive,0.9986721277236938,positive,0.4404,Transaction & Payment Issues
2496,Baset app,5,2024-03-20,Dashen,positive,0.9855851531028748,neutral,0.0,Other / General Feedback
2497,it is good App,4,2024-03-19,Dashen,positive,0.9998652935028076,positive,0.4404,Other / General Feedback
2498,good,4,2024-03-18,Dashen,positive,0.9998161196708679,positive,0.4404,Other / General Feedback
2499,Very good app,5,2024-03-17,Dashen,positive,0.9998675584793091,positive,0.4927,Other / General Feedback
2500,it has a lot of options but it is a slowe while opning by biometric,2,2024-03-17,Dashen,negative,-0.9981617331504822,neutral,0.0,App Performance & Stability
2501,The last update is not working correctly so i stop using this app betam huwala ker new dashen bank needs to work on its digital app teams,5,2024-03-17,Dashen,negative,-0.9997643828392029,negative,-0.3566,Other / General Feedback
2502,How to use application,5,2024-03-17,Dashen,positive,0.9884336590766907,neutral,0.0,Other / General Feedback
2503,I prefered you b/cs your service charge is very fair.,5,2024-03-16,Dashen,positive,0.9982390403747559,positive,0.3804,Customer Support & Service
2504,Excellent App And Easy To Use Every where.,5,2024-03-16,Dashen,positive,0.999796450138092,positive,0.765,UI & Customer Experience
2505,The best app,5,2024-03-16,Dashen,positive,0.9998469352722168,positive,0.6369,Other / General Feedback
2506,Good,5,2024-03-13,Dashen,positive,0.9998161196708679,positive,0.4404,Other / General Feedback
2507,"The UI/UX experience is already good, but some minor tweaks in font sizes and color can take it to the top-notch level. Imagine the sheer joy and satisfaction your users will feel when they see the polished and refined interface you've created for them. Don't miss the opportunity to impress them even more with these simple yet impactful changes.",5,2024-03-12,Dashen,positive,0.9997569918632507,positive,0.9434,UI & Customer Experience
2508,I m the one here in Dashen bank,5,2024-03-06,Dashen,positive,0.8516919016838074,neutral,0.0,Other / General Feedback
2509,Longin fails repeatedly,3,2024-02-28,Dashen,negative,-0.9996817111968994,negative,-0.4215,Other / General Feedback
2510,One of the best app I have ever seen it's simple to use,5,2024-02-26,Dashen,positive,0.9996010661125183,positive,0.6369,Other / General Feedback
2511,Nice app,5,2024-02-24,Dashen,positive,0.9998061060905457,positive,0.4215,UI & Customer Experience
2512,best app,5,2024-02-24,Dashen,positive,0.999686598777771,positive,0.6369,Other / General Feedback
2513,Best app,3,2024-02-24,Dashen,positive,0.999686598777771,positive,0.6369,Other / General Feedback
2514,Good,5,2024-02-24,Dashen,positive,0.9998161196708679,positive,0.4404,Other / General Feedback
2515,Good,5,2024-02-21,Dashen,positive,0.9998161196708679,positive,0.4404,Other / General Feedback
2516,Needs to be underrated. Bad service,1,2024-02-20,Dashen,negative,-0.9994471669197083,negative,-0.5423,Customer Support & Service
2517,Easy to use,4,2024-02-15,Dashen,positive,0.9988542795181274,positive,0.4404,UI & Customer Experience
2518,Its nice,5,2024-02-12,Dashen,positive,0.999854326248169,positive,0.4215,UI & Customer Experience
2519,The upgraded Amole lite app is nice. I’ve loved it. But #USSD CANNOT BE ADJUSTED FOR NEW CUSTOMERS ESPECIALLY THOSE WHO DO NOT HAVE SMARTPHONES. YOU NEED TO IMPROVE THIS ONE,5,2024-02-11,Dashen,negative,-0.6763248443603516,positive,0.8519,Transaction & Payment Issues
2520,Good,1,2024-02-11,Dashen,positive,0.9998161196708679,positive,0.4404,Other / General Feedback
2521,Nice app,5,2024-02-10,Dashen,positive,0.9998061060905457,positive,0.4215,UI & Customer Experience
2522,Good app,1,2024-02-08,Dashen,positive,0.9998493194580078,positive,0.4404,Other / General Feedback
2523,good,5,2024-02-08,Dashen,positive,0.9998161196708679,positive,0.4404,Other / General Feedback
2524,Awesome,5,2024-02-06,Dashen,positive,0.9998682737350464,positive,0.6249,Other / General Feedback
2525,receipt downloading is not avialable in this version,1,2024-02-05,Dashen,negative,-0.9995287656784058,neutral,0.0,App Performance & Stability
2526,Good 👍,5,2024-02-04,Dashen,positive,0.9998576641082764,positive,0.4404,Other / General Feedback
2527,The last update doesn't work when you chose account to send money on lower Android version,1,2024-02-04,Dashen,negative,-0.9993185997009277,negative,-0.296,Transaction & Payment Issues
2528,Nice app,1,2024-02-03,Dashen,positive,0.9998061060905457,positive,0.4215,UI & Customer Experience
2529,Exchange rate is not real,5,2024-02-03,Dashen,negative,-0.9997653365135193,neutral,0.0,Other / General Feedback
2530,Good,5,2024-02-03,Dashen,positive,0.9998161196708679,positive,0.4404,Other / General Feedback
2531,Good Security,5,2024-02-03,Dashen,positive,0.9998112320899963,positive,0.6486,Other / General Feedback
2532,"It's good app but i can not see the history of transactions on the app and also updated one is not good can't send always says, choose account",5,2024-02-02,Dashen,negative,-0.9947817921638489,negative,-0.2867,Transaction & Payment Issues
2533,Its good,5,2024-02-02,Dashen,positive,0.9998385906219482,positive,0.4404,Other / General Feedback
2534,Happy day,4,2024-02-01,Dashen,positive,0.999869704246521,positive,0.5719,Other / General Feedback
2535,"Disabled taking screenshots so there's no way to share payment confirmation screenshot with people. When you think the app couldn't get any worse, somehow these people find a way to do so.",1,2024-02-01,Dashen,negative,-0.9993744492530823,positive,0.3128,Transaction & Payment Issues
2536,Too technical.,1,2024-02-01,Dashen,negative,-0.9996988773345947,neutral,0.0,Other / General Feedback
2537,Excellent,5,2024-02-01,Dashen,positive,0.9998434782028198,positive,0.5719,Other / General Feedback
2538,Fast and secured,5,2024-02-01,Dashen,positive,0.9997352957725525,positive,0.4019,Other / General Feedback
2539,Good,5,2024-02-01,Dashen,positive,0.9998161196708679,positive,0.4404,Other / General Feedback
2540,Good but it need additional work it is slow in respond,3,2024-01-31,Dashen,negative,-0.9883925318717957,positive,0.2382,App Performance & Stability
2541,Nice app,5,2024-01-31,Dashen,positive,0.9998061060905457,positive,0.4215,UI & Customer Experience
2542,My best,5,2024-01-31,Dashen,positive,0.9997593760490417,positive,0.6369,Other / General Feedback
2543,"l am old customer of dashen bank, i started to use this app almost for five month, in those time i didn't saw any negative on this app, its interesting and you can pay and recieve payment easily. from ethiopian banks i give five star its always seek new technology than ever bank.",5,2024-01-31,Dashen,positive,0.9529338479042053,positive,0.8657,Transaction & Payment Issues
2544,Its nice please add reprint to get the receit,5,2024-01-31,Dashen,positive,0.9953243732452393,positive,0.6249,UI & Customer Experience
2545,I like it this app,4,2024-01-31,Dashen,positive,0.9997456669807434,positive,0.3612,Other / General Feedback
2546,Best,5,2024-01-30,Dashen,positive,0.9997941851615906,positive,0.6369,Other / General Feedback
2547,Smart and best always !,5,2024-01-30,Dashen,positive,0.9998660087585449,positive,0.8016,Other / General Feedback
2548,Ok,1,2024-01-30,Dashen,positive,0.9997851252555847,positive,0.296,Other / General Feedback
2549,Dashed Bank A...,5,2024-01-29,Dashen,negative,-0.9988144636154175,neutral,0.0,Other / General Feedback
2550,Best app,5,2024-01-28,Dashen,positive,0.999686598777771,positive,0.6369,Other / General Feedback
2551,since i started using this app its speed and reliability is great as well. it incorporates all technologies. I am very impressed with the modern work you are doing with little effort.,5,2024-01-22,Dashen,positive,0.9995009899139404,positive,0.8622,Other / General Feedback
2552,"It doesn't work, it keeps saying ""there was a problem submitting your request. Please try again later"" how come banking app service down all the time. It is very irritating.",1,2024-01-17,Dashen,negative,-0.9997333884239197,negative,-0.5709,Customer Support & Service
2553,Excellent quality Applications Dashen bank for ever,5,2024-01-15,Dashen,positive,0.9995912909507751,positive,0.5719,Other / General Feedback
2554,Good,5,2024-01-13,Dashen,positive,0.9998161196708679,positive,0.4404,Other / General Feedback
2555,This is the most ridiculous thing I have ever seen they are on maintenance everyother day,1,2023-12-31,Dashen,negative,-0.9992629885673523,negative,-0.4201,Other / General Feedback
2556,Well improved!,4,2023-12-29,Dashen,positive,0.9998608827590942,positive,0.6696,Other / General Feedback
2557,It's exceptional,5,2023-12-24,Dashen,positive,0.999876856803894,neutral,0.0,Other / General Feedback
2558,Dashen Bank Amole Lite essy to use and the connection is fast.,5,2023-12-23,Dashen,positive,0.9969583749771118,neutral,0.0,Transaction & Payment Issues
2559,Ita fantastic,5,2023-12-23,Dashen,positive,0.9998735189437866,positive,0.5574,Other / General Feedback
2560,It is best app,5,2023-12-19,Dashen,positive,0.9997313618659973,positive,0.6369,Other / General Feedback
2561,Top,5,2023-12-18,Dashen,positive,0.9997069239616394,positive,0.2023,Other / General Feedback
2562,I am very comfortable with the efficiency,5,2023-12-15,Dashen,positive,0.9998661279678345,positive,0.7264,Other / General Feedback
2563,"I tried to use this app for long and failed to do so. Initially, I able to use it even though with difficulty (very slow, need of login and logout) now and then. Then i couldn't use it. I tried to reset with one of the Dashen branch bank but failed",1,2023-12-11,Dashen,negative,-0.9991627931594849,negative,-0.8074,Account Access & Authentication
2564,Too slow!,1,2023-12-05,Dashen,negative,-0.9995868802070618,neutral,0.0,App Performance & Stability
2565,a best tecnology appl.,5,2023-11-26,Dashen,positive,0.9997580647468567,positive,0.6369,Other / General Feedback
2566,This app no working 1 star,1,2023-11-23,Dashen,negative,-0.9996235370635986,negative,-0.296,Other / General Feedback
2567,This app works so good. But i don't get it why it never show incoming fund transfer report? Have you notice this?,3,2023-11-23,Dashen,negative,-0.9142481684684753,positive,0.408,Transaction & Payment Issues
2568,There is always room for improvement and an opportunity to adopt! keep improving and keep evolving. I would love to see external services provided by the Amole app to utilize and actively operate our banking account. Option to invest in ideas that could build Ethiopian creativity. Yosef ke Dallas,4,2023-11-22,Dashen,positive,0.9900099635124207,positive,0.9565,Transaction & Payment Issues
2569,"Even though I am a long-time Dashen Bank admirer, I find this app hard to use compared to other banks' mobile apps. It has a problem refreshing account balance, I needed to log out and login to see the updated account balance. Overall, user friendliness of the app needs a serious upgrade. I will improve my rating once problems are addressed.",1,2023-11-22,Dashen,negative,-0.9978729486465454,positive,0.3818,Account Access & Authentication
2570,Best,5,2023-11-18,Dashen,positive,0.9997941851615906,positive,0.6369,Other / General Feedback
2571,"very fast ,secure and simply to use i like amole",5,2023-11-15,Dashen,positive,0.9991076588630676,positive,0.6344,Transaction & Payment Issues
2572,Amazing,5,2023-11-13,Dashen,positive,0.999875545501709,positive,0.5859,Other / General Feedback
2573,The best of the best app,5,2023-11-12,Dashen,positive,0.999821126461029,positive,0.8555,Other / General Feedback
2574,It is a reliable and safe application.,5,2023-11-11,Dashen,positive,0.9998156428337097,positive,0.4404,Other / General Feedback
2575,Good,5,2023-11-11,Dashen,positive,0.9998161196708679,positive,0.4404,Other / General Feedback
2576,"Best app, it saves traveling cost plus work time forgone. Simply bank in your home and hand 🙏",5,2023-11-11,Dashen,positive,0.9842479825019836,positive,0.8126,Other / General Feedback
2577,It is compatible.,4,2023-11-11,Dashen,positive,0.9997838139533997,neutral,0.0,Other / General Feedback
2578,It's very good app but always try to open requested update...,4,2023-11-11,Dashen,negative,-0.9434133768081665,positive,0.2724,App Performance & Stability
2579,please how can i fix my app it keep saying application error i have tried to uninstall and install again nothing has changed please help,1,2023-11-10,Dashen,negative,-0.9988263249397278,positive,0.0869,App Performance & Stability
2580,"It is too slow application than any one of Ethiopian mobile banking apps. Please make it fast, and its feature beautiful. I am a Dashen Bank Customer and user of this app. Thank you.",2,2023-11-10,Dashen,positive,0.9980560541152954,positive,0.8271,App Performance & Stability
2581,Best,5,2023-11-09,Dashen,positive,0.9997941851615906,positive,0.6369,Other / General Feedback
2582,Not working sometimes,3,2023-11-09,Dashen,negative,-0.9993667006492615,neutral,0.0,Other / General Feedback
2583,The best one of the internet banking apps I've come across in Ethiopia. Only thing I would like to see added is the ability to get a receipt after the payment has been payed or transferred. Since it only gives a receipt right at the moment of payment and after that there is no way to get a receipt.,5,2023-11-08,Dashen,positive,0.9197637438774109,positive,0.7783,Transaction & Payment Issues
2584,nice app,4,2023-10-31,Dashen,positive,0.9998061060905457,positive,0.4215,UI & Customer Experience
2585,Excellent,5,2023-10-28,Dashen,positive,0.9998434782028198,positive,0.5719,Other / General Feedback
2586,Best,5,2023-10-21,Dashen,positive,0.9997941851615906,positive,0.6369,Other / General Feedback
2587,Worst app ever all it does is load and fail plus your customer service on front are not supporting,1,2023-10-17,Dashen,negative,-0.9998000264167786,negative,-0.8752,Customer Support & Service
2588,Best app I used it,1,2023-10-14,Dashen,positive,0.9970428347587585,positive,0.6369,Other / General Feedback
2589,Faster secure and best international creadite card is the frist bank ethiopian bank to apply prophational card.,5,2023-10-13,Dashen,positive,0.9939363598823547,positive,0.765,Other / General Feedback
2590,This is nice adds that I like it.,5,2023-09-30,Dashen,positive,0.9998762607574463,positive,0.6486,UI & Customer Experience
2591,It is simple and fast.,5,2023-09-29,Dashen,positive,0.9998005032539368,neutral,0.0,Other / General Feedback
2592,Vary good,2,2023-09-27,Dashen,positive,0.9998520612716675,positive,0.4404,Other / General Feedback
2593,Amazing banking app.,5,2023-09-26,Dashen,positive,0.9998632669448853,positive,0.5859,Other / General Feedback
2594,Great app,5,2023-09-25,Dashen,positive,0.999821126461029,positive,0.6249,Other / General Feedback
2595,Best app ever,5,2023-09-10,Dashen,positive,0.9997491240501404,positive,0.6369,Other / General Feedback
2596,Best easy and secure app thank you,5,2023-09-08,Dashen,positive,0.9998018145561218,positive,0.9001,UI & Customer Experience
2597,Best app Ever!,5,2023-09-03,Dashen,positive,0.9997780919075012,positive,0.6696,Other / General Feedback
2598,"Why not we can pay bill,directly from main account, difficult to transfer repeatedly.",5,2023-09-02,Dashen,negative,-0.9992192983627319,negative,-0.2969,Transaction & Payment Issues
2599,"Aside of some of it's major flows, the worst one yet is that it doesn't give you the full detail of your transaction history. Like the receiver's name and account number. You've to take a screenshot to document it or send it to the receiver as a confirmation.",2,2023-09-02,Dashen,negative,-0.9997442364692688,negative,-0.3744,Transaction & Payment Issues
2600,Good app for use simple and easy,5,2023-09-01,Dashen,positive,0.9996581077575684,positive,0.7003,UI & Customer Experience
2601,"Like your slogan, you are one step ahead.",5,2023-08-31,Dashen,positive,0.9997902512550354,positive,0.3612,Other / General Feedback
2602,Good,5,2023-08-31,Dashen,positive,0.9998161196708679,positive,0.4404,Other / General Feedback
2603,Very good app and secured,5,2023-08-28,Dashen,positive,0.9998586177825928,positive,0.7089,Other / General Feedback
2604,Not too bad,3,2023-08-19,Dashen,positive,0.9989666938781738,positive,0.431,Other / General Feedback
2605,Teribble need a lot of work to improve,1,2023-08-19,Dashen,negative,-0.9899706244468689,positive,0.4404,Other / General Feedback
2606,ok,5,2023-08-19,Dashen,positive,0.9997851252555847,positive,0.296,Other / General Feedback
2607,Thank Dashen bank,5,2023-08-12,Dashen,positive,0.9997907280921936,positive,0.3612,Other / General Feedback
2608,good,1,2023-08-12,Dashen,positive,0.9998161196708679,positive,0.4404,Other / General Feedback
2609,Good,4,2023-08-11,Dashen,positive,0.9998161196708679,positive,0.4404,Other / General Feedback
2610,Simple and secured,5,2023-08-10,Dashen,positive,0.9997952580451965,positive,0.4019,Other / General Feedback
2611,its nice and easg to use.Also its unique part is very fast,5,2023-08-10,Dashen,positive,0.999683141708374,positive,0.4215,UI & Customer Experience
2612,It's just ewww the app overall,2,2023-08-10,Dashen,negative,-0.9976047277450562,neutral,0.0,Other / General Feedback
2613,Love it,5,2023-08-09,Dashen,positive,0.9998753070831299,positive,0.6369,UI & Customer Experience
2614,Good App.,5,2023-08-09,Dashen,positive,0.9998503923416138,positive,0.4404,Other / General Feedback
2615,Good,5,2023-08-05,Dashen,positive,0.9998161196708679,positive,0.4404,Other / General Feedback
2616,Its good,5,2023-08-05,Dashen,positive,0.9998385906219482,positive,0.4404,Other / General Feedback
2617,Simplify.,5,2023-08-01,Dashen,positive,0.9969447255134583,neutral,0.0,Other / General Feedback
2618,Amazing,5,2023-08-01,Dashen,positive,0.999875545501709,positive,0.5859,Other / General Feedback
2619,"Abel Balcha, and Abel Solomon, sad to say what is annoying is to read your comment about password. Your comments on password tell your limited knowledge about digital security. Both comments goes against strong security policies; It is meant to protect your assets. Don't be careless on it. Reconsider your review. In a way you are telling how secure this app is. I hope Dashen will respond to disqualify your review points. It is just not fair.",4,2023-07-30,Dashen,negative,-0.9915285110473633,positive,0.8461,Account Access & Authentication
2620,Best,5,2023-07-27,Dashen,positive,0.9997941851615906,positive,0.6369,Other / General Feedback
2621,good app,5,2023-07-27,Dashen,positive,0.9998493194580078,positive,0.4404,Other / General Feedback
2622,"I really enjoy this app because by doing anything it could remind me and saying you logged in with this app, if is not you contact this number.. So I like it",5,2023-07-23,Dashen,positive,0.9993361830711365,positive,0.7681,Customer Support & Service
2623,"The login should be auto filled,",3,2023-07-20,Dashen,negative,-0.9990450739860535,neutral,0.0,Account Access & Authentication
2624,Good,5,2023-07-20,Dashen,positive,0.9998161196708679,positive,0.4404,Other / General Feedback
2625,Good,5,2023-07-20,Dashen,positive,0.9998161196708679,positive,0.4404,Other / General Feedback
2626,Good app,4,2023-07-18,Dashen,positive,0.9998493194580078,positive,0.4404,Other / General Feedback
2627,Used balance check app,5,2023-07-14,Dashen,negative,-0.9891077280044556,neutral,0.0,Other / General Feedback
2628,Nice so perfect,5,2023-07-06,Dashen,positive,0.9998693466186523,positive,0.7778,UI & Customer Experience
2629,It is easy to use,5,2023-07-04,Dashen,positive,0.9991773962974548,positive,0.4404,UI & Customer Experience
2630,This appi is 👍Good,3,2023-06-09,Dashen,negative,-0.9003694653511047,neutral,0.0,Other / General Feedback
2631,Thankz,3,2023-06-08,Dashen,positive,0.9998202919960022,neutral,0.0,Other / General Feedback
2632,Why should change password it's not good if ur client forget password it can be exhausted for client,2,2023-06-08,Dashen,negative,-0.9995655417442322,negative,-0.7009,Account Access & Authentication
2633,OTP not send on time while processing any transactions by this app.,4,2023-06-07,Dashen,negative,-0.9874594211578369,neutral,0.0,Account Access & Authentication
2634,Good app,5,2023-06-06,Dashen,positive,0.9998493194580078,positive,0.4404,Other / General Feedback
2635,"It is simple to use, one annoying thing is, it demands you to change passward frequently and then, when we get confused which passward we used last time, it locks you out, if you put wrong passward and then tells to go to your bank, which may be miles away. Please make the frequency of passward change less frequent.",2,2023-06-06,Dashen,negative,-0.9949560761451721,negative,-0.7003,Other / General Feedback
2636,good upp,1,2023-06-06,Dashen,positive,0.9998412132263184,positive,0.4404,Other / General Feedback
2637,best,5,2023-06-05,Dashen,positive,0.9997941851615906,positive,0.6369,Other / General Feedback
2638,Five star,5,2023-05-26,Dashen,positive,0.9985104203224182,neutral,0.0,Other / General Feedback
2639,It's amazing app use it!,5,2023-05-21,Dashen,positive,0.9998551607131958,positive,0.6239,Other / General Feedback
2640,"I really enjoy using the amole app simple and easy. I hope the developers add card management services like change your pin, disable card and so on other than that I enjoy using amole it's great 👍",5,2023-05-16,Dashen,positive,0.9974088072776794,positive,0.9589,Transaction & Payment Issues
2641,I can't update amole lite and when I try to use the old version it can't log on to my account.,3,2023-05-13,Dashen,negative,-0.999097466468811,neutral,0.0,Transaction & Payment Issues
2642,It's good and easy to user from any branch. I say Continue ahead,5,2023-05-10,Dashen,positive,0.9998160004615784,positive,0.7003,UI & Customer Experience
2643,Good app,5,2023-05-06,Dashen,positive,0.9998493194580078,positive,0.4404,Other / General Feedback
2644,Best,5,2023-05-04,Dashen,positive,0.9997941851615906,positive,0.6369,Other / General Feedback
2645,Best app,5,2023-04-28,Dashen,positive,0.999686598777771,positive,0.6369,Other / General Feedback
2646,This app is not expected from a bank that says they are pioneer in adapting technology.its user interface is worst than other bank its not intuitive at all .it needs lots of work,3,2023-04-28,Dashen,negative,-0.9996604919433594,negative,-0.6249,UI & Customer Experience
2647,Good,5,2023-04-18,Dashen,positive,0.9998161196708679,positive,0.4404,Other / General Feedback
2648,best,5,2023-04-13,Dashen,positive,0.9997941851615906,positive,0.6369,Other / General Feedback
2649,Best Application,5,2023-04-08,Dashen,positive,0.9998098015785217,positive,0.6369,Other / General Feedback
2650,Ok,5,2023-04-01,Dashen,positive,0.9997851252555847,positive,0.296,Other / General Feedback
2651,It`s good.but the transaction fee to other bank is too much,3,2023-03-28,Dashen,negative,-0.9966993927955627,neutral,0.0,Transaction & Payment Issues
2652,Best,5,2023-03-27,Dashen,positive,0.9997941851615906,positive,0.6369,Other / General Feedback
2653,Good app it is useful for business activities .,5,2023-03-25,Dashen,positive,0.9994930028915405,positive,0.7003,Other / General Feedback
2654,Good app,5,2023-03-25,Dashen,positive,0.9998493194580078,positive,0.4404,Other / General Feedback
2655,Nice app,4,2023-03-22,Dashen,positive,0.9998061060905457,positive,0.4215,UI & Customer Experience
2656,Account is locked out without any wrong password retries 3 times. Sending OTP is unnecessary because it has its own username and password.we can not make transfer without having SIM card on hands.if it require SIM card why we not use USSD no need of app instead .it makes discomfort for using,3,2023-03-20,Dashen,negative,-0.9987782835960388,positive,0.1635,Account Access & Authentication
2657,Good and reliable service,5,2023-03-19,Dashen,positive,0.9998660087585449,positive,0.4404,Customer Support & Service
2658,"Best app I have ever seen woderfull, always one step ahead.",5,2023-03-19,Dashen,positive,0.9996339082717896,positive,0.6369,Other / General Feedback
2659,Good apps,5,2023-03-19,Dashen,positive,0.9998608827590942,positive,0.4404,Other / General Feedback
2660,Good application for people needs,5,2023-03-18,Dashen,positive,0.9997090697288513,positive,0.4404,Other / General Feedback
2661,What the hell are you doing. How can you release an app update and completely ruin everything. I can even login to begin with. You took it from a 5 to a 1.,1,2023-03-18,Dashen,negative,-0.9997566342353821,negative,-0.8655,Account Access & Authentication
2662,Really what amazing application whcih easily friendly and convinant more finally I would like to say it alawyas updated and modified many times it lacks consistancy.,5,2023-03-13,Dashen,positive,0.9274622797966003,positive,0.9038,Other / General Feedback
2663,Good,5,2023-03-09,Dashen,positive,0.9998161196708679,positive,0.4404,Other / General Feedback
2664,This is good app,4,2023-03-08,Dashen,positive,0.9998615980148315,positive,0.4404,Other / General Feedback
2665,Best mobile bank in Ethiopia i can access this service through different way. I love it,5,2023-02-27,Dashen,positive,0.9997219443321228,positive,0.8555,Account Access & Authentication
2666,You have made the app more user friendly and easier to access any informantion. Great work from the developers. 👏👏👏,5,2023-02-18,Dashen,positive,0.9986611604690552,positive,0.8854,Account Access & Authentication
2667,"It is easy to use, fast and secure. I love it keep up the good work!",5,2023-02-15,Dashen,positive,0.9998844861984253,positive,0.9134,UI & Customer Experience
2668,"Secure,Fast and Easy👍",5,2023-02-10,Dashen,positive,0.9996066689491272,positive,0.4404,UI & Customer Experience
2669,It's good thanks you,5,2023-02-05,Dashen,positive,0.9998435974121094,positive,0.7003,Other / General Feedback
2670,"Its very easy and usefull app,keep it up your good service.",5,2023-02-02,Dashen,positive,0.9991945624351501,positive,0.7264,UI & Customer Experience
2671,Excellent,5,2023-01-30,Dashen,positive,0.9998434782028198,positive,0.5719,Other / General Feedback
2672,It's very good,5,2023-01-25,Dashen,positive,0.9998470544815063,positive,0.4927,Other / General Feedback
2673,Good App,1,2023-01-20,Dashen,positive,0.9998493194580078,positive,0.4404,Other / General Feedback
2674,Nice app,5,2023-01-10,Dashen,positive,0.9998061060905457,positive,0.4215,UI & Customer Experience
2675,"This version is better from the previous one, it's speed is admirable!",4,2023-01-01,Dashen,positive,0.9998633861541748,positive,0.7777,Other / General Feedback
2676,Good app.,5,2022-12-30,Dashen,positive,0.9998503923416138,positive,0.4404,Other / General Feedback
2677,Thanks for this application,5,2022-12-29,Dashen,positive,0.9997004270553589,positive,0.4404,Other / General Feedback
2678,It is very good,5,2022-12-28,Dashen,positive,0.9998561143875122,positive,0.4927,Other / General Feedback
2679,It's nice app tanks befor.,5,2022-12-18,Dashen,positive,0.9994992017745972,positive,0.4215,UI & Customer Experience
2680,Nice,5,2022-12-16,Dashen,positive,0.9998552799224854,positive,0.4215,UI & Customer Experience
2681,"It's a good app. I like the summery it gives after every transaction. The problem is its asking me to update, when I try to update, it won't.",4,2022-12-15,Dashen,positive,0.9982465505599976,positive,0.4019,Transaction & Payment Issues
2682,It is helpful for my transactions.,5,2022-12-13,Dashen,positive,0.9978218078613281,positive,0.4215,Transaction & Payment Issues
2683,Fantastic app,5,2022-12-13,Dashen,positive,0.9998588562011719,positive,0.5574,Other / General Feedback
2684,"It is nice app, secure. The problem is, it can not remember accounts I have previously transferred to. I have to manually enter account number every time I want to make transfers. The CBE app remembers previously used accounts. Learn from them.",4,2022-12-09,Dashen,positive,0.9664819240570068,positive,0.4767,Transaction & Payment Issues
2685,It's a great app,5,2022-12-08,Dashen,positive,0.999862790107727,positive,0.6249,Other / General Feedback
2686,Bad app,5,2022-12-07,Dashen,negative,-0.9997212290763855,negative,-0.5423,Other / General Feedback
2687,"The app is good but It could not syncronize the wallet and the telephone number which is attached to my account. It alerts like ''The Mobile Number is Already registered, Search with customer ID xxxxxxxxxxx''. Try to correct it pls.",3,2022-12-06,Dashen,negative,-0.9890667200088501,positive,0.7615,Account Access & Authentication
2688,v. good app,5,2022-11-27,Dashen,positive,0.995270311832428,positive,0.4404,Other / General Feedback
2689,App,5,2022-11-25,Dashen,positive,0.9684573411941528,neutral,0.0,Other / General Feedback
2690,"Best Mobile Money in Ethiopia ,one thing missing ,Content sales like concert tickets ,have to embedded in the app ,users should not got to other channels for tickets sales",5,2022-11-25,Dashen,negative,-0.9862225651741028,positive,0.6705,Transaction & Payment Issues
2691,Amole lite app is the best upgraded version of dashen bank..... I'm happy by this version and I recommend other to used this app... Thank u,5,2022-11-25,Dashen,positive,0.9996452331542969,positive,0.9169,Transaction & Payment Issues
2692,My best app,2,2022-11-23,Dashen,positive,0.9997714161872864,positive,0.6369,Other / General Feedback
2693,Good,5,2022-11-20,Dashen,positive,0.9998161196708679,positive,0.4404,Other / General Feedback
2694,I always love using dashen bank. Its true and simple,5,2022-11-18,Dashen,positive,0.9997848868370056,positive,0.7906,UI & Customer Experience
2695,Great,5,2022-11-18,Dashen,positive,0.9998630285263062,positive,0.6249,Other / General Feedback
2696,Interesting and nice mobile banking platform compare with other private banks,4,2022-11-16,Dashen,positive,0.9997358918190002,positive,0.6705,UI & Customer Experience
2697,"very simple , fast and friendly interface. with the option to use while we r offline (the thing i liked most about it). very good improvement.",5,2022-11-13,Dashen,positive,0.9997695088386536,positive,0.8995,UI & Customer Experience
2698,Best,4,2022-11-10,Dashen,positive,0.9997941851615906,positive,0.6369,Other / General Feedback
2699,good job,1,2022-11-09,Dashen,positive,0.999835729598999,positive,0.4404,Other / General Feedback
2700,Nice,4,2022-11-04,Dashen,positive,0.9998552799224854,positive,0.4215,UI & Customer Experience
2701,Good app,3,2022-11-04,Dashen,positive,0.9998493194580078,positive,0.4404,Other / General Feedback
2702,The structure of the application is okay but it's not work as they expected,1,2022-11-03,Dashen,negative,-0.9995359182357788,positive,0.1154,Other / General Feedback
2703,Excellent,5,2022-11-01,Dashen,positive,0.9998434782028198,positive,0.5719,Other / General Feedback
2704,Simple app,5,2022-10-31,Dashen,positive,0.9935141801834106,neutral,0.0,Other / General Feedback
2705,"It,s ok",5,2022-10-30,Dashen,positive,0.9998308420181274,positive,0.296,Other / General Feedback
2706,Fantastic app,5,2022-10-20,Dashen,positive,0.9998588562011719,positive,0.5574,Other / General Feedback
2707,"Best, app is more accessible by wi_fi rather than mob data, since is better improve on it!!!!",5,2022-10-18,Dashen,negative,-0.6168790459632874,positive,0.9036,Account Access & Authentication
2708,Good app but it needs some improvement on speed and amount transfer limit,5,2022-10-15,Dashen,negative,-0.9882025122642517,positive,0.714,Transaction & Payment Issues
2709,Always one step a head,5,2022-10-11,Dashen,positive,0.9909241795539856,neutral,0.0,Other / General Feedback
2710,"The update description says ""Now you can send funds to your Telebirr Wallet from your bank account"". But it's not available yet please fix it. It is fixed now Thanks 👍",5,2022-09-15,Dashen,negative,-0.9813165664672852,positive,0.3415,Transaction & Payment Issues
2711,"Much better than the Amole app, but still needs some improvements. On the transfer screen, the type of transfers' names are missing. Also some of fonts look faded.",4,2022-09-14,Dashen,negative,-0.9996968507766724,positive,0.2732,Transaction & Payment Issues
2712,Best app ❤,5,2022-09-08,Dashen,positive,0.999170184135437,positive,0.8555,Other / General Feedback
2713,Excellent! The improvements are also appreciated. But the fact that the app doesn't have language option is one point that has to be improved.,1,2022-09-08,Dashen,negative,-0.5486438274383545,positive,0.8622,Other / General Feedback
2714,What I like about Amole is it send otp for every transaction and make your transaction more secure. But it will be more secure if you make otp only via SMS.,5,2022-09-07,Dashen,negative,-0.8808399438858032,positive,0.7299,Account Access & Authentication
2715,The greatest app,5,2022-09-07,Dashen,positive,0.9998036026954651,positive,0.6369,Other / General Feedback
2716,very easy to use and added features! keep it up!!! always one step ahead!,5,2022-09-07,Dashen,positive,0.9998177886009216,positive,0.6554,UI & Customer Experience
2717,good,1,2022-09-03,Dashen,positive,0.9998161196708679,positive,0.4404,Other / General Feedback
2718,Keep your great work. Absolutely wonderful and Secured App. May be the best mobile banking software in the country. If there is 10 stars i will give.,5,2022-08-25,Dashen,positive,0.9998602867126465,positive,0.9456,Other / General Feedback
2719,The best mobile banking app ever in banking industry.I can't complain anymore what a good work colleague's. VAMOS,5,2022-08-15,Dashen,positive,0.999534010887146,positive,0.8485,Other / General Feedback
2720,very nice !! And please add telebirr access same!?,5,2022-08-15,Dashen,positive,0.9996600151062012,positive,0.7406,Account Access & Authentication
2721,"I like the fact that it sends you a SMS message every time your log in to the application. So if a malicious user access my account, I know straight away. This feature is unique. Excellent job Dashen!",4,2022-08-11,Dashen,positive,0.9990050196647644,positive,0.8122,Account Access & Authentication
2722,It is the best app,5,2022-08-11,Dashen,positive,0.9998503923416138,positive,0.6369,Other / General Feedback
2723,Always one step ahead,5,2022-08-02,Dashen,positive,0.9997699856758118,neutral,0.0,Other / General Feedback
2724,Its not god,5,2022-07-30,Dashen,negative,-0.9827607870101929,negative,-0.2057,Other / General Feedback
2725,Great app,5,2022-07-24,Dashen,positive,0.999821126461029,positive,0.6249,Other / General Feedback
2726,Its user friendly 🤙🤙 after using this lite app its fast and easy😊. ‼️remove the first amole app‼️,5,2022-07-18,Dashen,negative,-0.9991980195045471,positive,0.9552,Transaction & Payment Issues
2727,Nice and attractive application developed. Wonderful,5,2022-07-18,Dashen,positive,0.9998834133148193,positive,0.8555,UI & Customer Experience
2728,Amole lite is very simple for any kind of payments. Thank you Dashen Bank!!,5,2022-07-18,Dashen,positive,0.9980418682098389,positive,0.4738,Transaction & Payment Issues
2729,I have been waiting for this a long time. Amazing app...Thanks Dashen Bank...Always one step ahead.,5,2022-07-16,Dashen,positive,0.9998321533203125,positive,0.5859,Other / General Feedback
2730,This app is simple to use and has  receipts for all transactions. Really enjoying it,5,2022-07-16,Dashen,positive,0.9996896982192993,positive,0.5709,Transaction & Payment Issues
2731,Very easy to use and improved performance. 👌 The functionalities are also well put. Highly recommended. Thank you Dashen!!,5,2022-07-16,Dashen,positive,0.9998612403869629,positive,0.9583,UI & Customer Experience
2732,It is very easy and fast,5,2022-07-16,Dashen,positive,0.9995892643928528,positive,0.4927,UI & Customer Experience
2733,Perfect application. Thank you Dashen Bank,5,2022-07-16,Dashen,positive,0.9998667240142822,positive,0.7351,UI & Customer Experience
2734,Amole lite is very easy and looks very good. I advice everyone to download and use the app.,5,2022-07-16,Dashen,positive,0.999816358089447,positive,0.7496,Transaction & Payment Issues
